 	Label	BiologicalReplicate	CellArea	CellMean	CellTotalFluorescence	CellMin	CellMax	CellStd	X_PoleDim	Y_PoleDim	AreaPoleDim	MeanPoleDim	TotalFluorescencePoleDim	MinPoleDim	MaxPoleDim	StdPoleDim	Nb_Pili_PoleDim	Nb_Flagella_PoleDim	X_PoleBright	Y_PoleBright	AreaPoleBright	MeanPoleBright	TotalFluorescencePoleBright	MinPoleBright	MaxPoleBright	StdPoleBright	Nb_Pili_PoleBright	Nb_Flagella_PoleBright	PolarRatio	Strain	Growth	Cell_ID	Pole_RadiusDim	Pole_RadiusBright
1	mNG_PilG_fliC-_sol_Microchannel_BR1_0_event1_tirf_RAW_Stack.tif	1	656	91.09451	59758	43	279	38.93251	234	215	137	101.39416	13891	42	198	43.34766	1	0	199	230	137	119.21168	16332	38	279	59.32592	4	0	1.42664	mNG_PilG_fliC-	Solid	1	12.64911	12.64911
1	mNG_PilG_fliC-_sol_Microchannel_BR1_0_event2_tirf_RAW_Stack.tif	1	821	95.03045	78020	39	217	29.51007	214.91435	229.3097	208	82.97596	17259	33	140	31.28233	0	0	241.97027	198.58858	208	96.26442	20023	37	217	41.81998	1	0	0.89097	mNG_PilG_fliC-	Solid	1	15.03734	15.03734
2	mNG_PilG_fliC-_sol_Microchannel_BR1_0_event2_tirf_RAW_Stack.tif	1	1026	76.90253	78902	39	162	21.49183	270	317	156	82.51923	12873	41	148	26.03235	1	0	287	378	156	87.26923	13614	42	162	32.07116	2	0	1.15643	mNG_PilG_fliC-	Solid	2	13.17083	13.17083
1	mNG_PilG_fliC-_sol_Microchannel_BR1_1_event10_tirf_RAW_Stack.tif	1	675	156.84444	105870	57	409	56.39757	363.29245	183.36275	156	157.16026	24517	50	313	63.18141	4	0	349.56812	216.5797	156	170.05128	26528	64	409	77.87714	1	0	1.08324	mNG_PilG_fliC-	Solid	1	13.82974	13.82974
1	mNG_PilG_fliC-_sol_Microchannel_BR1_1_event11_tirf_RAW_Stack.tif	1	602	82.95847	49941	43	169	22.25439	328	296	69	84.37681	5822	57	106	14.11726	0	0	296	296	69	114.62319	7909	65	169	27.43393	1	0	1.27501	mNG_PilG_fliC-	Solid	1	8.59897	8.59897
1	mNG_PilG_fliC-_sol_Microchannel_BR1_1_event12_tirf_RAW_Stack.tif	1	972	107.06379	104066	47	257	34.9777	232.00564	273.20949	177	98.88701	17503	36	180	38.62331	0	0	251.52286	224.00062	177	128.09605	22673	53	257	50.6939	3	0	1.09779	mNG_PilG_fliC-	Solid	1	14.85192	14.85192
1	mNG_PilG_fliC-_sol_Microchannel_BR1_1_event13_tirf_RAW_Stack.tif	1	774	75.69897	58591	37	182	22.76674	88	219	156	72.89103	11371	40	97	13.87017	0	0	87	262	156	90.19231	14070	31	182	38.4322	3	0	1.13642	mNG_PilG_fliC-	Solid	1	13.0192	13.0192
1	mNG_PilG_fliC-_sol_Microchannel_BR1_1_event14_tirf_RAW_Stack.tif	1	1038	90.24566	93675	39	298	36.53857	364.13559	382.15626	177	85.61582	15154	30	175	39.5447	1	0	330	333	177	123.23164	21812	47	298	60.30206	4	0	1.25951	mNG_PilG_fliC-	Solid	1	14.01184	14.01184
1	mNG_PilG_fliC-_sol_Microchannel_BR1_1_event15_tirf_RAW_Stack.tif	1	1001	109.64236	109752	47	466	54.53734	289	213	137	130.39416	17864	44	263	55.71188	3	0	259.07529	266.57777	137	175.16058	23997	48	466	105.39172	3	0	1.63599	mNG_PilG_fliC-	Solid	1	12.46724	12.46724
1	mNG_PilG_fliC-_sol_Microchannel_BR1_1_event16_tirf_RAW_Stack.tif	1	925	79.68973	73713	21	215	35.60637	365.01798	128.43867	177	86.06215	15233	12	215	56.39765	2	0	334	90	177	97.0791	17183	31	191	41.51991	6	0	1.26612	mNG_PilG_fliC-	Solid	1	14.93303	14.93303
1	mNG_PilG_fliC-_sol_Microchannel_BR1_1_event17_tirf_RAW_Stack.tif	1	962	87.84407	84506	44	178	23.33016	327	314	156	84.01282	13106	37	148	30.88292	2	0	342	256	156	92.1859	14381	38	178	33.79383	2	0	1.00431	mNG_PilG_fliC-	Solid	1	13.95094	13.95094
1	mNG_PilG_fliC-_sol_Microchannel_BR1_1_event18_tirf_RAW_Stack.tif	1	716	101.33659	72557	47	252	31.34335	228.08699	219.41525	69	99.50725	6866	50	134	25.94316	0	0	265	206	69	143.81159	9923	69	252	51.77845	2	0	1.26092	mNG_PilG_fliC-	Solid	1	8.76697	8.76697
1	mNG_PilG_fliC-_sol_Microchannel_BR1_1_event19_tirf_RAW_Stack.tif	1	803	92.52802	74300	41	298	37.38737	239.03736	213.32532	156	78.12179	12187	33	119	22.17739	2	0	200.38197	231.57485	156	125.57692	19590	46	298	64.00484	4	0	1.17602	mNG_PilG_fliC-	Solid	1	13.65443	13.65443
1	mNG_PilG_fliC-_sol_Microchannel_BR1_1_event2_tirf_RAW_Stack.tif	1	766	117.45561	89971	53	241	36.01793	272.69729	287.45519	177	120.28249	21290	46	241	51.2926	0	0	235	278	177	120.50847	21330	56	178	33.19452	2	0	1.04756	mNG_PilG_fliC-	Solid	1	14.92864	14.92864
1	mNG_PilG_fliC-_sol_Microchannel_BR1_1_event20_tirf_RAW_Stack.tif	1	939	137.94888	129534	48	612	84.72432	406.8409	245.44409	156	133.87821	20885	58	281	57.52243	5	0	358	264	156	259.39103	40465	81	612	139.70201	6	0	1.80819	mNG_PilG_fliC-	Solid	1	13.25263	13.25263
1	mNG_PilG_fliC-_sol_Microchannel_BR1_1_event21_tirf_RAW_Stack.tif	1	824	111.44417	91830	52	201	30.88184	357.42496	249.68656	156	102.27564	15955	38	189	37.33071	1	0	315	237	156	121.04487	18883	56	201	38.31253	3	0	1.00312	mNG_PilG_fliC-	Solid	1	13.94033	13.94033
1	mNG_PilG_fliC-_sol_Microchannel_BR1_1_event22_tirf_RAW_Stack.tif	1	974	84.97844	82769	28	317	44.53619	228	300	177	84.53107	14962	14	223	52.50909	3	0	193	260	177	116.57062	20633	34	317	71.64041	0	0	1.32152	mNG_PilG_fliC-	Solid	1	14.01184	14.01184
1	mNG_PilG_fliC-_sol_Microchannel_BR1_1_event23_tirf_RAW_Stack.tif	1	1167	86.88946	101400	42	205	26.20042	128.5865	253.98598	177	90.93785	16096	43	181	35.62672	2	0	146.10088	183.93591	177	95.15254	16842	37	205	40.94473	3	0	1.10493	mNG_PilG_fliC-	Solid	1	14.38241	14.38241
1	mNG_PilG_fliC-_sol_Microchannel_BR1_1_event27_tirf_RAW_Stack.tif	1	906	88.50773	80188	47	312	36.36589	266.60144	348.46521	137	71.40146	9782	46	102	15.77529	2	0	240	303	137	141.83212	19431	61	312	61.58323	3	0	1.32186	mNG_PilG_fliC-	Solid	1	12.98986	12.98986
1	mNG_PilG_fliC-_sol_Microchannel_BR1_1_event28_tirf_RAW_Stack.tif	1	783	67.6986	53008	38	160	19.59693	220.19572	395.95065	156	56.96795	8887	30	84	15.40566	0	0	241	435	156	83.20513	12980	39	160	32.41042	3	0	1.06004	mNG_PilG_fliC-	Solid	1	13.50894	13.50894
1	mNG_PilG_fliC-_sol_Microchannel_BR1_1_event29_tirf_RAW_Stack.tif	1	1062	66.40019	70517	23	174	24.59119	175.43795	211.34365	156	67.42308	10518	21	174	36.79832	5	0	216	260	156	67.78846	10575	18	139	35.75689	2	0	1.0259	mNG_PilG_fliC-	Solid	1	13.89244	13.89244
1	mNG_PilG_fliC-_sol_Microchannel_BR1_1_event30_tirf_RAW_Stack.tif	1	932	92.12876	85864	37	197	30.52087	270.93126	198.6484	208	83.89904	17451	34	162	34.35471	2	0	234.01504	227.28232	208	88.96635	18505	19	197	41.66735	1	0	0.89363	mNG_PilG_fliC-	Solid	1	15.28885	15.28885
2	mNG_PilG_fliC-_sol_Microchannel_BR1_1_event30_tirf_RAW_Stack.tif	1	1420	132.0331	187487	49	476	60.38535	289.36996	368.66092	156	123.85256	19321	30	290	58.0499	6	0	257	288	156	193.84615	30240	48	476	106.49447	3	0	1.27608	mNG_PilG_fliC-	Solid	2	13.72604	13.72604
1	mNG_PilG_fliC-_sol_Microchannel_BR1_1_event4_tirf_RAW_Stack.tif	1	842	93.03325	78334	45	198	25.65399	211.06657	188.7287	177	83	14691	42	127	26.8671	0	0	165	176	177	94.40678	16710	37	198	38.1859	2	0	0.92232	mNG_PilG_fliC-	Solid	1	14.59194	14.59194
1	mNG_PilG_fliC-_sol_Microchannel_BR1_1_event5_tirf_RAW_Stack.tif	1	1371	116.92779	160308	52	396	46.63461	261.34648	287.2101	177	137.72881	24378	46	337	73.6915	4	0	233	213	177	149.72316	26501	61	396	74.4123	5	0	1.33575	mNG_PilG_fliC-	Solid	1	14.57997	14.57997
1	mNG_PilG_fliC-_sol_Microchannel_BR1_1_event6_tirf_RAW_Stack.tif	1	2428	122.29283	296927	38	332	44.24688	293	181	177	155.90395	27595	59	293	57.09867	3	0	293	181	177	155.90395	27595	59	293	57.09867	4	0	1.33759	mNG_PilG_fliC-	Solid	1	14.43303	14.43303
1	mNG_PilG_fliC-_sol_Microchannel_BR1_1_event7_tirf_RAW_Stack.tif	1	827	106.38452	87980	51	211	28.96507	304.5295	156.04092	177	99.36158	17587	35	163	30.40436	3	0	288.95554	196.14852	177	109.0452	19301	45	211	40.99083	4	0	0.9647	mNG_PilG_fliC-	Solid	1	14.92353	14.92353
1	mNG_PilG_fliC-_sol_Microchannel_BR1_1_event9_tirf_RAW_Stack.tif	1	844	88.44668	74649	44	246	34.98026	173	220	137	101.06569	13846	37	246	55.52228	2	0	124	204	137	118.06569	16175	50	243	47.19051	1	0	1.3994	mNG_PilG_fliC-	Solid	1	12.73378	12.73378
1	mNG_PilG_fliC-_sol_Microchannel_BR2_0_event10_tirf_RAW_Stack.tif	2	872	102.06193	88998	42	371	47.64231	202	233	80	130.775	10462	70	213	36.08709	2	0	142	249	80	210.475	16838	78	371	76.4742	4	0	1.96903	mNG_PilG_fliC-	Solid	1	9.94937	9.94937
1	mNG_PilG_fliC-_sol_Microchannel_BR2_0_event11_tirf_RAW_Stack.tif	2	850	110.03059	93526	63	466	53.8481	303.38476	240.30991	80	128.3	10264	66	215	39.77004	1	0	239.52068	214.92882	80	154.725	12378	62	461	106.48551	3	0	1.37751	mNG_PilG_fliC-	Solid	1	9.82993	9.82993
1	mNG_PilG_fliC-_sol_Microchannel_BR2_0_event12_tirf_RAW_Stack.tif	2	789	192.28264	151711	95	277	46.55276	250.7977	265.34216	156	171.30769	26724	71	260	55.09495	0	0	299.2267	266.12603	156	185.33333	28912	71	274	63.90197	0	0	0.88534	mNG_PilG_fliC-	Solid	1	13.65891	13.65891
1	mNG_PilG_fliC-_sol_Microchannel_BR2_0_event13_tirf_RAW_Stack.tif	2	689	124.67489	85901	53	553	89.03765	237.62807	263.4809	137	75.48905	10342	41	100	16.08485	0	0	199	266	137	252.87591	34644	89	553	132.14166	3	0	1.6653	mNG_PilG_fliC-	Solid	1	12.78011	12.78011
1	mNG_PilG_fliC-_sol_Microchannel_BR2_0_event14_tirf_RAW_Stack.tif	2	1060	78.45189	83159	40	183	23.648	188.21207	334.65767	156	79.58974	12416	29	161	33.64096	1	0	126	304	156	91.91026	14338	39	183	36.50848	1	0	1.13715	mNG_PilG_fliC-	Solid	1	13.36732	13.36732
1	mNG_PilG_fliC-_sol_Microchannel_BR2_0_event15_tirf_RAW_Stack.tif	2	1024	158.58887	162395	55	515	81.39215	307	209	156	182.46795	28465	55	419	90.04769	2	0	366	217	156	263.30769	41076	66	515	129.4291	2	0	1.70909	mNG_PilG_fliC-	Solid	1	13.68867	13.68867
1	mNG_PilG_fliC-_sol_Microchannel_BR2_0_event16_tirf_RAW_Stack.tif	2	1303	87.32694	113787	50	279	27.81797	212.12025	228.17447	177	85.70056	15169	42	161	28.17469	1	0	295	236	177	111.35028	19709	47	279	58.0197	3	0	1.18492	mNG_PilG_fliC-	Solid	1	14.43292	14.43292
1	mNG_PilG_fliC-_sol_Microchannel_BR2_0_event18_tirf_RAW_Stack.tif	2	883	91.3137	80630	46	228	28.12876	295.30184	231.19329	137	92.64964	12693	49	150	27.2679	0	0	281	283	137	109.15328	14954	39	228	52.85286	2	0	1.15979	mNG_PilG_fliC-	Solid	1	12.84376	12.84376
1	mNG_PilG_fliC-_sol_Microchannel_BR2_0_event19_tirf_RAW_Stack.tif	2	1296	81.19676	105231	37	352	41.39467	268	313	112	126.46429	14164	46	268	58.35275	3	0	193	272	112	159.24107	17835	66	352	72.99676	2	0	2.09114	mNG_PilG_fliC-	Solid	1	11.85515	11.85515
1	mNG_PilG_fliC-_sol_Microchannel_BR2_0_event2_tirf_RAW_Stack.tif	2	954	87.68239	83649	38	268	32.31259	332.95974	211.04204	69	66.53623	4591	53	100	9.50941	0	0	399	220	69	99.72464	6881	43	159	33.58741	0	0	0.93983	mNG_PilG_fliC-	Solid	1	8.1891	8.1891
1	mNG_PilG_fliC-_sol_Microchannel_BR2_0_event20_tirf_RAW_Stack.tif	2	1021	90.19099	92085	43	258	33.2174	265.41341	335.76542	177	102.0113	18056	36	258	53.78345	3	0	266	275	177	103.38418	18299	33	224	46.12396	1	0	1.22913	mNG_PilG_fliC-	Solid	1	14.51665	14.51665
1	mNG_PilG_fliC-_sol_Microchannel_BR2_0_event23_tirf_RAW_Stack.tif	2	1841	85.43455	157285	41	434	46.60331	337.74251	200.09407	293	110.99659	32522	42	335	64.42158	2	0	246	208	293	113.8157	33348	39	434	81.82591	3	0	1.54318	mNG_PilG_fliC-	Solid	1	18.64383	18.64383
1	mNG_PilG_fliC-_sol_Microchannel_BR2_0_event24_tirf_RAW_Stack.tif	2	1160	81.30345	94312	38	256	30.91087	390.78959	176.43937	177	84.68927	14990	33	180	38.98105	0	0	328	143	177	114.13559	20202	46	256	49.89391	3	0	1.35532	mNG_PilG_fliC-	Solid	1	14.31744	14.31744
2	mNG_PilG_fliC-_sol_Microchannel_BR2_0_event24_tirf_RAW_Stack.tif	2	1221	78.51597	95868	35	255	31.54938	183.19039	341.48529	112	104.51786	11706	35	221	50.5109	2	0	116	297	112	126.49107	14167	54	255	50.53498	3	0	1.64523	mNG_PilG_fliC-	Solid	2	11.91394	11.91394
1	mNG_PilG_fliC-_sol_Microchannel_BR2_0_event25_tirf_RAW_Stack.tif	2	1252	81.27796	101760	41	255	31.09575	250.06585	225.66204	156	101.14103	15778	39	231	48.03728	2	0	183	189	156	110.16667	17186	50	255	50.57908	3	0	1.44361	mNG_PilG_fliC-	Solid	1	13.61705	13.61705
1	mNG_PilG_fliC-_sol_Microchannel_BR2_0_event26_tirf_RAW_Stack.tif	2	946	88.57928	83796	42	217	29.43982	228.41471	250.91349	156	99.14103	15466	41	217	44.34708	1	0	268	210	156	101.83333	15886	42	210	42.7925	2	0	1.2148	mNG_PilG_fliC-	Solid	1	13.4703	13.4703
1	mNG_PilG_fliC-_sol_Microchannel_BR2_0_event27_tirf_RAW_Stack.tif	2	953	81.54774	77715	39	346	40.37919	247.19034	349.15971	156	64.76923	10104	29	94	18.55414	0	0	203	320	156	134.62821	21002	53	346	72.47489	5	0	1.37113	mNG_PilG_fliC-	Solid	1	13.92839	13.92839
1	mNG_PilG_fliC-_sol_Microchannel_BR2_0_event28_tirf_RAW_Stack.tif	2	984	87.36179	85964	44	219	28.21822	336.70228	258.21629	177	94.61017	16746	40	184	34.44842	1	0	283.36166	265.26383	177	107.16949	18969	42	219	42.76674	3	0	1.26491	mNG_PilG_fliC-	Solid	1	14.79676	14.79676
1	mNG_PilG_fliC-_sol_Microchannel_BR2_0_event3_tirf_RAW_Stack.tif	2	822	92.14477	75743	50	363	42.88056	207	163	80	108.4875	8679	48	176	35.94088	1	0	214	98	80	184.75	14780	89	363	79.06455	3	0	1.85643	mNG_PilG_fliC-	Solid	1	9.82993	9.82993
1	mNG_PilG_fliC-_sol_Microchannel_BR2_0_event30_tirf_RAW_Stack.tif	2	1093	82.56908	90248	37	345	39.28696	263.35179	264.2411	208	82.77885	17218	38	187	34.34282	0	0	217.39345	287.25727	208	115.90865	24109	38	345	68.79485	1	0	1.37478	mNG_PilG_fliC-	Solid	1	15.77158	15.77158
1	mNG_PilG_fliC-_sol_Microchannel_BR2_0_event4_tirf_RAW_Stack.tif	2	610	109.29672	66671	56	191	26.35289	236.8545	237.17047	137	102.0292	13978	35	178	37.76844	1	0	273.07958	226.60345	137	110.40146	15125	50	191	38.16421	0	0	0.94997	mNG_PilG_fliC-	Solid	1	12.26742	12.26742
1	mNG_PilG_fliC-_sol_Microchannel_BR2_0_event5_tirf_RAW_Stack.tif	2	792	87.41162	69230	48	192	21.83549	188	228	137	91.62044	12552	48	133	21.44594	0	0	225	266	137	98.89781	13549	41	192	39.97504	0	0	1.14411	mNG_PilG_fliC-	Solid	1	12.38476	12.38476
1	mNG_PilG_fliC-_sol_Microchannel_BR2_0_event6_tirf_RAW_Stack.tif	2	634	112.17981	71122	57	379	48.07389	331.12143	250.92005	97	122.40206	11873	61	199	36.97653	0	0	311.54163	293.38741	97	176.08247	17080	60	379	85.93829	3	0	1.55722	mNG_PilG_fliC-	Solid	1	10.53298	10.53298
1	mNG_PilG_fliC-_sol_Microchannel_BR2_0_event7_tirf_RAW_Stack.tif	2	862	99.13805	85457	53	269	30.49523	303	281	112	109.16071	12226	54	183	32.56056	0	0	365.15457	279.20112	112	134.83929	15102	48	269	58.15954	0	0	1.33902	mNG_PilG_fliC-	Solid	1	11.93511	11.93511
1	mNG_PilG_fliC-_sol_Microchannel_BR2_0_event8_tirf_RAW_Stack.tif	2	670	76.3194	51134	42	187	22.82813	284.98123	255.17105	97	86	8342	49	128	23.56551	0	0	236.85334	269.26666	97	102.54639	9947	41	187	40.3908	1	0	1.36624	mNG_PilG_fliC-	Solid	1	10.30716	10.30716
1	mNG_PilG_fliC-_sol_Microchannel_BR3_0_event10_tirf_RAW_Stack.tif	3	1050	137.03619	143888	68	462	59.02886	335.3569	248.21332	156	137.07692	21384	53	258	56.70905	2	0	274	238	156	222.85256	34765	84	462	98.84963	2	0	1.51374	mNG_PilG_fliC-	Solid	1	13.37904	13.37904
1	mNG_PilG_fliC-_sol_Microchannel_BR3_0_event11_tirf_RAW_Stack.tif	3	792	77.84975	61657	36	157	22.46394	226	280	156	81.50641	12715	36	139	26.15426	1	0	190.11512	302.64268	156	87.69872	13681	42	157	29.46215	1	0	1.15168	mNG_PilG_fliC-	Solid	1	13.95224	13.95224
1	mNG_PilG_fliC-_sol_Microchannel_BR3_0_event12_tirf_RAW_Stack.tif	3	1140	59.95702	68351	18	275	35.49597	241	280	156	102.78846	16035	29	275	61.3	1	0	241	280	156	102.78846	16035	29	275	61.3	2	0	2.34582	mNG_PilG_fliC-	Solid	1	13.45362	13.45362
1	mNG_PilG_fliC-_sol_Microchannel_BR3_0_event14_tirf_RAW_Stack.tif	3	1107	82.42367	91243	47	198	22.16322	281.22253	209.43119	177	83.88701	14848	40	167	29.94253	2	0	337.09904	174.0786	177	92.77401	16421	43	198	37.45929	3	0	1.10903	mNG_PilG_fliC-	Solid	1	14.34661	14.34661
1	mNG_PilG_fliC-_sol_Microchannel_BR3_0_event15_tirf_RAW_Stack.tif	3	1081	70.50046	76211	32	174	24.05169	336	306	156	90.10256	14056	35	162	31.62016	1	0	277	331	156	91.61538	14292	37	174	35.08303	0	0	1.4598	mNG_PilG_fliC-	Solid	1	13.44622	13.44622
1	mNG_PilG_fliC-_sol_Microchannel_BR3_0_event16_tirf_RAW_Stack.tif	3	917	72.20829	66215	40	230	26.4269	160.76131	274.69649	156	74.27564	11587	38	112	19.55491	0	0	109	258	156	101.02564	15760	41	230	47.07015	2	0	1.36433	mNG_PilG_fliC-	Solid	1	13.30074	13.30074
1	mNG_PilG_fliC-_sol_Microchannel_BR3_0_event17_tirf_RAW_Stack.tif	3	1188	81.02189	96254	38	241	31.17064	204	246	156	104.39744	16286	39	224	44.03396	2	0	171	310	156	106.14744	16559	42	241	49.83933	3	0	1.45435	mNG_PilG_fliC-	Solid	1	13.26219	13.26219
1	mNG_PilG_fliC-_sol_Microchannel_BR3_0_event18_tirf_RAW_Stack.tif	3	974	78.56776	76525	37	242	28.1328	246.95269	251.76187	177	80.49718	14248	39	160	30.7732	0	0	189	253	177	96.59887	17098	40	242	47.56673	0	0	1.21516	mNG_PilG_fliC-	Solid	1	14.17674	14.17674
1	mNG_PilG_fliC-_sol_Microchannel_BR3_0_event19_tirf_RAW_Stack.tif	3	811	79.90136	64800	37	251	31.19493	283.98385	308.53891	156	67.33974	10505	32	102	20.19629	0	0	247	330	156	112.62821	17570	45	251	49.84754	0	0	1.22265	mNG_PilG_fliC-	Solid	1	13.95965	13.95965
1	mNG_PilG_fliC-_sol_Microchannel_BR3_0_event2_tirf_RAW_Stack.tif	3	1149	94.03568	108047	43	284	38.96563	288	303	177	108.62712	19227	39	284	63.14645	0	0	227	274	177	121.60452	21524	46	271	55.29211	2	0	1.35992	mNG_PilG_fliC-	Solid	1	14.59194	14.59194
1	mNG_PilG_fliC-_sol_Microchannel_BR3_0_event20_tirf_RAW_Stack.tif	3	894	77.23154	69045	38	179	24.81445	199	236	156	87.88462	13710	38	168	32.9018	1	0	250	238	156	90.41667	14105	41	179	37.1242	0	0	1.25844	mNG_PilG_fliC-	Solid	1	13.59027	13.59027
1	mNG_PilG_fliC-_sol_Microchannel_BR3_0_event21_tirf_RAW_Stack.tif	3	763	73.61861	56171	38	228	27.2	252	237	137	71.37956	9779	31	109	19.22741	1	0	266	280	137	99.9635	13695	38	228	48.50355	3	0	1.28126	mNG_PilG_fliC-	Solid	1	12.76498	12.76498
1	mNG_PilG_fliC-_sol_Microchannel_BR3_0_event22_tirf_RAW_Stack.tif	3	1109	82.81335	91840	43	332	36.48743	221	237	137	93.23358	12773	40	174	31.17061	1	0	287	269	137	130.94891	17940	42	332	75.70457	2	0	1.53118	mNG_PilG_fliC-	Solid	1	12.30651	12.30651
1	mNG_PilG_fliC-_sol_Microchannel_BR3_0_event23_tirf_RAW_Stack.tif	3	755	77.50993	58520	37	178	23.29384	202	208	156	79.16026	12349	39	127	22.10401	1	0	227.90029	241.57392	156	85.05769	13269	28	178	38.0199	2	0	1.10553	mNG_PilG_fliC-	Solid	1	13.60147	13.60147
1	mNG_PilG_fliC-_sol_Microchannel_BR3_0_event24_tirf_RAW_Stack.tif	3	1152	70.78125	81540	39	171	19.80936	292.8523	363.53675	156	76.49359	11933	38	148	29.10193	2	0	301	285	156	84.01923	13107	36	171	32.88386	2	0	1.19319	mNG_PilG_fliC-	Solid	1	13.0384	13.0384
1	mNG_PilG_fliC-_sol_Microchannel_BR3_0_event25_tirf_RAW_Stack.tif	3	1097	72.60802	79651	34	206	25.36413	156.19558	274.94612	177	76.10734	13471	30	170	35.80574	2	0	107	234	177	90.71186	16056	39	206	40.57627	1	0	1.2364	mNG_PilG_fliC-	Solid	1	14.15985	14.15985
1	mNG_PilG_fliC-_sol_Microchannel_BR3_0_event26_tirf_RAW_Stack.tif	3	1123	90.78094	101947	40	362	41.96378	209	229	156	111.42308	17382	56	214	39.37463	2	0	250.87501	277.38299	156	138.91667	21671	44	362	78.26168	2	0	1.61403	mNG_PilG_fliC-	Solid	1	13.93791	13.93791
1	mNG_PilG_fliC-_sol_Microchannel_BR3_0_event27_tirf_RAW_Stack.tif	3	672	88.81101	59681	42	260	31.37103	249.3877	266.81843	137	76.83942	10527	38	105	18.80012	0	0	259	230	137	115.51825	15826	39	260	51.89116	1	0	1.14856	mNG_PilG_fliC-	Solid	1	12.67083	12.67083
1	mNG_PilG_fliC-_sol_Microchannel_BR3_0_event28_tirf_RAW_Stack.tif	3	1164	73.0043	84977	36	214	24.74035	305.89792	325.71427	156	77.40385	12075	26	155	32.51377	3	0	244	287	156	101.47436	15830	46	214	39.72802	1	0	1.33519	mNG_PilG_fliC-	Solid	1	13.86094	13.86094
1	mNG_PilG_fliC-_sol_Microchannel_BR3_0_event29_tirf_RAW_Stack.tif	3	781	77.39821	60448	41	137	17.79741	285.05625	259.3241	137	68.59854	9398	37	107	17.48212	2	0	305	220	137	84.85401	11625	42	137	24.48936	2	0	0.98669	mNG_PilG_fliC-	Solid	1	12.89286	12.89286
1	mNG_PilG_fliC-_sol_Microchannel_BR3_0_event3_tirf_RAW_Stack.tif	3	530	90.01321	47707	52	152	20.13456	315.95396	258.36483	137	89.40146	12248	49	152	27.27298	0	0	302	234	137	98.79562	13535	59	137	18.72523	1	0	1.09876	mNG_PilG_fliC-	Solid	1	12.81148	12.81148
1	mNG_PilG_fliC-_sol_Microchannel_BR3_0_event30_tirf_RAW_Stack.tif	3	839	71.30274	59823	35	174	20.82445	268	311	177	65.22599	11545	35	93	15.97672	1	0	277	267	177	78.9774	13979	35	174	33.07961	2	0	1.01954	mNG_PilG_fliC-	Solid	1	14.2443	14.2443
1	mNG_PilG_fliC-_sol_Microchannel_BR3_0_event31_tirf_RAW_Stack.tif	3	1409	77.95245	109835	37	260	26.38795	212.39205	157.58997	177	76	13452	27	156	30.30189	2	0	163	226	177	100.0565	17710	36	260	53.72676	3	0	1.18045	mNG_PilG_fliC-	Solid	1	14.48875	14.48875
1	mNG_PilG_fliC-_sol_Microchannel_BR3_0_event4_tirf_RAW_Stack.tif	3	814	80.51474	65539	25	400	51.53865	260.93059	251.08043	156	71.75	11193	22	157	34.42947	2	0	240	209	156	136.15385	21240	34	400	90.69148	4	0	1.57627	mNG_PilG_fliC-	Solid	1	13.33605	13.33605
1	mNG_PilG_fliC-_sol_Microchannel_BR3_0_event6_tirf_RAW_Stack.tif	3	782	72.23146	56485	39	188	26.54427	238.60841	274.3235	156	54.10897	8441	35	168	20.76243	2	0	278	304	156	84.15385	13128	37	169	34.48911	0	0	0.93057	mNG_PilG_fliC-	Solid	1	13.0384	13.0384
2	mNG_PilG_fliC-_sol_Microchannel_BR3_0_event6_tirf_RAW_Stack.tif	3	658	75.87538	49926	40	204	25.32209	332	267	112	90.73214	10162	47	142	23.95603	2	0	364	246	112	100.4375	11249	45	204	39.13589	1	0	1.45481	mNG_PilG_fliC-	Solid	2	11.7424	11.7424
1	mNG_PilG_fliC-_sol_Microchannel_BR3_0_event7_tirf_RAW_Stack.tif	3	856	65.04907	55682	32	112	15.42353	173.67266	301.58151	177	60.59887	10726	39	89	13.69815	1	0	135.08751	325.02448	177	68.72316	12164	34	112	21.17211	2	0	0.98987	mNG_PilG_fliC-	Solid	1	14.54132	14.54132
1	mNG_PilG_fliC-_sol_Microchannel_BR3_0_event8_tirf_RAW_Stack.tif	3	752	57.375	43146	12	141	22.12247	268.02619	285.14697	112	39.46429	4420	18	89	13.54135	0	0	274	293	112	72.70536	8143	35	117	23.58448	2	0	0.96828	mNG_PilG_fliC-	Solid	1	11.88862	11.88862
1	mNG_PilG_fliC-_sol_Microchannel_BR3_0_event9_tirf_RAW_Stack.tif	3	1183	71.35672	84415	35	243	26.74631	357.1446	361.79832	137	67.81752	9291	32	115	23.47033	2	0	349	286	137	116.64964	15981	49	243	47.80838	0	0	1.41759	mNG_PilG_fliC-	Solid	1	12.5208	12.5208
1	mNG_PilG_fliC-_sol_Microchannel_BR4_0_event10_tirf_RAW_Stack.tif	4	734	89.05722	65368	41	300	41.63994	216	238	80	112.675	9014	41	187	39.16592	6	0	162	227	80	173.3125	13865	86	300	61.51929	4	0	1.93176	mNG_PilG_fliC-	Solid	1	9.5	9.5
1	mNG_PilG_fliC-_sol_Microchannel_BR4_0_event11_tirf_RAW_Stack.tif	4	914	67.69147	61870	24	371	48.39085	209	297	80	70.35	5628	30	130	28.24132	3	0	256	240	80	185.0375	14803	43	371	90.18974	4	0	2.32344	mNG_PilG_fliC-	Solid	1	9.2202	9.2202
1	mNG_PilG_fliC-_sol_Microchannel_BR4_0_event12_tirf_RAW_Stack.tif	4	1798	71.01835	127691	35	279	34.37286	239	328	97	94.60825	9177	37	176	35.56261	6	0	296	226	97	162.06186	15720	64	279	61.46269	5	0	2.00254	mNG_PilG_fliC-	Solid	1	10.51366	10.51366
1	mNG_PilG_fliC-_sol_Microchannel_BR4_0_event13_tirf_RAW_Stack.tif	4	921	62.14875	57239	31	129	16.59212	281	233	52	78.5	4082	48	101	15.89858	0	0	233	258	52	93.25	4849	54	129	21.19274	2	0	1.45234	mNG_PilG_fliC-	Solid	1	7.93342	7.93342
1	mNG_PilG_fliC-_sol_Microchannel_BR4_0_event14_tirf_RAW_Stack.tif	4	1060	63.42264	67228	20	230	32.46351	265	211	177	75.76271	13410	19	166	39.97002	2	0	218	185	177	92.74576	16416	18	230	49.85659	6	0	1.59038	mNG_PilG_fliC-	Solid	1	14.1774	14.1774
1	mNG_PilG_fliC-_sol_Microchannel_BR4_0_event15_tirf_RAW_Stack.tif	4	1005	63.60896	63927	32	140	17.89482	238.93315	237.99616	177	60.96045	10790	29	117	21.4964	1	0	252.71032	297.85717	177	67.0565	11869	27	140	28.41949	3	0	1.00973	mNG_PilG_fliC-	Solid	1	14.51665	14.51665
1	mNG_PilG_fliC-_sol_Microchannel_BR4_0_event16_tirf_RAW_Stack.tif	4	920	59.725	54947	32	169	20.90981	262.55678	296.82479	137	67.80292	9289	28	129	27.39843	1	0	214	270	137	80.85401	11077	34	169	33.43817	5	0	1.38851	mNG_PilG_fliC-	Solid	1	12.60328	12.60328
1	mNG_PilG_fliC-_sol_Microchannel_BR4_0_event17_tirf_RAW_Stack.tif	4	1097	49.34275	54129	27	88	11.01505	241	372	177	48.14124	8521	25	70	11.28642	0	0	240	433	177	53.97175	9553	26	88	15.96033	2	0	1.05214	mNG_PilG_fliC-	Solid	1	14.31782	14.31782
1	mNG_PilG_fliC-_sol_Microchannel_BR4_0_event19_tirf_RAW_Stack.tif	4	868	60.80991	52783	33	147	19.77397	236.49273	265.11531	177	66.50282	11771	30	144	27.96896	2	0	250.94052	221.02647	177	71.24294	12610	37	147	26.54826	1	0	1.24641	mNG_PilG_fliC-	Solid	1	14.64414	14.64414
1	mNG_PilG_fliC-_sol_Microchannel_BR4_0_event2_tirf_RAW_Stack.tif	4	1292	73.57972	95065	21	307	39.48545	265.83663	235.12413	156	80.5641	12568	18	202	47.40467	3	0	302	160	156	127.73718	19927	18	307	71.93331	5	0	1.63126	mNG_PilG_fliC-	Solid	1	13.0495	13.0495
1	mNG_PilG_fliC-_sol_Microchannel_BR4_0_event20_tirf_RAW_Stack.tif	4	830	71.11687	59027	34	155	23.51679	209.5462	315.57915	156	79.33333	12376	34	154	32.47974	0	0	230	273	156	83.85897	13082	35	155	30.67193	2	0	1.2591	mNG_PilG_fliC-	Solid	1	13.81454	13.81454
1	mNG_PilG_fliC-_sol_Microchannel_BR4_0_event22_tirf_RAW_Stack.tif	4	1335	67.29288	89836	16	334	42.63322	251	315	112	95.26786	10670	28	190	45.37531	2	0	173	289	112	164.25893	18397	59	334	74.65871	5	0	2.37238	mNG_PilG_fliC-	Solid	1	11.6833	11.6833
1	mNG_PilG_fliC-_sol_Microchannel_BR4_0_event25_tirf_RAW_Stack.tif	4	753	94.29216	71002	31	404	68.5715	227	268	137	81.87591	11217	31	186	39.68172	6	0	278.97767	265.57355	137	189.16788	25916	42	404	109.65639	6	0	1.91665	mNG_PilG_fliC-	Solid	1	12.09915	12.09915
1	mNG_PilG_fliC-_sol_Microchannel_BR4_0_event27_tirf_RAW_Stack.tif	4	860	74.67558	64221	17	195	25.5991	276.11818	303.66136	137	51.0438	6993	15	171	33.45824	2	0	242.66136	337.11818	137	52.9854	7259	4	125	31.79437	3	0	0.60999	mNG_PilG_fliC-	Solid	1	12.20454	12.20454
1	mNG_PilG_fliC-_sol_Microchannel_BR4_0_event28_tirf_RAW_Stack.tif	4	831	77.1781	64135	42	257	34.09995	158.01193	279.54483	69	99.36232	6856	41	253	54.03974	3	0	229	284	69	121.53623	8386	55	207	42.82714	2	0	1.56549	mNG_PilG_fliC-	Solid	1	8.09752	8.09752
1	mNG_PilG_fliC-_sol_Microchannel_BR4_0_event29_tirf_RAW_Stack.tif	4	819	60.80464	49799	38	124	13.17824	292	296	137	56.75912	7776	30	77	13.11069	1	0	266	249	137	73.56204	10078	37	124	21.0108	3	0	1.11168	mNG_PilG_fliC-	Solid	1	12.15551	12.15551
1	mNG_PilG_fliC-_sol_Microchannel_BR4_0_event3_tirf_RAW_Stack.tif	4	582	83.61856	48666	29	260	40.96204	270.18934	230.6864	37	86.2973	3193	44	186	36.43172	4	0	223.77375	259.25356	37	121	4477	40	252	65.79851	2	0	1.28436	mNG_PilG_fliC-	Solid	1	6.55553	6.55553
1	mNG_PilG_fliC-_sol_Microchannel_BR4_0_event30_tirf_RAW_Stack.tif	4	798	69.6792	55604	39	183	19.70548	269.69435	248.24709	137	61.88321	8478	26	104	21.93576	1	0	215	246	137	84.81752	11620	37	183	36.9358	3	0	1.08251	mNG_PilG_fliC-	Solid	1	12.70088	12.70088
1	mNG_PilG_fliC-_sol_Microchannel_BR4_0_event31_tirf_RAW_Stack.tif	4	667	104.01049	69375	48	294	42.65602	329	212	97	125.50515	12174	55	219	43.41518	3	0	288	233	97	159.72165	15493	56	294	67.91796	4	0	1.61734	mNG_PilG_fliC-	Solid	1	10.53298	10.53298
1	mNG_PilG_fliC-_sol_Microchannel_BR4_0_event32_tirf_RAW_Stack.tif	4	788	69.42259	54705	43	232	26.63925	246.89668	267.36329	112	58.41964	6543	30	77	11.25514	1	0	199	243	112	115	12880	54	232	46.23637	4	0	1.3861	mNG_PilG_fliC-	Solid	1	11.48844	11.48844
1	mNG_PilG_fliC-_sol_Microchannel_BR4_0_event5_tirf_RAW_Stack.tif	4	752	79.98404	60148	20	218	32.94938	185	247	112	92.78571	10392	22	211	43.19627	2	0	221.90994	280.72403	112	109.76786	12294	26	218	53.72167	4	0	1.42742	mNG_PilG_fliC-	Solid	1	11.83428	11.83428
1	mNG_PilG_fliC-_sol_Microchannel_BR4_0_event6_tirf_RAW_Stack.tif	4	695	77.26043	53696	26	304	41.50025	300	263	97	88.7732	8611	20	184	45.1893	4	0	250	253	97	137.02062	13291	40	304	71.03916	3	0	1.77899	mNG_PilG_fliC-	Solid	1	10.74342	10.74342
1	mNG_PilG_fliC-_sol_Microchannel_BR4_0_event7_tirf_RAW_Stack.tif	4	838	55.39141	46418	37	119	11.43438	297	200	112	55.22321	6185	31	70	9.90924	0	0	279	145	112	68.19643	7638	37	119	21.15061	2	0	1.16244	mNG_PilG_fliC-	Solid	1	11.56982	11.56982
1	mNG_PilG_fliC-_sol_Microchannel_BR4_0_event9_tirf_RAW_Stack.tif	4	854	70.27283	60013	38	202	21.92039	163.97442	292.89934	137	61.26277	8393	36	85	13.35118	1	0	109	290	137	98.75182	13529	51	202	38.07882	2	0	1.21825	mNG_PilG_fliC-	Solid	1	12.18466	12.18466
1	mNG_PilG_fliC-_sol_Microchannel_BR5_0_event1_tirf_RAW_Stack.tif	5	981	50.97044	50002	22	99	14.02731	246.63254	248.68195	112	40.05357	4486	18	75	14.15731	0	0	289.84637	297.7735	112	52.82143	5916	11	99	21.61715	3	0	0.88771	mNG_PilG_fliC-	Solid	1	11.85175	11.85175
1	mNG_PilG_fliC-_sol_Microchannel_BR5_0_event10_tirf_RAW_Stack.tif	5	1086	44.29742	48107	27	86	9.61704	183.18027	136.2463	137	36.62044	5017	24	75	10.39523	0	0	246	170	137	41.20438	5645	25	59	9.30776	4	0	0.84382	mNG_PilG_fliC-	Solid	1	12.22681	12.22681
1	mNG_PilG_fliC-_sol_Microchannel_BR5_0_event11_tirf_RAW_Stack.tif	5	2286	57.95144	132477	11	326	40.0986	265	373	112	88.83929	9950	15	194	48.20649	5	0	265.58776	373.38999	112	88.83929	9950	15	194	48.20649	5	0	1.62721	mNG_PilG_fliC-	Solid	1	11.40175	11.40175
1	mNG_PilG_fliC-_sol_Microchannel_BR5_0_event12_tirf_RAW_Stack.tif	5	917	37.78844	34652	10	134	20.18471	201	232	112	53.5	5992	20	89	19.85488	2	0	253	256	112	63.52679	7115	14	134	34.88487	3	0	1.8821	mNG_PilG_fliC-	Solid	1	11.67293	11.67293
1	mNG_PilG_fliC-_sol_Microchannel_BR5_0_event13_tirf_RAW_Stack.tif	5	1136	49.01496	55681	25	155	16.63293	323	286	112	54.28571	6080	25	94	16.59123	4	0	273	342	112	80.86607	9057	43	155	29.49622	5	0	1.52006	mNG_PilG_fliC-	Solid	1	11.73288	11.73288
1	mNG_PilG_fliC-_sol_Microchannel_BR5_0_event14_tirf_RAW_Stack.tif	5	906	54.39073	49278	27	137	17.53726	281.44759	279.60955	177	57.69492	10212	26	107	21.04453	2	0	242	312	177	65.06215	11516	28	137	27.77449	1	0	1.2298	mNG_PilG_fliC-	Solid	1	14.4329	14.4329
1	mNG_PilG_fliC-_sol_Microchannel_BR5_0_event15_tirf_RAW_Stack.tif	5	1000	47.829	47829	27	94	11.2312	194	275	112	53.35714	5976	35	81	12.287	1	0	138	248	112	59.53571	6668	38	94	15.2019	2	0	1.24492	mNG_PilG_fliC-	Solid	1	11.84151	11.84151
1	mNG_PilG_fliC-_sol_Microchannel_BR5_0_event16_tirf_RAW_Stack.tif	5	1012	55.29941	55963	28	140	16.71931	196	290	156	59.60256	9298	29	107	18.5586	1	0	254.69	317.23397	156	68.91667	10751	27	140	29.70043	3	0	1.25248	mNG_PilG_fliC-	Solid	1	13.77927	13.77927
1	mNG_PilG_fliC-_sol_Microchannel_BR5_0_event2_tirf_RAW_Stack.tif	5	614	61.38111	37688	35	119	14.82254	349.33688	248.60045	112	63.64286	7128	38	86	14.21004	1	0	313	259	112	76.33036	8549	45	119	19.47204	4	0	1.24005	mNG_PilG_fliC-	Solid	1	11.76985	11.76985
1	mNG_PilG_fliC-_sol_Microchannel_BR5_0_event3_tirf_RAW_Stack.tif	5	1863	75.26302	140215	41	230	24.06386	184	243	112	100.40179	11245	52	178	33.89636	3	0	311	301	112	124.21429	13912	45	230	51.66828	6	0	1.59983	mNG_PilG_fliC-	Solid	1	11.18941	11.18941
1	mNG_PilG_fliC-_sol_Microchannel_BR5_0_event5_tirf_RAW_Stack.tif	5	806	165.8933	133710	75	464	63.67531	258.55045	247.62276	137	135.0292	18499	42	247	53.72273	0	0	232	207	137	259.76642	35588	133	464	86.37378	0	0	1.31891	mNG_PilG_fliC-	Solid	1	12.77717	12.77717
1	mNG_PilG_fliC-_sol_Microchannel_BR5_0_event7_tirf_RAW_Stack.tif	5	865	78.63931	68023	24	468	69.81027	99.05743	205.85935	97	65.25773	6330	26	105	18.12875	1	0	153	228	97	213.81443	20740	24	468	135.50133	9	0	2.28625	mNG_PilG_fliC-	Solid	1	10.77678	10.77678
1	mNG_PilG_fliC-_sol_Microchannel_BR5_0_event9_tirf_RAW_Stack.tif	5	1155	60.97922	70431	19	190	29.9075	152.11514	203.41181	80	35.6625	2853	22	51	6.06493	5	0	178.93221	218.19035	80	40.1625	3213	17	68	14.83022	0	0	0.58608	mNG_PilG_fliC-	Solid	1	9.24003	9.24003
1	mNG_PilG_fliC-_sol_Microchannel_BR6_0_event1_tirf_RAW_Stack.tif	6	1177	51.46134	60570	30	121	13.56449	243	377	156	55.95513	8729	28	97	17.71143	3	0	195	324	156	63.42949	9895	29	121	21.75527	3	0	1.23096	mNG_PilG_fliC-	Solid	1	13.90707	13.90707
1	mNG_PilG_fliC-_sol_Microchannel_BR6_0_event10_tirf_RAW_Stack.tif	6	1066	72.52158	77308	37	288	37.61957	258	311	80	74.5375	5963	44	110	17.62546	1	0	226.99178	229.38192	80	113.4625	9077	46	288	70.67951	3	0	1.3677	mNG_PilG_fliC-	Solid	1	9.62671	9.62671
1	mNG_PilG_fliC-_sol_Microchannel_BR6_0_event11_tirf_RAW_Stack.tif	6	2428	30.74918	74659	6	200	23.10752	267.43319	366.22756	37	12.91892	478	3	23	5.62918	3	0	307.78676	388.44622	37	17.43243	645	12	25	3.44432	4	0	0.4858	mNG_PilG_fliC-	Solid	1	6.59771	6.59771
1	mNG_PilG_fliC-_sol_Microchannel_BR6_0_event13_tirf_RAW_Stack.tif	6	962	52.19543	50212	32	97	12.48071	299.10037	183.26806	156	40.28205	6284	26	63	9.83791	0	0	343	199	156	63.76923	9948	34	97	16.66747	2	0	0.99519	mNG_PilG_fliC-	Solid	1	13.8412	13.8412
1	mNG_PilG_fliC-_sol_Microchannel_BR6_0_event15_tirf_RAW_Stack.tif	6	567	66.68078	37808	33	110	13.23765	325.47869	219.45312	137	60.28467	8259	23	84	13.94524	2	0	312	188	137	74.10949	10153	42	110	17.00851	2	0	1.01509	mNG_PilG_fliC-	Solid	1	12.18604	12.18604
1	mNG_PilG_fliC-_sol_Microchannel_BR6_0_event16_tirf_RAW_Stack.tif	6	700	28.51	19957	7	75	12.57111	234	274	80	42.3375	3387	19	72	13.96736	1	0	277	273	80	45.025	3602	11	75	17.15896	3	0	1.81893	mNG_PilG_fliC-	Solid	1	9.68466	9.68466
1	mNG_PilG_fliC-_sol_Microchannel_BR6_0_event17_tirf_RAW_Stack.tif	6	1014	43.5927	44203	27	80	9.16401	371.15321	394.67338	156	42	6552	24	66	10.87287	3	0	322	369	156	51.6859	8063	29	80	12.74656	2	0	1.11139	mNG_PilG_fliC-	Solid	1	13.45383	13.45383
1	mNG_PilG_fliC-_sol_Microchannel_BR6_0_event18_tirf_RAW_Stack.tif	6	1216	38.02878	46243	12	137	16.53668	291	310	156	38.58333	6019	14	77	18.15416	1	0	239	260	156	51.59615	8049	13	137	29.91381	2	0	1.26686	mNG_PilG_fliC-	Solid	1	13.12994	13.12994
1	mNG_PilG_fliC-_sol_Microchannel_BR6_0_event2_tirf_RAW_Stack.tif	6	997	54.6339	54470	31	143	17.00276	304	254	137	60.94161	8349	30	113	22.31814	2	0	239.13171	243.21021	137	71.05839	9735	38	143	27.12953	2	0	1.31144	mNG_PilG_fliC-	Solid	1	12.5	12.5
1	mNG_PilG_fliC-_sol_Microchannel_BR6_0_event23_tirf_RAW_Stack.tif	6	1171	45.10162	52814	29	68	8.2808	196.63099	256.42207	156	34.35897	5360	20	55	7.42702	3	0	127	234	156	48.53846	7572	27	68	9.99509	2	0	0.89274	mNG_PilG_fliC-	Solid	1	13.7419	13.7419
1	mNG_PilG_fliC-_sol_Microchannel_BR6_0_event24_tirf_RAW_Stack.tif	6	932	62.10622	57883	31	111	14.88872	270.44176	237.56922	208	54.51923	11340	29	80	14.48336	0	0	282.00081	287.55856	208	62.98558	13101	25	111	24.37756	1	0	0.90653	mNG_PilG_fliC-	Solid	1	15.41062	15.41062
1	mNG_PilG_fliC-_sol_Microchannel_BR6_0_event25_tirf_RAW_Stack.tif	6	1208	50.10182	60523	28	142	18.0547	248	348	177	50.62147	8960	33	70	8.62661	1	0	274	396	177	77.09605	13646	33	142	29.39633	1	0	1.43828	mNG_PilG_fliC-	Solid	1	14.03529	14.03529
1	mNG_PilG_fliC-_sol_Microchannel_BR6_0_event3_tirf_RAW_Stack.tif	6	849	56.96349	48362	31	112	13.91839	176.14591	289.63449	177	54.52542	9651	26	85	16.19732	1	0	141.90814	316.43462	177	60.62712	10731	29	112	19.89509	2	0	1.01859	mNG_PilG_fliC-	Solid	1	14.93303	14.93303
1	mNG_PilG_fliC-_sol_Microchannel_BR6_0_event4_tirf_RAW_Stack.tif	6	1614	38.08736	61473	9	135	17.10756	285.33089	230.52666	156	21.42308	3342	7	57	10.7907	0	0	230.23057	255.58991	156	28.0641	4378	5	57	13.93009	5	0	0.59934	mNG_PilG_fliC-	Solid	1	13.68323	13.68323
