Frame,CellID,Area,CellLength,CellSinuosity,CellWidth,MaxCellIntensity_PaQa,MeanCellIntensity_PaQa,MedianCellIntensity_PaQa,MinCellIntensity_PaQa,MaxCellIntensity_RFP,MeanCellIntensity_RFP,MedianCellIntensity_RFP,MinCellIntensity_RFP,Strain,Growth,Bio_Rep
1,1,3.18565,4.6711265234055,1.07727918541584,1.0090713552569,1062,663.888594164456,681.0,211,1364,849.183023872679,865.0,240,fliC-,Liquid,2
1,2,1.8928,2.71650711563425,1.0744297531093498,1.0090713552569,609,371.09375,384.0,110,1245,775.761160714286,792.5,233,fliC-,Liquid,2
1,3,1.897025,2.927278760297,1.11890500805392,0.990050503762308,2784,1921.3474387527801,2029.0,614,1067,665.997772828508,680.0,115,fliC-,Liquid,2
1,4,2.13785,3.0242492757477795,1.0679627982988,1.07594144822105,1053,672.387351778656,708.0,181,1642,1065.6146245059301,1095.0,201,fliC-,Liquid,2
1,5,1.8083,2.7707821048680197,1.0820396094609999,1.0090713552569,675,399.852803738318,414.0,116,1131,668.957943925234,710.5,150,fliC-,Liquid,2
1,6,2.2646,3.254557520594,1.0395241961897201,1.02774023955472,792,528.662313432836,557.5,100,1293,863.4048507462691,910.0,220,fliC-,Liquid,2
1,7,1.930825,2.74300377106323,1.06673336017722,1.04,1014,661.5295404814,695.0,193,1662,1097.8249452953999,1133.0,258,fliC-,Liquid,2
1,8,2.35755,3.65385822331377,1.07684967654196,0.946414285606467,1200,839.9928315412191,864.5,265,1234,807.575268817204,884.5,156,fliC-,Liquid,2
1,9,2.175875,3.1403910524340097,1.05706368889328,0.946414285606467,2437,1665.56699029126,1737.0,568,1255,784.464077669903,858.0,166,fliC-,Liquid,2
1,10,1.8759,2.9211731573020296,1.07583638708066,0.990050503762308,1693,1127.27702702703,1152.5,390,1060,658.756756756757,691.5,181,fliC-,Liquid,2
1,11,2.13785,3.23650711563425,1.069137182015,0.946414285606467,625,384.62648221343903,401.5,101,1343,872.559288537549,905.0,241,fliC-,Liquid,2
1,12,1.897025,2.7949381128227504,1.04596098884409,1.02774023955472,407,247.910913140312,255.0,69,1086,693.1403118040089,725.0,201,fliC-,Liquid,2
1,13,1.61395,2.3446194077712597,1.04962471947159,1.0090713552569,1006,627.759162303665,645.5,227,1243,799.007853403141,849.5,167,fliC-,Liquid,2
1,14,1.609725,2.35109034971425,1.02305964890166,1.01533245786787,978,630.582677165354,646.0,225,1260,819.1181102362201,862.0,253,fliC-,Liquid,2
1,15,1.8928,2.9249381128227503,1.04620661257676,0.990050503762308,1573,1057.58705357143,1085.5,361,1307,858.678571428571,916.0,227,fliC-,Liquid,2
1,16,2.2477,3.3488220496225094,1.0766163544221399,1.02774023955472,920,616.447368421053,653.5,177,1271,843.229323308271,884.5,170,fliC-,Liquid,2
1,17,2.12095,3.25079256507328,1.0555230665997601,0.990050503762308,523,326.22908366533903,338.0,74,1164,774.5697211155381,806.0,178,fliC-,Liquid,2
1,18,2.860325,4.24262317883449,1.0764014862538,0.946414285606467,1250,806.4889217134419,842.0,269,1328,784.6927621861149,872.0,123,fliC-,Liquid,2
1,19,2.429375,3.73001046020527,1.07060404539402,0.946414285606467,1630,1083.3773913043499,1124.0,250,1327,835.56,871.0,215,fliC-,Liquid,2
1,20,2.79695,3.92075639138202,1.05241932815273,1.02774023955472,1557,1053.98187311178,1115.5,347,1543,1036.51963746224,1098.0,265,fliC-,Liquid,2
1,21,2.08715,3.19651757583951,1.0680603911146,0.990050503762308,1450,942.7267206477729,979.5,310,1252,778.406882591093,811.0,116,fliC-,Liquid,2
1,22,2.67865,4.25462986797652,1.07783671148814,0.946414285606467,1627,1097.12776025237,1124.0,326,1181,758.875394321767,788.5,177,fliC-,Liquid,2
1,23,2.598375,3.5146194077712596,1.0350544060197,1.0090713552569,745,463.99512195122,481.0,118,1398,924.4243902439019,967.0,228,fliC-,Liquid,2
1,24,1.618175,2.47461940777126,1.05712189984412,0.946414285606467,818,573.882506527415,598.0,178,1498,986.8198433420371,1037.0,272,fliC-,Liquid,2
1,25,3.105375,4.61998474671927,1.07298555564233,1.02774023955472,2206,1573.51700680272,1653.0,544,1372,954.307482993197,1002.0,298,fliC-,Liquid,2
1,26,3.181425,4.88189816806826,1.07415100944473,0.946414285606467,983,640.557768924303,656.0,206,1366,909.6653386454179,934.0,263,fliC-,Liquid,2
1,27,2.775825,4.2003548787427505,1.0732938044959701,0.946414285606467,621,383.77625570776297,400.0,114,1253,789.8599695586,826.0,159,fliC-,Liquid,2
1,28,1.73225,2.6115175758395095,1.03154174041449,0.975,1564,994.704878048781,1031.5,299,1208,776.9073170731709,817.0,142,fliC-,Liquid,2
1,29,2.894125,4.023467170879759,1.04183694186275,1.0090713552569,424,271.556204379562,276.0,97,1253,840.6,875.0,221,fliC-,Liquid,2
1,30,1.668875,2.4118981680682596,1.0707155434229099,1.0660792653456899,1399,924.9594936708859,960.0,355,1611,1023.2810126582301,1057.0,289,fliC-,Liquid,2
1,31,2.623725,3.76802469147376,1.02444752977603,0.966294468575703,2166,1497.94363929147,1582.0,407,1389,941.17230273752,985.0,210,fliC-,Liquid,2
1,32,2.251925,3.2284880912902896,1.0179023908712501,1.01533245786787,746,464.36022514071294,480.0,114,1191,786.056285178236,820.0,169,fliC-,Liquid,2
1,33,2.133625,3.09763363903975,1.03673305745168,0.975,1325,893.2712871287131,932.0,292,1144,716.091089108911,758.0,142,fliC-,Liquid,2
1,34,2.099825,2.97231493398826,1.06459220434141,1.0090713552569,1763,1224.06036217304,1277.0,422,1098,734.89939637827,773.0,168,fliC-,Liquid,2
1,35,2.0111,3.1746403281817903,1.03079665265513,0.937443331620637,3519,2453.0231092436998,2528.5,919,1233,812.174369747899,862.0,234,fliC-,Liquid,2
1,36,2.94905,4.43379633613651,1.04830330906029,0.990050503762308,894,586.538681948424,610.0,200,1362,913.467048710602,941.0,288,fliC-,Liquid,2
1,37,1.8252,2.8353548787427503,1.07713997336116,0.946414285606467,1444,959.6990740740739,993.5,290,1454,941.9120370370371,969.5,306,fliC-,Liquid,2
1,38,2.243475,3.2861626970967595,1.0689138708155401,1.0090713552569,751,495.128060263653,514.0,129,1326,891.470809792844,928.0,280,fliC-,Liquid,2
1,39,2.911025,4.26152803604478,1.04395923430601,1.0174109297624,2682,1897.07547169811,1998.0,709,1706,1110.88098693759,1165.0,389,fliC-,Liquid,2
1,40,2.513875,3.7169448019647793,1.0851376078700699,0.990050503762308,717,478.087394957983,498.0,183,1054,677.121008403361,730.0,164,fliC-,Liquid,2
1,41,2.471625,3.75878587593125,1.06686221472368,1.0090713552569,914,617.7384615384619,642.0,188,1139,779.3555555555561,818.0,235,fliC-,Liquid,2
1,42,3.206775,4.86193434175951,1.0623956248017299,0.946414285606467,900,601.512516469038,627.0,207,1160,770.2872200263511,811.0,140,fliC-,Liquid,2
1,43,2.573025,3.9245832340800004,1.05796501908732,0.946414285606467,1515,1012.4367816092,1057.0,355,1267,861.591133004926,918.0,178,fliC-,Liquid,2
1,44,2.437825,3.66728922050227,1.08801881129751,1.0174109297624,1206,819.084922010399,860.0,236,1197,740.0329289428081,796.0,144,fliC-,Liquid,2
1,45,2.1463,3.0368877078629906,1.0486610114813602,1.0090713552569,1838,1314.12204724409,1387.5,524,1155,777.712598425197,815.5,190,fliC-,Liquid,2
1,46,1.81675,2.66117315730203,1.0442941466722,1.02774023955472,1017,650.011627906977,676.5,175,1524,954.46511627907,976.5,252,fliC-,Liquid,2
1,47,2.158975,3.1399638263087404,1.0413342546079,0.946414285606467,947,608.802348336595,635.0,190,1172,766.407045009785,802.0,147,fliC-,Liquid,2
1,48,2.3829,3.4722892205022697,1.0774859012120899,1.0174109297624,1037,683.209219858156,713.0,216,1293,866.5265957446809,911.5,233,fliC-,Liquid,2
1,49,2.530775,3.69150711563425,1.0641929089698399,0.946414285606467,1130,765.20367278798,806.0,229,1199,776.9449081803,837.0,182,fliC-,Liquid,2
1,50,3.122275,4.422644099245019,1.0346073979823198,1.01533245786787,841,534.9972936400541,554.0,168,1289,840.3044654939109,872.0,199,fliC-,Liquid,2
1,51,2.716675,3.98539105243401,1.05152142574161,0.9306583691129631,974,660.662519440124,696.0,207,1459,988.9409020217731,1030.0,175,fliC-,Liquid,2
1,52,1.7069,2.3288477631085,1.0220021313955698,1.0090713552569,1878,1250.8292079207902,1297.0,446,1640,1077.62128712871,1112.0,303,fliC-,Liquid,2
1,53,2.99975,4.543832509827769,1.0853994170005201,1.0581233387464801,1021,660.1521126760559,685.5,230,1315,829.2478873239439,856.5,203,fliC-,Liquid,2
1,55,2.5181,3.7834309971885003,1.06662096149967,0.975,628,384.76677852349,394.5,93,1477,1007.99832214765,1032.0,284,fliC-,Liquid,2
1,56,1.7238,2.49039105243401,1.06715556138715,0.975,576,348.37990196078397,357.0,120,1161,771.529411764706,820.0,178,fliC-,Liquid,2
1,57,3.48985,5.36233585439879,1.08464838262427,0.937443331620637,2559,1857.8619854721499,1922.0,707,1443,974.578692493947,1015.5,265,fliC-,Liquid,2
1,58,2.218125,3.4727164466275298,1.05162757404923,0.990050503762308,1699,1149.17714285714,1204.0,426,1475,973.569523809524,1019.0,310,fliC-,Liquid,2
1,59,2.2646,3.35116269709676,1.06808101583851,1.0090713552569,493,314.296641791045,324.0,108,1486,1022.71828358209,1061.0,357,fliC-,Liquid,2
1,60,4.009525,5.77691908847878,1.08336648491533,1.02774023955472,2227,1452.1917808219198,1520.0,443,1634,1091.82086406744,1132.0,285,fliC-,Liquid,2
1,61,1.787175,2.6876698127310097,1.04924480818816,1.0174109297624,2052,1411.6572104018899,1490.0,536,1495,995.7659574468089,1035.0,266,fliC-,Liquid,2
1,62,2.877225,4.32616269709676,1.06235498726954,0.946414285606467,509,325.196769456681,340.0,77,1218,829.8164464023489,872.0,166,fliC-,Liquid,2
1,63,1.78295,2.4319238815542503,1.01082584451998,1.0090713552569,573,370.258293838863,383.0,114,1470,960.220379146919,1020.0,283,fliC-,Liquid,2
1,64,2.818075,4.292278760297,1.06772360200904,0.946414285606467,2864,1958.0764617691198,2070.0,697,1698,1193.7961019490301,1253.0,383,fliC-,Liquid,2
1,65,2.01955,3.2192492757477797,1.0733798031766,0.946414285606467,787,531.612970711297,552.5,168,1497,995.968619246862,1043.5,327,fliC-,Liquid,2
1,66,3.046225,4.72731493398826,1.04517445537336,0.946414285606467,1110,769.015256588072,792.0,310,1377,931.361997226075,963.0,231,fliC-,Liquid,2
1,67,2.7378,4.11539105243401,1.04597190599802,0.946414285606467,1230,840.351851851852,872.5,303,1206,823.223765432099,854.5,193,fliC-,Liquid,2
1,68,2.8392,4.33731493398826,1.05903996050254,0.91,1274,854.284226190476,884.0,315,1172,807.168154761905,836.0,208,fliC-,Liquid,2
1,69,2.0956,3.03269552621701,1.03579647914499,1.0090713552569,467,289.756048387097,296.5,104,1376,938.534274193548,974.0,394,fliC-,Liquid,2
1,70,2.082925,3.2726698127310097,1.07100795611104,0.990050503762308,1621,1100.06490872211,1148.0,377,1337,868.95537525355,900.0,265,fliC-,Liquid,2
1,71,1.76605,2.6361626970967595,1.07739245167326,1.0090713552569,576,358.27990430622003,362.0,121,1475,963.3923444976081,993.5,257,fliC-,Liquid,2
1,72,2.218125,3.36231493398826,1.05920699754198,0.946414285606467,1987,1398.13333333333,1442.0,528,1356,923.0971428571429,958.0,322,fliC-,Liquid,2
1,73,2.496975,3.78613698361077,1.06063828045317,0.990050503762308,1176,803.761421319797,836.0,237,1543,1012.02707275804,1057.0,276,fliC-,Liquid,2
1,74,2.0449,3.14501046020527,1.07708048353565,0.946414285606467,1250,868.3512396694209,907.5,326,1465,1004.9958677686,1043.0,247,fliC-,Liquid,2
1,75,2.366,3.55263363903975,1.0538066311471899,0.990050503762308,1451,1027.25892857143,1078.5,272,1325,905.725,963.0,222,fliC-,Liquid,2
1,76,2.285725,3.33539105243401,1.05449021401443,0.946414285606467,803,502.473197781885,523.0,153,1637,1103.55083179298,1146.0,316,fliC-,Liquid,2
1,77,2.91525,4.238858223313771,1.07123024714553,0.946414285606467,1608,1075.0188405797098,1110.0,361,1449,947.0086956521741,972.0,332,fliC-,Liquid,2
1,78,2.294175,3.5726593525257497,1.05758665024018,0.867208164168212,2477,1822.6243093922699,1918.0,662,1483,1024.0902394106802,1065.0,328,fliC-,Liquid,2
1,79,2.13785,3.31265935252575,1.07561103588889,0.946414285606467,889,592.581027667984,615.5,232,1255,854.654150197629,896.5,255,fliC-,Liquid,2
1,80,2.13785,3.1673149339882603,1.06181463866535,0.946414285606467,1447,998.2529644268781,1036.5,349,1309,916.268774703557,950.5,254,fliC-,Liquid,2
1,81,1.643525,2.6830504049597597,1.07296268183417,0.946414285606467,1534,1066.1388174807198,1100.0,381,1205,817.167095115681,847.0,253,fliC-,Liquid,2
1,82,2.44205,3.56193434175952,1.07531716468635,0.946414285606467,3440,2490.2058823529396,2586.5,930,1292,915.612456747405,963.5,361,fliC-,Liquid,2
1,84,2.44205,3.5796194077712595,1.03448351520888,0.946414285606467,1909,1348.40657439446,1408.5,434,1330,913.9221453287199,955.0,241,fliC-,Liquid,2
1,85,2.7209,4.33959369428526,1.07949340415098,0.946414285606467,1914,1371.39906832298,1419.5,509,1337,893.5077639751551,927.0,279,fliC-,Liquid,2
1,86,2.133625,3.0169238815542503,1.00876630448697,0.946414285606467,1466,991.847524752475,1036.0,409,1382,930.8613861386141,961.0,382,fliC-,Liquid,2
1,87,2.843425,4.13195526217004,1.0327137307874399,0.990050503762308,615,401.09509658246697,418.0,138,1211,798.8068350668649,848.0,217,fliC-,Liquid,2
1,88,3.020875,4.871173157302031,1.13378103679796,0.990050503762308,1856,1294.53986013986,1330.0,523,1308,879.734265734266,897.0,320,fliC-,Liquid,2
1,89,2.22235,3.3915175758395097,1.07473384118549,0.990050503762308,1034,677.1045627376429,702.5,226,1109,755.003802281369,778.0,198,fliC-,Liquid,2
1,90,2.6871,4.44118361750729,1.06707131197563,0.937443331620637,912,604.2830188679251,620.5,174,1245,837.367924528302,859.5,308,fliC-,Liquid,2
1,91,1.47875,2.47270598642227,1.07597979746447,0.946414285606467,791,535.88,557.0,196,1046,700.5,736.0,134,fliC-,Liquid,2
1,92,1.95195,3.0526593525257497,1.06379775068921,0.946414285606467,1225,824.6428571428571,851.0,289,1422,961.350649350649,1002.5,359,fliC-,Liquid,2
1,93,1.52945,2.3626698127310095,1.0272768739125,0.975,1681,1116.12983425414,1179.5,435,1291,864.555248618785,887.5,296,fliC-,Liquid,2
1,94,2.868775,4.3461265234055,1.0721857651581,1.0174109297624,612,397.71723122238603,411.0,137,1716,1174.78055964654,1211.0,311,fliC-,Liquid,2
1,95,2.226575,3.62416646816,1.0744262355591898,1.0090713552569,1709,1198.20683111954,1261.0,419,1496,1042.6736242884301,1082.0,378,fliC-,Liquid,2
1,96,1.643525,2.6357354709715,1.0648893004772502,0.946414285606467,986,641.01028277635,654.0,277,1156,787.023136246787,835.0,229,fliC-,Liquid,2
1,97,1.837875,2.8942492757477796,1.06318240851159,0.990050503762308,610,402.627586206897,415.0,137,1503,987.988505747126,1014.0,402,fliC-,Liquid,2
1,98,1.677325,2.6134309971885,1.07687747842557,0.946414285606467,809,526.707808564232,544.0,182,1140,725.400503778338,739.0,212,fliC-,Liquid,2
1,100,2.581475,4.18728922050227,1.07470926733565,1.0090713552569,815,514.945990180033,523.0,178,1553,1030.52536824877,1071.0,330,fliC-,Liquid,2
1,101,3.308175,5.53503138061579,1.08408703053846,0.9192388155425121,1679,1158.5031928480198,1179.0,537,1463,966.025542784163,992.0,293,fliC-,Liquid,2
1,102,1.4703,2.2573149339882597,1.07583319079416,0.946414285606467,2115,1441.96551724138,1488.5,532,1174,799.66091954023,819.0,297,fliC-,Liquid,2
2,1,2.319525,3.3315642097360403,1.03508162352237,1.01116269709676,1681,1162.029143898,1208.0,405,1072,669.4699453551909,735.0,119,fliC-,Liquid,2
2,2,1.736475,2.44997428651401,1.0858120229519599,1.0660792653456899,752,464.21897810219,470.0,155,1666,991.793187347932,1052.0,222,fliC-,Liquid,2
2,3,1.88435,2.837695526217,1.03476668459675,0.946414285606467,787,496.508968609865,518.0,157,1270,823.9417040358741,857.0,197,fliC-,Liquid,2
2,4,2.62795,3.6184880912902897,1.04738069522286,1.0581233387464801,487,297.527331189711,310.0,94,1377,846.4131832797431,922.5,171,fliC-,Liquid,2
2,5,2.860325,4.178477631085021,1.08105700875117,0.990050503762308,932,612.630723781389,646.0,175,1180,751.617429837518,821.0,172,fliC-,Liquid,2
2,7,2.25615,3.27039105243401,1.05532593550312,0.946414285606467,833,501.200374531835,517.5,153,1106,692.1591760299631,743.5,179,fliC-,Liquid,2
2,8,2.420925,3.47192388155425,1.00763600770152,0.867208164168212,1316,895.949389179756,927.0,279,1109,727.39965095986,761.0,149,fliC-,Liquid,2
2,9,1.753375,2.54423881554251,1.07531716468635,1.0090713552569,586,365.585542168675,374.0,125,1165,705.086746987952,769.0,119,fliC-,Liquid,2
2,10,2.30685,3.4607097574855,1.07171483681522,0.990050503762308,1924,1316.63003663004,1371.5,523,1324,810.0732600732599,882.0,184,fliC-,Liquid,2
2,11,1.905475,2.68077164466275,1.02817832077932,1.0090713552569,1566,1037.16629711752,1081.0,314,1152,697.461197339246,768.0,145,fliC-,Liquid,2
2,12,2.66175,3.93339482349724,1.07479231914709,1.0090713552569,598,375.13492063492106,391.0,111,1894,1267.49365079365,1329.5,246,fliC-,Liquid,2
2,13,2.834975,4.00116269709676,1.06037115235574,0.946414285606467,529,335.60059612518603,346.0,104,1098,736.7406855439639,797.0,149,fliC-,Liquid,2
2,14,2.015325,3.04655374953077,1.08040274386444,0.990050503762308,2206,1493.22012578616,1567.0,519,1078,697.8993710691819,718.0,141,fliC-,Liquid,2
2,15,2.099825,2.8107716446627498,1.02929497408666,1.0090713552569,1242,800.659959758551,828.0,266,1276,780.247484909457,852.0,131,fliC-,Liquid,2
2,16,1.888575,2.75920264185125,1.0775176235500898,1.0090713552569,829,537.79418344519,565.0,172,1271,778.803131991051,842.0,195,fliC-,Liquid,2
2,17,2.07025,3.18770598642227,1.08235674198041,0.946414285606467,1045,693.844897959184,721.0,262,1107,709.9591836734689,765.0,150,fliC-,Liquid,2
2,18,2.2646,3.34654328932551,1.0429303981678,0.946414285606467,1432,991.0802238805969,1034.0,343,1287,824.8675373134331,865.5,234,fliC-,Liquid,2
2,20,3.046225,4.56003138061579,1.05653630571454,1.0090713552569,1088,719.525658807212,745.0,224,1183,762.1026352288491,785.0,152,fliC-,Liquid,2
2,21,1.91815,2.7346194077712593,1.04365474598587,0.946414285606467,1279,845.674008810573,875.5,266,1355,910.618942731278,962.5,230,fliC-,Liquid,2
2,22,1.76605,2.6315432893255095,1.0523647784841998,0.946414285606467,1145,742.320574162679,767.5,271,1360,885.222488038278,906.0,218,fliC-,Liquid,2
2,24,2.632175,3.9741769283652597,1.0532194984857801,1.01533245786787,1722,1182.41091492777,1240.0,439,1134,714.730337078652,755.0,183,fliC-,Liquid,2
2,25,2.4674,3.29269552621701,1.03038586360076,1.0090713552569,496,294.87157534246603,305.5,71,1088,723.306506849315,748.5,188,fliC-,Liquid,2
2,26,1.8421,2.7522425866057403,1.05954863390549,1.02774023955472,477,255.497706422018,260.0,69,1428,901.165137614679,926.0,194,fliC-,Liquid,2
2,27,2.209675,3.27458323408,1.06514733526142,0.946414285606467,1249,838.606118546845,882.0,263,1268,794.630975143403,827.0,132,fliC-,Liquid,2
2,28,1.71535,2.667278760297,1.07763341371416,0.946414285606467,1304,835.697044334975,866.5,280,1248,768.5246305418719,789.5,195,fliC-,Liquid,2
2,29,1.643525,2.4768981680682596,1.0568737691210601,1.02774023955472,944,607.365038560411,622.0,205,1327,866.380462724936,896.0,291,fliC-,Liquid,2
2,30,2.615275,3.8961731573020297,1.0980364607217599,0.990050503762308,2309,1621.3085621970902,1692.0,647,1259,848.032310177706,892.0,248,fliC-,Liquid,2
2,31,1.74915,2.6910075421264703,1.04384784032246,0.990050503762308,1066,705.2874396135271,744.5,169,914,556.468599033816,606.0,98,fliC-,Liquid,2
2,32,1.516775,2.3733948234972404,1.07208109942239,1.0174109297624,687,387.523676880223,403.0,126,926,565.7743732590529,616.0,110,fliC-,Liquid,2
2,33,2.640625,3.80148140214826,1.05432806084071,1.01533245786787,474,305.5328,320.0,70,1062,679.9136,740.0,130,fliC-,Liquid,2
2,35,2.184325,3.03269552621701,1.0327470226378999,0.946414285606467,681,441.66731141199205,463.0,132,1527,1049.41199226306,1097.0,252,fliC-,Liquid,2
2,36,2.657525,4.366944801964779,1.08066129419686,0.946414285606467,2039,1444.14944356121,1496.0,579,993,672.1208267090619,711.0,126,fliC-,Liquid,2
2,37,1.95195,2.7522425866057403,1.0676010509438,1.07200746266059,1214,775.106060606061,809.5,232,1336,837.2705627705631,915.5,168,fliC-,Liquid,2
2,38,2.285725,3.3334776310850205,1.08140770809048,1.0090713552569,1163,770.351201478743,800.0,278,1241,844.761552680222,882.0,218,fliC-,Liquid,2
2,39,1.7407,2.59617315730203,1.03962597048738,1.01533245786787,3075,2036.28398058252,2134.0,698,1194,756.242718446602,792.5,139,fliC-,Liquid,2
2,40,2.843425,4.10651757583951,1.09480863100869,1.02774023955472,543,357.763744427935,369.0,105,1279,858.0118870728081,899.0,208,fliC-,Liquid,2
2,41,1.4703,2.23962986797652,1.0825754428883,1.07200746266059,623,395.60057471264395,410.0,124,1400,920.956896551724,957.0,269,fliC-,Liquid,2
2,42,1.846325,2.642695526217,1.0370431784541,1.0090713552569,854,530.581235697941,544.0,160,1588,1015.9405034324901,1035.0,275,fliC-,Liquid,2
2,43,2.868775,4.541553749530769,1.07747723155648,0.946414285606467,663,450.13843888070704,468.0,130,1153,751.745213549337,780.0,162,fliC-,Liquid,2
2,44,1.804075,2.7480504049597596,1.07420118913677,1.0090713552569,1653,1083.3372365339599,1150.0,330,1054,658.995316159251,700.0,131,fliC-,Liquid,2
2,45,3.1096,4.67346717087976,1.03670048442921,0.8840955830678041,518,313.129076086957,326.0,101,1321,868.722826086957,908.5,152,fliC-,Liquid,2
2,46,2.454725,3.471861994377,1.0629636319020699,1.0660792653456899,510,314.71772805507703,329.0,79,1387,915.3734939759039,978.0,227,fliC-,Liquid,2
2,47,1.61395,2.42305040495976,1.06551209276816,1.02774023955472,604,381.73036649214697,388.5,136,1510,1005.0654450261801,1036.0,319,fliC-,Liquid,2
2,48,1.702675,2.5850209204105297,1.02242448522014,0.975,1557,1037.24317617866,1089.0,349,1397,885.794044665012,906.0,238,fliC-,Liquid,2
2,49,2.235025,3.21839482349724,1.0741044038499201,0.990050503762308,1083,736.913043478261,769.0,275,1417,958.4158790170129,1000.0,308,fliC-,Liquid,2
2,50,2.818075,4.12654328932551,1.03574405987365,0.975,1247,841.182908545727,869.0,282,1097,666.319340329835,703.0,135,fliC-,Liquid,2
2,51,1.71535,2.71373924203473,1.05840031842807,0.990050503762308,1381,951.674876847291,997.0,376,1216,787.251231527094,804.0,199,fliC-,Liquid,2
2,52,2.1125,3.30002092041053,1.0641851824526,0.990050503762308,3304,2261.8179999999998,2368.0,775,1068,679.704,700.0,130,fliC-,Liquid,2
2,53,1.66465,2.36692388155425,1.011115916491,0.946414285606467,942,582.5025380710659,608.5,165,1096,681.921319796954,722.5,127,fliC-,Liquid,2
2,54,1.93505,2.9811265234055,1.07802234883277,0.946414285606467,2436,1796.9585152838397,1891.5,711,1335,907.445414847162,966.5,254,fliC-,Liquid,2
2,55,1.521,2.42305040495976,1.06551209276816,0.990050503762308,500,294.694444444444,297.5,82,1471,951.452777777778,995.5,240,fliC-,Liquid,2
2,56,2.775825,3.9538477631085,1.01324436148967,0.975,1014,643.805175038052,673.0,219,1344,859.0045662100459,888.0,220,fliC-,Liquid,2
2,57,2.05335,3.17002092041053,1.05920699754198,0.990050503762308,785,494.91975308642,501.0,161,1620,1105.59670781893,1158.0,282,fliC-,Liquid,2
2,58,1.4703,2.16305040495976,1.0651931730332098,1.07594144822105,488,287.25,293.0,90,1560,949.6091954022991,983.0,273,fliC-,Liquid,2
2,59,1.964625,2.83769552621701,1.03476668459675,0.975,1051,712.260215053763,740.0,250,1402,898.120430107527,963.0,185,fliC-,Liquid,2
2,60,2.277275,3.3507354709715003,1.05555919877954,0.946414285606467,1845,1250.4248608534301,1319.0,414,1419,955.519480519481,992.0,323,fliC-,Liquid,2
2,61,2.192775,3.61997428651401,1.07880642011176,0.872066511224918,3444,2444.9171483622304,2554.0,912,1345,894.5741811175341,934.0,252,fliC-,Liquid,2
2,62,2.5688,3.78385822331377,1.07562729190642,0.946414285606467,2341,1630.58223684211,1715.5,576,1307,895.8157894736839,932.0,257,fliC-,Liquid,2
2,63,1.9097,2.7996194077712597,1.04278824158896,0.975,1303,859.4491150442481,907.0,269,1212,799.108407079646,831.5,166,fliC-,Liquid,2
2,64,3.5321,5.32425973595304,1.07694666430409,0.990050503762308,1467,1013.0203349282301,1052.0,349,1536,972.284688995215,1004.0,167,fliC-,Liquid,2
2,65,2.327975,3.30803994475449,1.03668989925678,0.946414285606467,1274,870.406533575318,915.0,315,1217,818.168784029038,848.0,293,fliC-,Liquid,2
2,66,1.381575,2.22385822331377,1.09012330570916,0.946414285606467,647,407.241590214067,406.0,105,1604,1003.65749235474,1046.0,249,fliC-,Liquid,2
2,67,2.873,4.494238815542509,1.0632219821634101,0.91,1016,674.375,697.5,260,1342,925.494117647059,953.0,235,fliC-,Liquid,2
2,68,1.83365,2.8404015126392697,1.07060404539402,0.946414285606467,2384,1672.8364055299498,1757.5,614,1338,885.709677419355,933.5,292,fliC-,Liquid,2
2,69,1.981525,3.00109034971425,1.05978461283945,0.990050503762308,1115,756.908315565032,794.0,277,1800,1208.96375266525,1274.0,332,fliC-,Liquid,2
2,70,2.505425,3.7411626970967595,1.06330884998426,0.946414285606467,418,263.973018549747,276.0,57,1151,721.2259696458681,785.0,150,fliC-,Liquid,2
2,71,1.854775,2.7188477631085,1.01899389366644,0.946414285606467,716,445.899772209567,459.0,143,1446,942.355353075171,962.0,332,fliC-,Liquid,2
2,72,2.35755,3.7388220496225095,1.07897008007299,0.946414285606467,1183,773.39247311828,806.0,271,1159,736.274193548387,778.5,174,fliC-,Liquid,2
2,73,1.787175,2.66961940777126,1.04455484901689,0.946414285606467,2328,1607.0969267139499,1679.0,605,1485,1018.43735224586,1038.0,316,fliC-,Liquid,2
2,74,2.22235,3.24346717087976,1.05953517440954,1.0090713552569,1607,1105.4752851711,1155.0,394,1334,904.636882129278,937.0,275,fliC-,Liquid,2
2,75,2.3998,3.75650711563425,1.0896474154909201,0.946414285606467,2308,1572.5757042253501,1657.5,623,1229,844.827464788732,886.0,191,fliC-,Liquid,2
2,77,2.9237,4.38080302527855,1.0338223210539301,0.990050503762308,642,403.929190751445,410.0,125,1489,985.900289017341,1013.0,298,fliC-,Liquid,2
2,78,2.12095,3.2411265234055096,1.07839726507371,0.990050503762308,1581,1071.14741035857,1120.0,368,1606,1089.02988047809,1137.5,404,fliC-,Liquid,2
2,79,1.7914,2.642695526217,1.0370431784541,0.946414285606467,2390,1682.3632075471698,1724.0,614,1505,1009.1792452830199,1042.0,360,fliC-,Liquid,2
2,80,2.471625,3.7680865786510096,1.0667822791994899,0.8840955830678041,2509,1840.5128205128199,1924.0,676,1337,884.417094017094,909.0,252,fliC-,Liquid,2
2,81,2.67865,4.35031870505149,1.07432553067499,0.8840955830678041,2776,1964.2444794952698,2065.0,619,1186,775.984227129338,813.0,236,fliC-,Liquid,2
2,82,2.539225,3.65577164466275,1.02107563966554,0.946414285606467,2035,1389.24292845258,1441.0,539,1577,1036.6921797005,1074.0,301,fliC-,Liquid,2
2,83,2.44205,3.6380865786510097,1.07695456474997,0.946414285606467,649,389.66955017301,401.0,131,1457,943.66955017301,978.5,291,fliC-,Liquid,2
2,84,2.429375,3.6334671708797597,1.0456269584503002,0.946414285606467,2092,1463.78260869565,1527.0,542,1090,741.947826086957,774.0,145,fliC-,Liquid,2
2,85,3.164525,4.86378587593125,1.07723990208134,0.946414285606467,1556,1055.2696929239,1090.0,369,1378,933.851802403204,958.0,291,fliC-,Liquid,2
2,86,1.956175,3.0172892205022697,1.03565144675116,0.990050503762308,1647,1163.08639308855,1211.0,435,1341,906.978401727862,930.0,312,fliC-,Liquid,2
2,87,1.981525,2.9988115894172402,1.05481995931868,0.946414285606467,1428,953.326226012793,988.0,300,1215,801.7526652452029,829.0,258,fliC-,Liquid,2
2,88,3.063125,4.53878587593125,1.0761809253355898,1.0090713552569,506,326.93241379310297,337.0,91,1417,947.515862068965,989.0,267,fliC-,Liquid,2
2,89,2.3322,3.7611265234055002,1.0884751232579,0.946414285606467,785,517.452898550725,540.0,105,1174,797.514492753623,830.0,266,fliC-,Liquid,2
2,90,1.871675,2.97040151263927,1.07414401585807,0.946414285606467,1242,830.223476297968,875.0,291,970,575.094808126411,618.0,117,fliC-,Liquid,2
2,91,2.40825,4.10232539419352,1.0823738475359599,0.8840955830678041,2102,1404.38421052632,1458.0,462,1291,874.163157894737,890.5,277,fliC-,Liquid,2
2,92,1.6055,2.30924927574778,1.0251465529996,1.01533245786787,1512,988.484210526316,1010.0,379,1474,959.2868421052631,977.0,319,fliC-,Liquid,2
3,1,1.930825,2.88962986797652,1.08043932256647,1.0090713552569,489,316.42669584245095,324.0,94,1101,673.722100656455,727.0,100,fliC-,Liquid,2
3,2,1.52945,2.33346717087976,1.0641851824526,0.946414285606467,536,321.102209944751,329.5,100,1003,604.28453038674,625.0,170,fliC-,Liquid,2
3,3,2.801175,4.158451917599029,1.0393361306309201,0.990050503762308,1040,660.120663650075,683.0,225,1198,764.352941176471,841.0,153,fliC-,Liquid,2
3,4,2.454725,3.55269552621701,1.03052792900537,0.946414285606467,1132,698.4406196213429,730.0,212,1210,826.705679862306,865.0,191,fliC-,Liquid,2
3,5,1.668875,2.5219343417595197,1.0823528252258199,0.990050503762308,1649,1083.66075949367,1141.0,318,1129,740.035443037975,762.0,232,fliC-,Liquid,2
3,6,1.81675,2.47,1.0,0.91,1167,749.2325581395351,782.5,250,1278,828.1976744186051,874.5,147,fliC-,Liquid,2
3,7,2.5857,4.00806086516502,1.0634622953720798,0.966294468575703,676,361.18300653594804,359.0,99,965,611.588235294118,658.0,111,fliC-,Liquid,2
3,8,1.871675,2.76154328932551,1.0608068535100998,0.946414285606467,965,650.408577878104,668.0,218,997,607.839729119639,630.0,139,fliC-,Liquid,2
3,9,1.313975,2.4768981680682596,1.07012662249876,0.872066511224918,1870,1317.29581993569,1353.0,558,1085,769.5819935691319,799.0,264,fliC-,Liquid,2
3,10,1.981525,2.9480970388562797,1.05965790732686,1.01533245786787,1166,765.17697228145,780.0,269,1137,720.2046908315559,764.0,149,fliC-,Liquid,2
3,11,1.7576,2.6203910524340097,1.0649510742789499,0.975,998,655.310096153846,668.5,188,1104,711.65625,743.5,223,fliC-,Liquid,2
3,12,2.873,4.31501046020526,1.06437262328248,0.946414285606467,1251,813.1264705882351,842.0,270,1171,759.5161764705881,776.5,160,fliC-,Liquid,2
3,13,3.05045,4.604213102056519,1.10435808768852,1.0174109297624,726,473.240997229917,490.0,157,1074,692.583102493075,716.0,154,fliC-,Liquid,2
3,14,3.460275,5.17195526217004,1.06623465499689,0.990050503762308,1162,810.1623931623931,851.0,217,1105,756.5384615384621,795.0,101,fliC-,Liquid,2
3,15,2.49275,3.5842388155425096,1.06101442890451,0.975,1930,1290.4559322033901,1358.0,460,1065,619.513559322034,683.5,110,fliC-,Liquid,2
3,16,1.761825,2.5934671708797596,1.05956909575825,0.975,1226,818.194244604317,851.0,291,1003,630.89928057554,662.0,166,fliC-,Liquid,2
3,17,2.995525,4.56003138061579,1.0594236797315502,0.990050503762308,1971,1353.70380818054,1401.0,426,1262,857.059238363893,895.0,255,fliC-,Liquid,2
3,18,2.378675,3.2954015126392697,1.07966912753363,1.105,1349,943.699822380107,987.0,375,1136,768.010657193606,804.0,201,fliC-,Liquid,2
3,19,2.59415,3.9049847467192698,1.0565818178348698,0.990050503762308,396,245.737785016287,256.0,65,1114,702.1547231270359,761.0,116,fliC-,Liquid,2
3,20,2.50965,3.83536533894802,1.0714136555649,0.990050503762308,1600,1052.0993265993302,1096.5,355,1071,734.4292929292931,755.0,147,fliC-,Liquid,2
3,21,2.17165,3.252278760297,1.07633390958664,0.9597134989151709,2079,1395.6673151751002,1455.5,415,1096,629.443579766537,682.0,108,fliC-,Liquid,2
3,22,2.4505,3.6357459311767597,1.07785910183843,1.0090713552569,453,269.65,279.5,80,982,604.48275862069,653.0,82,fliC-,Liquid,2
3,23,1.9266,2.77269552621701,1.0354947560385799,0.946414285606467,1304,844.353070175439,886.5,258,1031,680.3245614035089,714.0,157,fliC-,Liquid,2
3,24,2.412475,3.59156420973604,1.0464630391785699,1.0174109297624,1261,839.30823117338,877.0,226,1086,690.686514886165,715.0,122,fliC-,Liquid,2
3,25,2.201225,3.3061265234055,1.07830372487466,1.0090713552569,986,676.685220729367,712.0,250,985,647.5489443378119,676.0,132,fliC-,Liquid,2
3,26,1.778725,2.7480504049597596,1.07420118913677,0.990050503762308,875,582.869358669834,611.0,181,1089,741.541567695962,760.0,207,fliC-,Liquid,2
3,27,2.2308,3.38689816806826,1.0780834107653299,1.0090713552569,888,591.554924242424,614.5,214,1233,831.145833333333,853.0,334,fliC-,Liquid,2
3,28,2.8054,4.12690862827352,1.0598020803624102,0.990050503762308,577,387.45783132530096,406.0,121,945,596.757530120482,642.0,89,fliC-,Liquid,2
3,29,2.235025,3.36502092041053,1.0663373485738499,0.990050503762308,1674,1150.62759924386,1210.0,430,1007,638.544423440454,688.0,133,fliC-,Liquid,2
3,30,2.192775,3.20958323408,1.06590973157403,0.975,735,490.443159922929,512.0,147,1313,865.9788053949901,913.0,207,fliC-,Liquid,2
3,31,1.8252,2.6315432893255095,1.0523647784841998,1.0090713552569,1186,750.756944444444,772.0,256,1626,1065.96759259259,1107.0,288,fliC-,Liquid,2
3,32,1.897025,2.7949381128227504,1.04288009558667,1.02774023955472,706,459.85523385300695,478.0,123,999,648.590200445434,704.0,137,fliC-,Liquid,2
3,33,2.082925,2.88692388155425,1.00915334979845,0.946414285606467,1055,731.294117647059,763.0,249,985,623.509127789047,654.0,137,fliC-,Liquid,2
3,34,1.863225,2.7522425866057403,1.0842724726382902,1.02774023955472,519,327.773242630385,343.0,110,1265,825.780045351474,862.0,254,fliC-,Liquid,2
3,35,2.79695,4.070354878742751,1.0925749317773001,1.0090713552569,552,311.356495468278,321.0,99,1134,783.815709969788,818.5,214,fliC-,Liquid,2
3,36,2.4843,3.7611265234055002,1.0763553286906802,0.946414285606467,861,567.9948979591841,586.0,149,917,608.569727891157,653.0,110,fliC-,Liquid,2
3,37,2.42515,3.55263363903975,1.06983502839602,0.990050503762308,1483,994.266550522648,1047.5,331,1321,878.022648083624,924.5,252,fliC-,Liquid,2
3,38,2.598375,3.73228922050227,1.07256554302441,1.02774023955472,679,441.094308943089,467.0,112,1091,708.591869918699,747.0,188,fliC-,Liquid,2
3,39,2.2139,3.3488220496225094,1.0766163544221399,1.0090713552569,465,283.912213740458,294.5,84,1090,693.31679389313,730.0,133,fliC-,Liquid,2
3,40,1.8083,2.57997428651401,1.06653996598374,1.0174109297624,499,290.79439252336397,297.0,107,945,572.007009345794,628.5,122,fliC-,Liquid,2
3,41,1.871675,2.8246298679765203,1.07966912753363,1.0090713552569,619,404.404063205418,419.0,136,1089,695.282167042889,743.0,165,fliC-,Liquid,2
3,42,1.964625,2.6580399447544902,1.04819195068532,1.0090713552569,743,461.941935483871,486.0,164,1156,766.410752688172,812.0,185,fliC-,Liquid,2
3,43,1.592825,2.42262317883449,1.06838362331129,1.02774023955472,877,582.461538461538,590.0,240,1012,635.305039787798,675.0,110,fliC-,Liquid,2
3,44,2.1294,3.16959369428526,1.0720375368334398,1.0174109297624,2476,1737.81547619048,1830.0,656,1659,1121.8650793650802,1180.0,250,fliC-,Liquid,2
3,45,2.809625,4.1673253941935195,1.0823117459700502,1.0090713552569,1469,1012.5609022556401,1065.0,367,1160,773.042105263158,828.0,213,fliC-,Liquid,2
3,46,2.05335,3.10502092041053,1.0689616913084101,0.990050503762308,792,520.281893004115,541.0,181,976,655.133744855967,688.0,156,fliC-,Liquid,2
3,47,2.50965,3.5730865786510098,1.06905354398685,0.990050503762308,1433,1005.96464646465,1061.0,335,1395,915.457912457912,950.5,286,fliC-,Liquid,2
3,48,1.973075,3.0019448019647794,1.04478533027548,1.0174109297624,786,511.321199143469,530.0,152,1070,713.175588865096,735.0,155,fliC-,Liquid,2
3,49,2.6364,3.77461940777125,1.03681805795796,0.946414285606467,346,214.94230769230802,223.0,62,899,577.7948717948719,614.5,103,fliC-,Liquid,2
3,50,2.1125,3.1246194077712595,1.03890404128266,0.946414285606467,883,601.018,622.5,193,1206,796.85,833.0,245,fliC-,Liquid,2
3,51,2.919475,4.5488791437242995,1.05074001847441,0.966294468575703,1325,896.6989869753979,931.0,325,1120,722.2344428364689,753.0,145,fliC-,Liquid,2
3,52,2.71245,4.01964032818178,1.0665346844233599,0.990050503762308,813,559.348909657321,581.0,176,1233,803.945482866044,854.0,146,fliC-,Liquid,2
3,53,2.08715,3.11993811282275,1.05524275101054,1.0174109297624,1629,1123.3076923076899,1176.5,356,1246,842.0101214574901,884.5,246,fliC-,Liquid,2
3,54,2.69555,4.106944801964779,1.07837201165238,0.946414285606467,1015,665.360501567398,704.0,214,1233,796.992163009404,844.5,191,fliC-,Liquid,2
3,55,2.42515,3.52151757583951,1.07056173017047,1.0090713552569,967,654.179442508711,682.0,240,1086,729.341463414634,761.0,189,fliC-,Liquid,2
3,56,2.387125,3.78151757583951,1.07496192228751,0.946414285606467,2254,1584.0938053097302,1664.0,594,1055,716.205309734513,749.0,190,fliC-,Liquid,2
3,57,2.860325,4.278847763108501,1.01226596689401,0.946414285606467,1140,777.4549483013291,802.0,287,1105,702.285081240768,724.0,174,fliC-,Liquid,2
3,58,2.00265,2.9296194077712596,1.04788104175838,0.946414285606467,540,323.694092827004,333.0,88,1195,746.972573839662,783.0,173,fliC-,Liquid,2
3,59,2.834975,4.33540151263927,1.08128116397437,0.990050503762308,1879,1314.8584202682598,1374.0,412,1156,729.7585692995531,763.0,133,fliC-,Liquid,2
3,60,1.956175,2.82654328932551,1.0556048170950698,1.0090713552569,776,478.883369330454,487.0,140,1186,796.9157667386611,833.0,173,fliC-,Liquid,2
3,61,2.59415,3.8154015126392697,1.08237905241867,1.0090713552569,2109,1441.9576547231302,1513.5,536,1347,872.7980456026061,927.0,204,fliC-,Liquid,2
3,62,2.437825,3.56883250982777,1.0330077593110099,0.990050503762308,1961,1409.1750433275597,1487.0,425,1272,836.7088388214901,883.0,164,fliC-,Liquid,2
3,63,2.184325,3.3919448019647795,1.06298441789051,0.990050503762308,1880,1258.26112185687,1332.0,501,1220,805.89748549323,847.0,223,fliC-,Liquid,2
3,64,2.79695,4.209593694285259,1.07923311545425,1.0090713552569,363,238.66163141994,248.0,79,1153,797.876132930514,826.5,315,fliC-,Liquid,2
3,65,2.911025,4.6092597359530405,1.0651676036548101,0.990050503762308,1405,949.4891146589259,980.0,292,1064,669.812772133527,703.0,110,fliC-,Liquid,2
3,66,1.795625,2.86689816806826,1.08059116389309,0.9306583691129631,1035,678.625882352941,694.0,229,1280,822.263529411765,869.0,142,fliC-,Liquid,2
3,67,2.150525,3.10231493398826,1.0627217711438801,1.0090713552569,519,335.479371316306,348.0,131,1049,719.0628683693519,745.0,163,fliC-,Liquid,2
3,68,1.829425,2.88643476825173,1.0463850691642,0.990050503762308,1902,1290.83833718245,1351.0,497,1243,811.0161662817551,850.0,242,fliC-,Liquid,2
3,69,2.01955,3.3019343417595204,1.07790577136014,0.8840955830678041,2049,1469.08577405858,1524.0,528,1286,876.945606694561,913.5,238,fliC-,Liquid,2
3,70,1.61395,2.4680865786510098,1.08134803506587,0.990050503762308,1047,685.068062827225,715.0,209,939,563.371727748691,595.0,115,fliC-,Liquid,2
3,71,1.90125,2.87719595270922,1.0682451666379,1.0090713552569,659,453.77333333333297,468.0,150,1635,1110.17111111111,1151.5,430,fliC-,Liquid,2
3,72,2.311075,3.24346717087976,1.05010851751204,1.0090713552569,652,410.954296160878,424.0,127,1749,1161.02925045704,1218.0,353,fliC-,Liquid,2
3,73,2.463175,3.6149276526174803,1.08963837408095,0.946414285606467,742,490.358490566038,518.0,147,1356,904.2710120068609,956.0,319,fliC-,Liquid,2
3,76,1.88435,2.73036533894802,1.02361434116188,0.975,749,495.18385650224195,514.5,155,1479,919.1793721973089,980.5,165,fliC-,Liquid,2
3,77,2.023775,2.96769552621701,1.0333943403580799,0.946414285606467,1137,791.993736951983,823.0,271,1035,664.356993736952,696.0,163,fliC-,Liquid,2
3,78,1.677325,2.7484776310850205,1.07194882797645,0.990050503762308,452,279.926952141058,291.0,81,1168,765.4937027707809,805.0,238,fliC-,Liquid,2
3,79,1.7407,2.7795936942852597,1.05307095199418,0.966294468575703,1413,924.723300970874,960.5,294,1231,764.516990291262,786.5,265,fliC-,Liquid,2
3,80,2.1632,3.40920264185125,1.07691671389655,0.9306583691129631,1037,717.78515625,750.5,170,1164,801.60546875,845.5,171,fliC-,Liquid,2
3,81,2.2139,3.31308657865101,1.0721738456350798,0.946414285606467,2027,1439.70038167939,1496.5,467,1148,786.238549618321,809.5,304,fliC-,Liquid,2
3,82,2.56035,3.747695526217,1.0269701942148,0.946414285606467,2068,1476.40924092409,1533.0,517,1278,869.990099009901,908.0,215,fliC-,Liquid,2
3,83,2.535,3.7026593525257496,1.07402783216657,1.0090713552569,708,444.935,455.0,122,1509,924.151666666667,965.0,292,fliC-,Liquid,2
3,84,2.513875,3.5419086282735197,1.0398572647511202,1.0660792653456899,671,411.536134453782,424.0,122,1431,901.2285714285711,972.0,161,fliC-,Liquid,2
3,85,1.66465,2.44769552621701,1.03962597048738,0.946414285606467,561,356.360406091371,371.0,87,1071,711.944162436548,730.0,238,fliC-,Liquid,2
3,86,1.550575,2.36458323408,1.07507436413962,1.0090713552569,1160,754.629427792916,774.0,239,1685,1077.57765667575,1101.0,310,fliC-,Liquid,2
3,87,2.995525,4.64924927574778,1.10041402976279,0.946414285606467,1208,786.9901269393511,817.0,290,1216,759.5444287729201,785.0,229,fliC-,Liquid,2
3,88,1.93505,3.08001046020526,1.07776210103145,0.946414285606467,1643,1123.0283842794802,1157.5,424,1310,871.42576419214,915.5,191,fliC-,Liquid,2
3,89,1.947725,2.9718877078629906,1.04947219072554,0.91,2836,2040.4642082429502,2155.0,762,1300,842.418655097614,885.0,198,fliC-,Liquid,2
3,91,1.956175,3.01039105243401,1.05889298903198,0.946414285606467,1297,827.829373650108,862.0,257,1116,714.676025917927,760.0,175,fliC-,Liquid,2
3,92,2.032225,3.1673149339882603,1.06181463866535,0.946414285606467,1511,1029.63201663202,1075.0,307,1145,749.04158004158,799.0,187,fliC-,Liquid,2
4,1,2.22235,3.227695526217,1.03094432229408,0.946414285606467,1322,885.67680608365,922.5,220,1069,660.024714828897,727.0,118,fliC-,Liquid,2
4,2,2.116725,3.2211626970967595,1.06975529699975,0.946414285606467,700,440.443113772455,456.0,147,1199,776.151696606786,806.0,145,fliC-,Liquid,2
4,3,1.761825,2.7057821048680197,1.08168780697771,0.946414285606467,1212,795.5227817745799,810.0,255,1172,728.2086330935249,758.0,191,fliC-,Liquid,2
4,4,2.535,3.9165642097360402,1.0597149030778,0.990050503762308,947,614.09,645.0,135,1249,804.3133333333329,844.5,161,fliC-,Liquid,2
4,5,1.42805,2.2276231788344902,1.06270249904425,1.0090713552569,1208,751.7958579881661,768.0,212,2348,1474.5059171597597,1506.0,354,fliC-,Liquid,2
4,6,1.635075,2.3223149339882596,1.07479743006598,1.07594144822105,2017,1252.89664082687,1296.0,328,1939,1235.31266149871,1268.0,287,fliC-,Liquid,2
4,7,2.758925,4.068441457393759,1.0766049303208,0.990050503762308,1625,1058.11485451761,1094.0,359,1190,788.6033690658501,852.0,148,fliC-,Liquid,2
4,8,2.142075,3.18955752059401,1.03014849895756,0.975,1780,1186.34911242604,1217.0,326,1328,833.58382642998,901.0,172,fliC-,Liquid,2
4,9,2.50965,3.7007459311767597,1.07827498221216,1.0090713552569,2050,1367.23232323232,1419.0,472,1297,872.920875420875,916.5,237,fliC-,Liquid,2
4,10,3.43915,5.0992026418512495,1.0858095647794799,0.946414285606467,504,321.49508599508596,328.5,96,1148,731.6425061425059,758.5,170,fliC-,Liquid,2
4,11,1.846325,2.8961626970967598,1.0740368042222599,0.946414285606467,1527,989.519450800915,1000.0,298,1149,776.4439359267731,791.0,218,fliC-,Liquid,2
4,12,2.268825,3.29731493398826,1.0600572771587802,0.946414285606467,744,491.918063314711,518.0,141,1115,691.156424581006,761.0,87,fliC-,Liquid,2
4,13,1.795625,2.665,1.0,0.845,1690,1178.30117647059,1200.0,491,1338,865.414117647059,888.0,316,fliC-,Liquid,2
4,14,1.880125,3.03078210486802,1.0823117459700502,0.946414285606467,598,391.77977528089895,413.0,128,1217,808.991011235955,833.0,159,fliC-,Liquid,2
4,15,3.3293,5.03462986797652,1.07164910887391,0.990050503762308,1481,925.508883248731,948.5,243,1371,876.112944162437,913.5,230,fliC-,Liquid,2
4,16,3.27015,4.85078210486802,1.06828836667959,0.946414285606467,1143,768.5361757105941,786.0,265,1429,976.2416020671831,1010.5,216,fliC-,Liquid,2
4,17,1.677325,2.47732539419353,1.0518100951073701,1.02774023955472,643,370.47103274559197,388.0,91,1640,1012.76322418136,1064.0,166,fliC-,Liquid,2
4,18,2.057575,3.0669448019647794,1.05269518071988,1.0174109297624,1530,1006.9856262833699,1047.0,287,1148,714.127310061602,738.0,130,fliC-,Liquid,2
4,19,2.530775,3.89425973595304,1.04403652471118,0.966294468575703,1152,756.45409015025,781.0,275,985,629.64774624374,682.0,151,fliC-,Liquid,2
4,20,2.606825,3.84232539419352,1.0821348285430998,1.0090713552569,1218,823.8752025931931,867.0,226,1209,793.659643435981,860.0,154,fliC-,Liquid,2
4,21,2.066025,3.17002092041053,1.06934318062196,0.975,2548,1799.1145194274,1876.0,528,1177,747.18609406953,780.0,123,fliC-,Liquid,2
4,22,2.7378,4.10374970223999,1.06640825049724,1.0174109297624,439,250.969135802469,254.0,73,1133,724.8009259259261,755.0,136,fliC-,Liquid,2
4,23,1.854775,2.88920264185125,1.07805318245849,1.0090713552569,602,376.444191343964,386.0,131,1189,775.343963553531,843.0,145,fliC-,Liquid,2
4,24,1.9435,2.72617315730203,1.04852813742386,1.105,544,317.74130434782603,326.5,109,1599,1003.1282608695699,1017.5,222,fliC-,Liquid,2
4,25,2.868775,4.14502092041053,1.08021941572248,1.0090713552569,1266,813.098674521355,863.0,204,1062,681.064801178203,723.0,160,fliC-,Liquid,2
4,26,1.820975,2.4588477631085,1.02238992229044,1.07200746266059,1671,1066.85846867749,1096.0,324,1396,889.816705336427,921.0,201,fliC-,Liquid,2
4,27,2.4167,3.5980970388562796,1.07531716468635,1.0090713552569,512,318.195804195804,328.0,88,1142,732.8269230769231,796.5,116,fliC-,Liquid,2
4,28,2.7378,3.87769552621701,1.02612908788971,0.946414285606467,1027,694.638888888889,726.0,181,1218,836.532407407407,875.0,230,fliC-,Liquid,2
4,29,2.2308,3.23878587593125,1.05991916073189,1.0090713552569,1347,916.948863636364,971.0,300,1208,772.714015151515,830.0,122,fliC-,Liquid,2
4,30,3.012425,4.48117315730203,1.09155682905293,1.0090713552569,1092,760.467040673212,791.0,265,1284,870.9985974754559,901.0,169,fliC-,Liquid,2
4,31,2.9068,4.4742131020565195,1.07632060534585,0.946414285606467,1553,1037.47965116279,1080.5,360,1208,791.574127906977,829.5,129,fliC-,Liquid,2
4,32,2.5688,3.8061626970967595,1.06255543232261,0.946414285606467,1577,1086.41611842105,1140.0,354,1427,979.743421052632,1029.0,241,fliC-,Liquid,2
4,33,3.3293,4.9199123993367495,1.0396952950016098,0.990050503762308,1126,715.9708121827409,741.0,175,1325,864.368020304569,877.0,254,fliC-,Liquid,2
4,34,2.22235,3.23921310205652,1.05176324801141,1.02774023955472,1201,790.813688212928,824.5,212,1246,820.6615969581751,848.0,184,fliC-,Liquid,2
4,35,1.5717,2.11154328932551,1.06181463866535,1.07200746266059,429,250.717741935484,255.0,81,1689,1060.1854838709698,1073.0,345,fliC-,Liquid,2
4,36,1.897025,2.7346194077712593,1.04365474598587,1.0090713552569,1177,785.017817371938,812.0,280,1257,842.763919821826,876.0,173,fliC-,Liquid,2
4,37,3.042,4.3965746699413,1.01762610903715,0.990050503762308,546,329.67777777777803,341.5,106,1298,828.122222222222,870.5,131,fliC-,Liquid,2
4,38,2.89835,4.35770598642227,1.07504240896446,0.946414285606467,1864,1288.5204081632698,1342.0,490,1217,821.52915451895,879.0,150,fliC-,Liquid,2
4,39,1.651975,2.4003187050514905,1.05508514507758,1.07200746266059,456,263.762148337596,274.0,68,1338,877.332480818414,918.0,222,fliC-,Liquid,2
4,40,1.761825,2.8176698127310096,1.05603129844184,0.990050503762308,1170,740.959232613909,749.0,199,1232,747.0551558753,769.0,157,fliC-,Liquid,2
4,41,2.530775,3.62231493398826,1.05599108064292,1.0090713552569,602,385.61101836394,401.0,126,1218,816.215358931553,860.0,145,fliC-,Liquid,2
4,42,1.913925,2.7188477631085,1.01899389366644,0.946414285606467,1124,754.5408388520971,788.0,277,1332,873.022075055188,893.0,253,fliC-,Liquid,2
4,43,1.52945,2.4337754157259903,1.07198134549134,0.946414285606467,720,436.803867403315,448.0,139,1160,726.743093922652,755.5,155,fliC-,Liquid,2
4,44,1.609725,2.29077164466275,1.03610021214758,1.0090713552569,1357,877.803149606299,910.0,351,1240,777.5091863517059,809.0,140,fliC-,Liquid,2
4,45,2.437825,3.54233585439879,1.02752290618109,0.975,2351,1670.0,1770.0,491,1297,864.053726169844,914.0,204,fliC-,Liquid,2
4,46,2.0111,2.8200104602052702,1.08023981159432,1.04,524,335.439075630252,346.0,102,1589,1018.9474789916001,1064.0,208,fliC-,Liquid,2
4,47,1.618175,2.275,1.0,0.91,756,466.53002610966104,479.0,118,1579,1002.1644908616199,1054.0,287,fliC-,Liquid,2
4,48,2.23925,3.1984309971885003,1.07250068682107,1.0090713552569,795,538.8075471698111,567.0,177,1315,877.2792452830189,915.0,306,fliC-,Liquid,2
4,49,1.601275,2.5038220496225096,1.0519030494103399,0.990050503762308,624,407.08970976253306,422.0,155,1041,682.493403693931,741.0,160,fliC-,Liquid,2
4,50,2.040675,2.87613698361077,1.00929824552486,1.02774023955472,491,298.217391304348,308.0,93,1264,805.7743271221531,868.0,102,fliC-,Liquid,2
4,51,2.52655,3.7880504049597596,1.07755502714986,1.0090713552569,1896,1289.79933110368,1362.5,395,1558,1061.8846153846198,1109.0,271,fliC-,Liquid,2
4,52,2.03645,3.0623253941935302,1.07296230398034,1.0090713552569,1588,1049.04979253112,1103.5,365,1439,961.4834024896271,1003.5,274,fliC-,Liquid,2
4,53,3.071575,4.38499520692453,1.01494593986476,1.01533245786787,1252,807.237964236589,817.0,268,1136,684.343878954608,711.0,125,fliC-,Liquid,2
4,54,2.8392,4.28808657865101,1.0611467288591,0.946414285606467,2900,2039.06547619048,2149.5,735,1292,845.93005952381,906.0,210,fliC-,Liquid,2
4,55,2.437825,3.49878587593125,1.07184371797223,1.02774023955472,971,646.461005199307,677.0,206,1489,930.36568457539,984.0,210,fliC-,Liquid,2
4,56,1.542125,2.04882204962251,1.0120570991881699,1.1183022847155402,446,280.153424657534,293.0,68,1560,998.8493150684931,1038.0,229,fliC-,Liquid,2
4,57,4.75735,6.9603500856672795,1.05154617769982,0.990050503762308,651,389.023090586146,399.0,102,1243,800.744227353464,842.0,132,fliC-,Liquid,2
4,58,1.85055,2.95462986797652,1.08105700875118,0.946414285606467,1064,703.1757990867579,733.0,233,1362,889.458904109589,940.5,202,fliC-,Liquid,2
4,59,1.8759,2.79265935252575,1.0671196074799398,0.990050503762308,1518,1016.89864864865,1063.0,336,1352,817.038288288288,889.0,163,fliC-,Liquid,2
4,60,1.989975,2.9388582233137703,1.0965812555147298,1.0090713552569,502,301.30573248407603,309.0,87,1270,825.9681528662421,868.0,181,fliC-,Liquid,2
4,61,1.7069,2.732278760297,1.07782199617239,1.0090713552569,759,473.024752475248,483.0,106,1325,841.8118811881191,889.5,177,fliC-,Liquid,2
4,62,2.62795,3.86001046020526,1.06917191142103,0.946414285606467,1779,1227.51125401929,1296.5,415,1458,944.7668810289391,993.0,222,fliC-,Liquid,2
4,64,1.52945,2.43462986797652,1.07060404539402,0.990050503762308,906,549.8038674033149,576.5,181,1662,1059.39779005525,1093.5,317,fliC-,Liquid,2
4,65,1.6393,2.3599638263087406,1.0516079527393298,0.946414285606467,811,486.765463917526,505.0,176,1367,890.0515463917529,925.5,204,fliC-,Liquid,2
4,66,1.635075,2.49501046020527,1.08222781927339,1.0090713552569,944,575.361757105943,593.0,202,1492,950.8113695090441,1015.0,186,fliC-,Liquid,2
4,67,2.3829,3.43846717087976,1.0527392961050699,0.975,816,556.2783687943261,588.0,206,1379,940.760638297872,1004.0,249,fliC-,Liquid,2
4,68,3.561675,5.38846717087976,1.0342256834551802,0.946414285606467,1196,812.7402135231321,842.0,262,1594,1068.93712930012,1103.0,226,fliC-,Liquid,2
4,69,2.44205,3.6069086282735197,1.0388931871312501,0.975,1535,1093.80968858132,1149.5,450,1517,1035.45501730104,1087.5,228,fliC-,Liquid,2
4,70,3.891225,5.83119407771255,1.06519509901805,1.01533245786787,716,451.530944625407,465.0,128,1416,853.552660152009,890.0,161,fliC-,Liquid,2
4,71,1.702675,2.43924927574778,1.03564393225383,1.01533245786787,1713,1110.3225806451599,1162.0,390,1458,940.4491315136481,995.0,232,fliC-,Liquid,2
4,72,2.589925,3.77498474671927,1.05177569897597,0.990050503762308,1729,1176.89885807504,1236.0,324,1386,920.7096247960851,969.0,212,fliC-,Liquid,2
4,73,2.5688,3.82846717087976,1.0436547459858598,0.975,1407,944.832236842105,973.5,353,1387,904.582236842105,935.5,182,fliC-,Liquid,2
4,74,2.3998,3.5841769283652596,1.02607117855038,0.975,1575,1033.15845070423,1084.0,338,1455,931.235915492958,967.5,194,fliC-,Liquid,2
4,75,2.1294,2.96769552621701,1.0333943403580799,0.975,1037,700.90873015873,733.5,239,1316,902.3115079365081,945.5,293,fliC-,Liquid,2
4,76,2.10405,3.2295470603887404,1.07454451166895,0.990050503762308,495,321.156626506024,330.5,102,1619,1045.4678714859401,1080.5,342,fliC-,Liquid,2
4,77,2.37445,3.6065432893255096,1.04392324153764,0.867208164168212,1438,965.727758007117,1016.5,330,1236,789.274021352313,856.0,191,fliC-,Liquid,2
4,78,2.66175,3.88268027293628,1.0365346742480999,0.990050503762308,1901,1283.19682539683,1333.5,464,1446,974.8317460317461,1017.0,288,fliC-,Liquid,2
4,79,2.378675,3.43421310205652,1.06350933541835,1.01533245786787,856,550.007104795737,577.0,172,1386,925.728241563055,975.0,304,fliC-,Liquid,2
4,80,1.91815,2.8395470603887403,1.0728609817544,1.01533245786787,772,512.433920704846,538.0,181,1412,958.403083700441,1010.5,271,fliC-,Liquid,2
4,81,1.998425,2.8646194077712597,1.0419536563912501,0.946414285606467,1203,845.91754756871,888.0,287,1346,894.670190274841,928.0,215,fliC-,Liquid,2
4,82,2.125175,3.2619448019647796,1.06749810864176,0.990050503762308,1480,1037.7316103379699,1094.0,347,1414,939.614314115308,990.0,217,fliC-,Liquid,2
4,83,2.226575,3.4838686835190296,1.06727387587735,0.990050503762308,2337,1623.0360531309302,1687.0,557,1499,1003.12903225806,1060.0,228,fliC-,Liquid,2
4,84,1.4365,2.10692388155425,1.0124499341393,0.946414285606467,947,630.344117647059,657.5,237,1570,1041.13529411765,1055.0,383,fliC-,Liquid,2
4,85,2.632175,3.72077164466275,1.0220270745129498,0.946414285606467,1266,858.53290529695,907.0,326,1397,948.629213483146,984.0,297,fliC-,Liquid,2
4,86,2.00265,3.0215432893255096,1.04679588990053,0.946414285606467,1420,1004.0675105485199,1043.5,359,1157,773.314345991561,813.0,151,fliC-,Liquid,2
4,87,1.5379,2.2146194077712598,1.05195703127728,1.0090713552569,605,345.68681318681297,355.0,84,2280,1476.51923076923,1546.5,339,fliC-,Liquid,2
4,88,3.063125,4.67808657865101,1.06990595986115,0.946414285606467,839,552.166896551724,569.0,191,1289,888.88275862069,920.0,205,fliC-,Liquid,2
4,89,2.598375,3.94731493398826,1.0523647784841998,0.946414285606467,777,513.682926829268,529.0,182,1458,931.7447154471539,963.0,192,fliC-,Liquid,2
4,90,2.4336,3.68540151263927,1.08218193200772,1.0090713552569,1368,925.086805555556,971.5,326,1418,915.364583333333,957.0,227,fliC-,Liquid,2
4,91,2.2646,3.46724258660574,1.08433428225631,0.946414285606467,1875,1272.50373134328,1328.0,467,1430,927.9514925373129,1000.5,232,fliC-,Liquid,2
4,92,1.64775,2.5307459311767597,1.04656726263715,0.990050503762308,1347,898.3358974358971,951.0,278,1225,819.6743589743589,859.0,184,fliC-,Liquid,2
4,93,2.192775,3.2968877078629903,1.05646553533865,0.946414285606467,1583,1079.05202312139,1126.0,341,1234,828.822736030829,863.0,175,fliC-,Liquid,2
4,94,1.5717,2.4365432893255097,1.05560935858248,0.872066511224918,2724,1887.5645161290302,1932.5,784,1325,874.349462365591,889.5,305,fliC-,Liquid,2
4,95,1.854775,2.8561731573020297,1.05583786490281,0.990050503762308,1433,960.911161731207,983.0,330,1258,815.73576309795,845.0,189,fliC-,Liquid,2
4,96,1.550575,2.2884309971884997,1.07680140236098,0.990050503762308,726,481.42779291553103,502.0,173,1427,911.117166212534,942.0,256,fliC-,Liquid,2
4,97,2.5012,3.75607988950898,1.0522181665635901,0.946414285606467,1602,1090.77533783784,1149.5,344,1413,907.804054054054,954.5,206,fliC-,Liquid,2
4,98,2.327975,3.7392492757477798,1.0808060680340799,0.946414285606467,1943,1371.52631578947,1443.0,480,1575,1027.76043557169,1069.0,343,fliC-,Liquid,2
4,99,1.592825,2.4834309971885,1.0772051481428,1.0090713552569,1855,1220.8090185676401,1271.0,378,2917,1953.1140583554397,2049.0,681,fliC-,Liquid,2
4,100,1.95195,3.0623253941935302,1.07296230398034,0.990050503762308,1438,966.772727272727,1027.5,315,1384,899.4978354978349,964.0,270,fliC-,Liquid,2
4,101,2.066025,3.1673149339882603,1.06181463866535,0.91,1983,1381.84049079755,1435.0,517,1325,888.4130879345599,922.0,284,fliC-,Liquid,2
4,102,1.69845,2.5665432893255096,1.05340912256529,0.946414285606467,1054,685.614427860697,700.0,250,1486,952.7213930348261,988.5,256,fliC-,Liquid,2
4,103,2.750475,4.17385822331377,1.07185887225621,0.946414285606467,760,479.331797235023,491.0,167,1543,1016.3563748079902,1030.0,336,fliC-,Liquid,2
4,104,2.699775,4.30805040495976,1.07445959566946,0.946414285606467,733,483.984350547731,494.0,171,1308,881.558685446009,908.0,222,fliC-,Liquid,2
4,105,3.0758,4.644629867976519,1.07479743006598,0.946414285606467,1735,1198.4725274725301,1246.0,384,1597,1079.23901098901,1129.0,245,fliC-,Liquid,2
4,106,2.665975,4.0522425866057405,1.0759854760499001,0.990050503762308,532,336.955625990491,342.0,104,1450,940.237717908082,978.0,255,fliC-,Liquid,2
4,107,1.947725,2.90269552621701,1.03406707159539,0.91,397,249.68329718004298,260.0,51,1061,685.715835140998,728.0,136,fliC-,Liquid,2
4,108,2.7716,4.25420264185125,1.07063951294816,0.946414285606467,1636,1146.52743902439,1198.0,449,1446,959.0533536585369,1003.0,280,fliC-,Liquid,2
4,109,1.7914,2.6500209204105296,1.0269701942148,1.01533245786787,1493,1002.32311320755,1019.0,340,1316,802.3773584905659,841.5,193,fliC-,Liquid,2
4,110,2.327975,3.65385822331377,1.07684967654196,0.946414285606467,2185,1485.6261343012698,1548.0,574,1288,834.279491833031,869.0,237,fliC-,Liquid,2
4,111,1.922375,3.0507459311767597,1.0689051494595,0.990050503762308,2238,1495.5450549450597,1549.0,465,1426,872.70989010989,915.0,228,fliC-,Liquid,2
