 ,Label,Area,Mean,Min,Max,X,Y,BiologicalReplicate,CellArea,CellMean,CellTotalFluorescence,CellMin,CellMax,CellStd,X_PoleDim,Y_PoleDim,AreaPoleDim,MeanPoleDim,TotalFluorescencePoleDim,MinPoleDim,MaxPoleDim,StdPoleDim,Nb_Pili_PoleDim,Nb_Flagella_PoleDim,X_PoleBright,Y_PoleBright,AreaPoleBright,MeanPoleBright,TotalFluorescencePoleBright,MinPoleBright,MaxPoleBright,StdPoleBright,Nb_Pili_PoleBright,Nb_Flagella_PoleBright,PolarRatio
1,fliC-_PaQa_Gasket_0_event1_tirf_RAW_Stack.tif,3084,255,255,255,40.39721,81.1083,1,3278,986.7730300000001,3234642.0,319,1792,408.58752999999996,325.0,210.0,80,1363.625,109090.0,1001,1716,192.06403,0,0.0,366.0,97.0,80,1008.7875,80703.0,676,1412,198.52058,5,0,1.2147
1,fliC-_PaQa_Gasket_0_event11_tirf_RAW_Stack.tif,660,255,255,255,34.25606,27.33939,1,731,1346.1983599999999,984071.0,349,2497,614.63894,215.0,349.0,80,1301.6625,104133.0,707,1897,318.74699,0,0.0,243.0,333.0,80,1776.875,142150.0,1067,2297,377.24284,3,0,1.19129
1,fliC-_PaQa_Gasket_0_event15_tirf_RAW_Stack.tif,734,255,255,255,25.38965,35.69755,1,803,472.46575,379390.0,140,845,195.7191,167.0,235.0,80,425.6375,34051.0,187,666,125.38954,2,0.0,178.33333000000002,263.66667,80,685.9,54872.0,450,845,107.7291,1,0,1.2302899999999999
1,fliC-_PaQa_Gasket_0_event17_tirf_RAW_Stack.tif,901,255,255,255,46.86848,25.17481,1,988,812.65587,802904.0,238,1460,348.35345,229.0,317.0,80,691.4625,55317.0,338,1212,238.50413999999998,1,0.0,280.0,305.0,80,900.75,72060.0,483,1227,193.66083,3,0,0.9758
1,fliC-_PaQa_Gasket_0_event18_tirf_RAW_Stack.tif,1375,255,255,255,41.74655,51.695640000000004,1,1502,589.4340900000001,885330.0,179,1148,268.35236000000003,233.0,168.0,80,507.0875,40567.0,233,800,160.88916,2,0.0,274.0,225.0,80,886.35,70908.0,575,1075,120.84231000000001,2,0,1.20823
2,fliC-_PaQa_Gasket_0_event18_tirf_RAW_Stack.tif,1228,255,255,255,30.0627,49.73697,1,1341,559.05071,749687.0,143,1023,248.76626000000002,101.0,411.0,80,702.4375,56195.0,358,951,172.91315,2,0.0,78.0,471.0,80,671.8875,53751.0,343,849,134.23991,3,0,1.26854
1,fliC-_PaQa_Gasket_0_event19_tirf_RAW_Stack.tif,730,255,255,255,29.38356,35.215070000000004,1,808,1543.4628699999998,1247118.0,416,2849,705.8692900000001,243.0,462.0,80,1284.5125,102761.0,416,2065,478.57120999999995,2,0.0,221.0,429.0,80,2028.375,162270.0,994,2832,586.98535,4,0,1.09295
1,fliC-_PaQa_Gasket_0_event2_tirf_RAW_Stack.tif,763,255,255,255,24.946920000000002,40.891870000000004,1,838,2547.24463,2134591.0,648,3687,1039.21847,232.0,245.0,80,2533.775,202702.0,1032,3685,879.04651,0,0.0,242.0,285.0,80,3053.7,244296.0,1418,3687,675.07075,7,0,1.1224
2,fliC-_PaQa_Gasket_0_event2_tirf_RAW_Stack.tif,1005,255,255,255,26.995520000000003,47.0602,1,1098,462.60382999999996,507939.0,144,771,188.52216,416.0,257.0,80,393.8375,31507.0,151,650,146.1192,0,0.0,399.0,203.0,80,436.9625,34957.0,185,658,130.40826,4,0,0.8826
1,fliC-_PaQa_Gasket_0_event20_tirf_RAW_Stack.tif,877,255,255,255,30.40308,35.71209,1,957,585.15883,559997.0,200,1126,253.62677999999997,138.0,138.0,80,548.325,43866.0,258,839,147.53663,0,0.0,114.0,109.0,80,703.1,56248.0,310,1071,219.50212000000002,7,0,1.08439
1,fliC-_PaQa_Gasket_0_event3_tirf_RAW_Stack.tif,937,255,255,255,41.85219,61.52028000000001,1,1016,1133.57579,1151713.0,260,2135,553.4925099999999,402.0,104.0,316,909.74367,287479.0,234,1859,527.05654,2,0.0,400.0,147.0,316,975.17089,308154.0,164,2128,604.4696299999999,2,0,0.65081
2,fliC-_PaQa_Gasket_0_event3_tirf_RAW_Stack.tif,2123,255,255,255,75.52025,62.78168,1,2287,621.98776,1422486.0,203,1151,271.12318,291.0,274.0,316,570.14873,180167.0,281,970,184.52028,1,0.0,365.0,325.0,316,625.6392400000001,197702.0,165,1087,284.48311,1,0,0.94725
1,fliC-_PaQa_Gasket_0_event4_tirf_RAW_Stack.tif,720,255,255,255,38.3375,23.77222,1,789,723.18251,570591.0,209,1192,297.50986,187.0,281.0,80,780.6125,62449.0,448,1068,179.08406000000002,1,0.0,219.0,275.0,80,942.4875,75399.0,443,1184,211.41949,0,0,1.2522799999999998
2,fliC-_PaQa_Gasket_0_event4_tirf_RAW_Stack.tif,1021,255,255,255,38.76347,27.796770000000002,1,1107,744.2258400000001,823858.0,203,1571,338.66266,255.0,345.0,80,657.0375,52563.0,466,882,115.16169,0,0.0,293.0,362.0,80,1235.4125,98833.0,739,1571,234.9901,1,0,1.33253
1,fliC-_PaQa_Gasket_0_event5_tirf_RAW_Stack.tif,1233,255,255,255,38.47891,46.88767,1,1345,488.7539,657374.0,138,887,221.20545,203.66666999999998,341.0,80,453.1375,36251.0,173,788,178.92801,1,0.0,239.0,395.0,80,524.4125,41953.0,223,808,166.77125,2,0,1.00005
1,fliC-_PaQa_Gasket_0_event6_tirf_RAW_Stack.tif,1608,255,255,255,41.14739,81.76057,1,1727,979.6352099999999,1691830.0,257,2034,468.5025,172.0,216.0,316,685.44937,216602.0,202,1597,416.6463,1,0.0,170.0,296.0,316,977.8322800000001,308995.0,158,2033,577.4352299999999,4,0,0.78084
1,fliC-_PaQa_Gasket_0_event7_tirf_RAW_Stack.tif,908,255,255,255,18.769820000000003,47.75,1,995,1194.11156,1188141.0,325,2149,499.69999,252.0,317.0,80,1194.6125,95569.0,562,1793,352.84,0,0.0,253.0,371.0,80,1413.1,113048.0,796,1926,312.5769,4,0,1.11148
1,fliC-_PaQa_Gasket_0_event8_tirf_RAW_Stack.tif,695,255,255,255,33.49712,33.0295,1,771,945.8249,729231.0,244,1671,430.8476,330.33333,289.66667,80,744.725,59578.0,260,1384,316.35163,0,0.0,300.33333,313.0,80,1057.475,84598.0,527,1493,271.05747,2,0,0.94106
1,fliC-_PaQa_Gasket_0_event9_tirf_RAW_Stack.tif,1064,255,255,255,21.64098,54.63158000000001,1,1162,452.87522,526241.0,145,777,175.05237,288.33333,224.33333,80,372.9125,29833.0,195,568,110.03017,2,0.0,291.0,289.66667,80,565.2125,45217.0,276,746,123.51893999999999,2,0,1.04169
1,fliC-_PaQa_solid_0_event10_tirf_RAW_Stack.tif,829,255,255,255,36.43969,41.4807,1,934,1667.44111,1557390.0,635,2594,538.77945,201.33333000000002,224.66667,69,1729.6231899999998,119344.0,824,2353,419.90038,0,0.0,239.33333,178.66666999999998,69,1675.36232,115600.0,835,2414,435.55137,1,0,1.0247600000000001
1,fliC-_PaQa_solid_0_event10_tirf_RAW_Stack.tif,770,255,255,255,22.232470000000003,45.85844,1,859,462.31082999999995,397125.0,196,701,128.11972,416.0,208.0,69,449.53623,31018.0,279,619,91.55801,3,0.0,424.0,266.0,69,429.95652,29667.0,251,583,86.15605,1,0,0.94239
1,fliC-_PaQa_solid_0_event11_tirf_RAW_Stack.tif,1397,255,255,255,60.782030000000006,60.008230000000005,1,1569,1687.5270899999998,2647730.0,608,2665,532.1888799999999,144.66666999999998,252.0,69,1687.50725,116438.0,791,2309,410.60052,9,0.0,224.66667,178.66666999999998,69,1266.2898599999999,87374.0,496,2091,460.33013,3,0,0.8647799999999999
1,fliC-_PaQa_solid_0_event13_tirf_RAW_Stack.tif,885,255,255,255,18.98701,45.97797,1,968,762.58884,738186.0,393,1222,199.85283,284.0,164.66666999999998,69,788.6376799999999,54416.0,391,1137,204.29045,1,0.0,282.0,216.0,69,720.4637700000001,49712.0,597,846,63.13701,0,0,0.9877299999999999
1,fliC-_PaQa_solid_0_event14_tirf_RAW_Stack.tif,791,255,255,255,48.49621,19.02339,1,881,1297.45516,1143058.0,588,1945,366.40066,145.33333000000002,285.33333,69,1182.97101,81625.0,601,1771,314.67261,3,0.0,205.33333000000002,284.66667,69,1225.2608699999998,84543.0,741,1546,229.32911000000001,2,0,0.9158200000000001
1,fliC-_PaQa_solid_0_event15_tirf_RAW_Stack.tif,941,255,255,255,31.503190000000004,42.534009999999995,1,1047,548.0611299999999,573820.0,288,1023,181.75688,54.0,318.0,69,670.9420299999999,46295.0,436,895,130.19701,1,0.0,80.0,368.66667,69,517.5652200000001,35712.0,416,581,42.63231,0,0,1.0983399999999999
1,fliC-_PaQa_solid_0_event1_tirf_RAW_Stack.tif,1387,255,255,255,54.77325,62.5757,1,1498,954.16889,1429345.0,230,2052,515.40721,188.66666999999998,189.33333000000002,316,937.6075900000001,296284.0,319,1809,425.5304,2,0.0,220.0,147.33333000000002,316,980.26266,309763.0,195,2052,601.93673,4,0,1.0086700000000002
2,fliC-_PaQa_solid_0_event1_tirf_RAW_Stack.tif,1160,255,255,255,56.75431,53.01379,1,1252,328.14297,410835.0,84,769,162.34055,394.66667,251.33333,316,252.25633,79713.0,103,481,94.74953000000001,1,0.0,362.66667,278.0,316,353.2943,111641.0,84,769,215.81172,0,0,0.85529
1,fliC-_PaQa_solid_0_event2_tirf_RAW_Stack.tif,676,255,255,255,36.17751,26.886090000000003,1,746,417.5067,311460.0,125,685,165.28207,346.0,231.33333,80,459.4,36752.0,190,637,122.55668999999999,0,0.0,312.0,220.66667,80,427.6,34208.0,201,622,122.44767,2,0,1.08063
1,fliC-_PaQa_solid_0_event3_tirf_RAW_Stack.tif,758,255,255,255,21.24011,37.67018,1,832,543.75601,452405.0,188,915,214.59307,274.0,260.0,69,567.21739,39138.0,274,813,139.47294,0,0.0,268.66667,297.33333,69,684.5652200000001,47235.0,421,846,102.31418000000001,2,0,1.1867
1,fliC-_PaQa_solid_0_event4_tirf_RAW_Stack.tif,865,255,255,255,53.44335,28.04335,1,970,647.36392,627943.0,274,1078,202.09659,56.0,329.33333,69,384.65217,26541.0,146,669,150.53159,2,0.0,118.66667,307.33333,69,805.18841,55558.0,420,1070,191.53354,2,0,0.9068
2,fliC-_PaQa_solid_0_event4_tirf_RAW_Stack.tif,711,255,255,255,41.39873,23.31435,1,786,1311.7735400000001,1031054.0,689,1911,339.57972,238.0,214.66667,69,993.62319,68560.0,549,1430,238.80123999999998,3,0.0,279.33333,202.0,69,1416.04348,97707.0,971,1799,220.09118999999998,4,0,0.9028
3,fliC-_PaQa_solid_0_event4_tirf_RAW_Stack.tif,785,255,255,255,18.63631,48.55223,1,872,558.5848599999999,487086.0,251,859,153.0122,426.66667,282.0,69,401.86957,27729.0,240,553,80.07972,0,0.0,426.66667,218.66667,69,480.7971,33175.0,204,747,152.00925,1,0,0.7600899999999999
1,fliC-_PaQa_solid_0_event5_tirf_RAW_Stack.tif,484,255,255,255,37.55165,27.75413,1,547,932.0694699999999,509842.0,394,1365,270.49149,71.33333,296.0,69,449.89855,31043.0,146,883,211.80652999999998,1,0.0,105.33333,311.33333,69,1059.17391,73083.0,629,1324,179.24203,2,0,0.76064
2,fliC-_PaQa_solid_0_event5_tirf_RAW_Stack.tif,512,255,255,255,27.19922,34.5,1,579,860.80484,498406.0,378,1239,249.68939,366.66667,392.0,69,730.2029,50384.0,291,1170,255.6316,2,0.0,383.33333,424.0,69,891.7971,61534.0,627,1136,143.87081,0,0,0.9253899999999999
1,fliC-_PaQa_solid_0_event6_tirf_RAW_Stack.tif,755,255,255,255,42.51722,34.7543,1,853,330.16647,281632.0,149,529,98.12782,202.0,144.0,69,277.75362,19165.0,164,387,64.1236,0,0.0,246.66667,174.0,69,457.17391,31545.0,303,529,54.455040000000004,1,0,1.1377700000000002
1,fliC-_PaQa_solid_0_event7_tirf_RAW_Stack.tif,699,255,255,255,20.58011,45.73891,1,778,586.58612,456364.0,246,867,163.66856,405.33333,180.0,69,481.47826,33222.0,241,715,136.63494,2,0.0,399.33333,232.0,69,653.2318799999999,45073.0,380,835,114.20572,0,0,0.9604299999999999
1,fliC-_PaQa_solid_0_event8_tirf_RAW_Stack.tif,811,255,255,255,28.9439,41.92787,1,905,348.98122,315828.0,159,510,96.80804,144.0,168.0,69,368.95652,25458.0,261,466,57.91384,0,0.0,165.33333000000002,218.66667,69,356.89855,24626.0,224,462,60.65164,1,0,1.04749
2,fliC-_PaQa_solid_0_event8_tirf_RAW_Stack.tif,591,255,255,255,20.359560000000002,39.484770000000005,1,658,427.01824000000005,280978.0,204,644,115.30994,401.33333,360.0,69,364.46377,25148.0,193,542,99.07953,1,0.0,404.66667,400.66667,69,434.62319,29989.0,278,529,62.23865,0,0,0.91995
1,fliC-_PaQa_solid_0_event9_tirf_RAW_Stack.tif,718,255,255,255,42.23816,20.26184,1,797,384.90966000000003,306773.0,180,539,94.47485999999999,174.66666999999998,82.66667,69,410.68116000000003,28337.0,262,503,70.86991,0,0.0,223.33333,85.33333,69,367.04348,25326.0,195,461,70.92155,2,0,1.01245
2,fliC-_PaQa_solid_0_event9_tirf_RAW_Stack.tif,807,255,255,255,18.02045,46.86183,1,894,1030.90157,921626.0,506,1598,275.08546,418.0,468.0,69,720.1304299999999,49689.0,451,1027,145.16086,2,0.0,418.66667,404.0,69,1042.02899,71900.0,611,1418,218.44632000000001,4,0,0.8325799999999999
1,fliC-_PaQa_solid_1_event10_tirf_RAW_Stack.tif,689,255,255,255,36.17634,32.51742,1,775,449.55613,348406.0,175,712,140.53417,87.33333,304.0,69,379.85507,26210.0,226,488,66.75158,0,0.0,120.66667,273.33333,69,539.37681,37217.0,275,690,111.52171000000001,2,0,1.02736
1,fliC-_PaQa_solid_1_event11_tirf_RAW_Stack.tif,542,255,255,255,36.97417,28.957559999999997,1,615,1512.47967,930175.0,689,2185,434.02029000000005,260.0,370.0,69,1150.6666699999998,79396.0,387,2123,498.57330999999994,0,0.0,296.0,391.33333,69,1496.84058,103282.0,1021,1971,255.95102999999997,3,0,0.84473
2,fliC-_PaQa_solid_1_event11_tirf_RAW_Stack.tif,860,255,255,255,32.02791,44.2314,1,961,452.01041,434382.0,183,664,128.33309,368.0,469.33333,69,444.30435,30657.0,278,575,87.1647,3,0.0,396.66667,418.0,69,481.55072,33227.0,263,627,99.55556,3,0,1.0283200000000001
1,fliC-_PaQa_solid_1_event12_tirf_RAW_Stack.tif,471,255,255,255,37.022290000000005,20.33015,1,529,865.77505,457995.0,358,1238,236.00163999999998,190.66666999999998,214.0,69,642.4347799999999,44328.0,246,1100,256.68208,3,0.0,227.33333,217.33333,69,797.68116,55040.0,340,1112,209.63361,2,0,0.7850600000000001
1,,707,255,255,255,30.3925,41.38543,1,801,1421.0973800000002,1138299.0,494,2136,424.42073,289.33333,139.33333000000002,69,1263.02899,87149.0,590,1781,322.87044,0,0.0,262.66667,182.66666999999998,69,1801.4637699999998,124301.0,1120,2136,250.10342000000003,3,0,1.09606
2,fliC-_PaQa_solid_1_event13_tirf_RAW_Stack.tif,710,255,255,255,32.32817,42.49718,1,804,1418.41045,1140402.0,494,2136,425.96293,290.66667,138.66666999999998,69,1127.97101,77830.0,502,1696,349.22042999999996,0,0.0,260.66667,182.66666999999998,69,1596.3913,110151.0,655,2130,429.29045999999994,3,0,0.9525299999999999
3,fliC-_PaQa_solid_1_event13_tirf_RAW_Stack.tif,392,255,255,255,29.99745,23.05612,1,445,552.8809,246032.0,226,834,166.80917,428.0,232.0,69,457.92754,31597.0,225,673,120.88343,1,0.0,402.66667,241.33333,69,576.57971,39784.0,263,830,173.3242,0,0,0.90922
4,fliC-_PaQa_solid_1_event13_tirf_RAW_Stack.tif,714,255,255,255,38.184870000000004,32.13725,1,802,670.7581,537948.0,309,1050,189.20691000000002,290.66667,286.66667,69,658.3913,45429.0,368,846,127.33377,0,0.0,247.33333,262.66667,69,591.47826,40812.0,278,920,188.32494,0,0,0.91864
1,fliC-_PaQa_solid_1_event1_tirf_RAW_Stack.tif,621,255,255,255,26.586959999999998,34.08293,1,689,414.04354,285276.0,186,694,124.46621999999999,348.66667,312.66667,69,304.6087,21018.0,209,395,42.60151,1,0.0,363.33333,340.0,69,577.50725,39848.0,458,694,58.9635,0,0,1.08294
2,fliC-_PaQa_solid_1_event1_tirf_RAW_Stack.tif,1246,255,255,255,20.979129999999998,55.1573,1,1354,382.60857000000004,518052.0,193,568,95.48058,421.33333,230.0,69,412.98551000000003,28496.0,354,488,33.096340000000005,0,0.0,428.0,164.0,69,326.44928,22525.0,192,479,68.27852,1,0,0.9626299999999999
1,fliC-_PaQa_solid_1_event2_tirf_RAW_Stack.tif,1006,255,255,255,55.43638000000001,30.861829999999998,1,1116,1025.47401,1144429.0,486,1519,281.93617,228.0,428.0,69,896.52174,61860.0,432,1385,281.27957000000004,0,0.0,297.33333,406.66667,69,972.43478,67098.0,587,1315,211.3165,1,0,0.9
1,fliC-_PaQa_solid_1_event3_tirf_RAW_Stack.tif,626,255,255,255,32.5623,29.1869,1,701,881.8131199999999,618151.0,437,1388,262.13624,241.33333,413.33333,69,812.21739,56043.0,551,1065,139.63658999999998,0,0.0,210.0,389.33333,69,1009.4058,69649.0,522,1375,250.10341,2,0,1.04128
1,fliC-_PaQa_solid_1_event4_tirf_RAW_Stack.tif,974,255,255,255,46.04312,37.950720000000004,1,1085,578.07373,627210.0,224,918,167.41223,260.66667,326.66667,69,405.34783,27969.0,227,641,108.73319,1,0.0,314.66667,364.0,69,689.31884,47563.0,472,842,94.42449,2,0,0.9395399999999999
2,fliC-_PaQa_solid_1_event4_tirf_RAW_Stack.tif,755,255,255,255,28.591390000000004,42.999340000000004,1,846,856.05556,724223.0,341,1482,280.47662,362.66667,122.66667,69,597.30435,41214.0,370,841,120.0107,5,0.0,338.0,166.0,69,1212.7246400000001,83678.0,779,1415,154.49841999999998,1,0,1.06911
1,fliC-_PaQa_solid_1_event5_tirf_RAW_Stack.tif,893,255,255,255,44.75196,38.94345,1,1010,2618.74554,2644933.0,957,3747,819.0700400000001,251.33333,288.0,69,2615.4492800000003,180466.0,1291,3491,589.70395,2,0.0,302.66667,245.33333,69,2552.27536,176107.0,975,3730,811.80751,1,0,0.9846
1,fliC-_PaQa_solid_1_event6_tirf_RAW_Stack.tif,825,255,255,255,20.95818,49.38485,1,919,1004.3482,922996.0,433,1579,277.8905,303.33333,420.66667,69,987.63768,68147.0,601,1274,166.27705,4,0.0,302.66667,357.33333,69,838.72464,57872.0,487,1175,184.32571000000002,1,0,0.89487
1,fliC-_PaQa_solid_1_event7_tirf_RAW_Stack.tif,404,255,255,255,28.68317,28.09158,1,462,297.35931,137380.0,140,446,86.63024,228.0,450.66667,69,256.88406000000003,17725.0,122,388,79.82896,1,0.0,248.66667,469.33333,69,310.7971,21445.0,191,386,46.95135,1,0,0.9364100000000001
2,fliC-_PaQa_solid_1_event7_tirf_RAW_Stack.tif,1152,255,255,255,52.96615,40.189240000000005,1,1281,1151.22326,1474717.0,531,1787,348.88437999999996,179.33333000000002,173.33333000000002,69,831.21739,57354.0,556,1157,171.31171,2,0.0,251.33333,205.33333000000002,69,1264.6521699999998,87261.0,729,1596,234.59707999999998,0,0,0.9005200000000001
3,fliC-_PaQa_solid_1_event7_tirf_RAW_Stack.tif,711,255,255,255,42.31435,35.26512,1,806,430.53102,347008.0,166,679,128.50781,110.0,209.33333000000002,69,407.63768,28127.0,218,596,98.92971,2,0.0,66.66667,242.0,69,330.7971,22825.0,150,506,92.20862,1,0,0.8330799999999999
1,fliC-_PaQa_solid_1_event8_tirf_RAW_Stack.tif,694,255,255,255,25.86167,44.0389,1,778,1108.5167099999999,862426.0,461,1635,318.80782,117.33333,296.0,69,766.91304,52917.0,459,1115,189.36991,0,0.0,132.66666999999998,346.66667,69,1182.37681,81584.0,624,1486,216.11142999999998,0,0,0.8569200000000001
2,fliC-_PaQa_solid_1_event8_tirf_RAW_Stack.tif,718,255,255,255,41.491640000000004,32.126740000000005,1,810,375.0037,303753.0,172,615,110.46673,389.33333,332.0,69,366.92753999999996,25318.0,221,454,64.40732,0,0.0,340.66667,306.66667,69,323.01448999999997,22288.0,123,548,120.63783000000001,0,0,0.9050299999999999
3,fliC-_PaQa_solid_1_event8_tirf_RAW_Stack.tif,514,255,255,255,29.815179999999998,32.2607,1,583,323.58662000000004,188651.0,162,484,91.09616,146.66666999999998,154.0,69,269.24638,18578.0,110,443,93.84411,0,0.0,169.33333000000002,180.0,69,333.52173999999997,23013.0,197,426,58.754380000000005,0,0,0.9119799999999999
1,fliC-_PaQa_solid_1_event9_tirf_RAW_Stack.tif,451,255,255,255,18.3337,37.10532,1,505,1216.46535,614315.0,502,1891,369.37127999999996,412.0,340.0,69,700.5507200000001,48338.0,369,1108,211.60566,3,0.0,410.66667,373.33333,69,1481.24638,102206.0,896,1891,278.82645,0,0,0.8632700000000001
1,fliC-_PaQa_solid_2_event10_tirf_RAW_Stack.tif,1009,255,255,255,34.1115,54.30079,1,1129,2855.38353,3223728.0,1179,3774,808.60362,237.33333,374.66667,69,2989.68116,206288.0,1742,3767,562.73961,4,0.0,211.33333,300.0,69,2662.81159,183734.0,1465,3746,715.76944,3,0,0.98839
1,fliC-_PaQa_solid_2_event11_tirf_RAW_Stack.tif,870,255,255,255,50.686209999999996,28.942529999999998,1,974,1723.0061600000001,1678208.0,735,2488,480.0559,331.33333,185.33333000000002,69,1498.23188,103378.0,653,2259,463.28882000000004,3,0.0,396.66667,202.66666999999998,69,1837.1884100000002,126766.0,927,2247,339.35337999999996,1,0,0.96281
1,fliC-_PaQa_solid_2_event12_tirf_RAW_Stack.tif,480,255,255,255,26.92292,36.99167,1,545,554.3743099999999,302134.0,225,824,162.62698,208.66666999999998,176.66666999999998,69,533.6376799999999,36821.0,235,775,159.27658,3,0.0,224.0,142.66666999999998,69,369.4058,25489.0,154,623,138.95972,1,0,0.76627
1,fliC-_PaQa_solid_2_event13_tirf_RAW_Stack.tif,1268,255,255,255,63.606469999999995,33.72003,1,1411,512.4826400000001,723113.0,221,798,145.8251,244.0,126.66667,69,427.0,29463.0,300,590,83.34355,1,0.0,334.66667,150.66666999999998,69,544.88406,37597.0,279,681,110.74753,1,0,0.9429200000000001
2,fliC-_PaQa_solid_2_event13_tirf_RAW_Stack.tif,377,255,255,255,20.51857,33.88196,1,427,405.99062999999995,173358.0,156,571,112.15545,46.66667,268.66667,69,279.95652,19317.0,105,522,126.61328999999999,1,0.0,49.33333,297.33333,69,398.95652,27528.0,199,544,97.82464,1,0,0.77544
1,fliC-_PaQa_solid_2_event14_tirf_RAW_Stack.tif,628,255,255,255,25.99204,37.73885,1,703,668.42674,469904.0,256,1000,185.07433999999998,177.33333000000002,344.0,69,641.5507200000001,44267.0,400,834,115.48116,4,0.0,161.33333000000002,304.66667,69,629.10145,43408.0,346,929,176.71073,6,0,0.9391200000000001
2,fliC-_PaQa_solid_2_event14_tirf_RAW_Stack.tif,487,255,255,255,19.245379999999997,37.45893,1,546,636.7967,347691.0,267,900,174.21021000000002,256.66667,219.33333,69,424.15942,29267.0,185,696,150.66086,0,0.0,258.0,255.33333,69,687.50725,47438.0,396,893,132.30297,2,0,0.8368700000000001
3,fliC-_PaQa_solid_2_event14_tirf_RAW_Stack.tif,420,255,255,255,18.71905,33.48571,1,471,619.34607,291712.0,313,950,175.2254,365.33333,360.0,69,464.5942,32057.0,252,753,148.29543999999999,0,0.0,366.66667,389.33333,69,567.2463799999999,39140.0,289,784,133.85005,0,0,0.77909
1,fliC-_PaQa_solid_2_event16_tirf_RAW_Stack.tif,1127,255,255,255,56.32786,42.04215,1,1267,615.93212,780386.0,205,1010,192.60885,222.66667,304.0,69,575.5507200000001,39713.0,277,790,147.76626000000002,1,0.0,298.0,258.0,69,574.0579700000001,39610.0,305,765,125.42034,2,0,0.9256700000000001
1,fliC-_PaQa_solid_2_event17_tirf_RAW_Stack.tif,785,255,255,255,32.08344,47.13185,1,886,761.79007,674946.0,268,1415,278.26319,242.0,88.0,69,534.3913,36873.0,385,694,80.71831999999999,3,0.0,267.33333,141.33333000000002,69,1137.3478300000002,78477.0,816,1407,162.72169,1,0,1.11729
1,fliC-_PaQa_solid_2_event19_tirf_RAW_Stack.tif,815,255,255,255,21.29877,54.4092,1,911,1383.67508,1260528.0,596,2056,398.52035,358.0,118.66667,69,968.36232,66817.0,448,1566,327.94749,2,0.0,364.0,188.0,69,1347.2753599999999,92962.0,761,1751,251.87063999999998,1,0,0.81308
1,fliC-_PaQa_solid_2_event20_tirf_RAW_Stack.tif,1031,255,255,255,38.941320000000005,51.79971,1,1151,600.16247,690787.0,261,935,185.50901000000002,304.66667,200.0,69,431.55072,29777.0,148,794,205.33735,0,0.0,342.66667,266.0,69,605.97101,41812.0,304,842,140.05398,0,0,0.8486899999999999
1,fliC-_PaQa_solid_2_event21_tirf_RAW_Stack.tif,1255,255,255,255,25.80438,64.50319,1,1373,1676.78878,2302231.0,750,2637,461.68113,134.66666999999998,74.0,69,1037.0869599999999,71559.0,615,1497,242.24227000000002,0,0.0,146.66666999999998,160.66666999999998,69,2039.55072,140729.0,1145,2468,362.63057000000003,1,0,0.9090299999999999
2,fliC-_PaQa_solid_2_event21_tirf_RAW_Stack.tif,847,255,255,255,49.317,25.96517,1,944,1281.6928,1209918.0,548,1836,351.2632,264.0,346.0,69,1285.21739,88680.0,631,1780,313.49467000000004,0,0.0,327.33333,362.0,69,1274.4782599999999,87939.0,876,1616,223.4544,3,0,0.99831
1,fliC-_PaQa_solid_2_event2_tirf_RAW_Stack.tif,707,255,255,255,32.27228,37.73055,1,795,603.0276700000001,479407.0,301,934,166.91061000000002,341.33333,235.33333,69,592.8695700000001,40908.0,348,731,98.6953,0,0.0,312.0,197.33333000000002,69,635.17391,43827.0,341,893,169.7551,3,0,1.02215
1,fliC-_PaQa_solid_2_event3_tirf_RAW_Stack.tif,976,255,255,255,32.922129999999996,50.423159999999996,1,1088,459.97243,500450.0,218,858,163.59158,445.33333,253.33333,69,321.17391000000003,22161.0,237,410,43.37557,0,0.0,413.33333,188.0,69,365.5942,25226.0,155,609,126.31745,3,0,0.72002
1,fliC-_PaQa_solid_2_event4_tirf_RAW_Stack.tif,500,255,255,255,23.312,33.814,1,565,620.24425,350438.0,267,901,173.48054,172.66666999999998,138.0,69,741.28986,51149.0,440,872,103.30539,1,0.0,163.33333000000002,109.33333,69,592.01449,40849.0,353,817,119.47243,2,0,1.10146
1,fliC-_PaQa_solid_2_event6_tirf_RAW_Stack.tif,905,255,255,255,32.002759999999995,50.31989,1,1009,455.26065,459358.0,187,733,142.20252,369.33333,211.33333,69,431.01449,29740.0,272,554,82.50855,1,0.0,394.66667,152.0,69,378.82608999999997,26139.0,200,566,104.78254,2,0,0.87411
2,fliC-_PaQa_solid_2_event6_tirf_RAW_Stack.tif,797,255,255,255,42.41468,33.59912,1,891,854.48485,761346.0,355,1385,266.69311,395.33333,401.33333,69,499.69565,34479.0,338,714,95.50228,0,0.0,440.0,366.0,69,1003.10145,69214.0,569,1385,228.70056,5,0,0.86034
1,fliC-_PaQa_solid_2_event7_tirf_RAW_Stack.tif,716,255,255,255,23.76816,47.65363,1,805,443.02484000000004,356635.0,180,685,133.38506,442.0,184.0,69,498.72464,34412.0,310,659,103.48741,1,0.0,428.0,128.0,69,345.0,23805.0,165,532,108.35861000000001,0,0,0.94291
1,fliC-_PaQa_solid_2_event8_tirf_RAW_Stack.tif,818,255,255,255,29.28117,47.309290000000004,1,916,369.03057,338032.0,155,548,105.43303,264.0,354.0,69,359.66667,24817.0,164,491,94.52103000000001,0,0.0,288.66667,297.33333,69,276.04348,19047.0,126,459,98.87476,1,0,0.84065
1,fliC-_PaQa_solid_2_event9_tirf_RAW_Stack.tif,892,255,255,255,49.71076,23.63341,1,982,1342.04888,1317892.0,575,2106,371.96992,315.33333,152.0,69,861.75362,59461.0,466,1271,226.85564,0,0.0,378.0,161.33333000000002,69,1296.30435,89445.0,669,1738,295.60075,1,0,0.77905
2,fliC-_PaQa_solid_2_event9_tirf_RAW_Stack.tif,851,255,255,255,42.534079999999996,46.84078,1,964,929.71473,896245.0,298,1462,302.09,178.0,195.33333000000002,69,946.7971,65329.0,498,1254,209.58373,2,0.0,222.66667,144.0,69,642.82609,44355.0,248,1110,264.48974,0,0,0.8346600000000001
1,fliC-_PaQa_solid_3_event10_tirf_RAW_Stack.tif,641,255,255,255,33.28003,37.6014,1,728,1898.0439600000002,1381776.0,817,2717,558.66598,119.33333,341.33333,69,1494.01449,103087.0,706,2234,433.36170999999996,3,0.0,149.33333000000002,378.66667,69,2031.1739100000002,140151.0,1297,2582,334.69547,0,0,0.9133899999999999
1,fliC-_PaQa_solid_3_event11_tirf_RAW_Stack.tif,405,255,255,255,23.66296,34.43827,1,461,346.78959,159870.0,130,532,101.41244,114.0,272.66667,69,235.42029,16244.0,102,412,89.44261999999999,1,0.0,123.33333,299.33333,69,446.0,30774.0,287,532,61.90909,0,0,0.9751700000000001
1,fliC-_PaQa_solid_3_event12_tirf_RAW_Stack.tif,729,255,255,255,45.25995,20.20233,1,810,288.16542999999996,233414.0,137,386,69.10656999999999,270.0,210.66667,69,252.28986,17408.0,130,370,68.2153,0,0.0,325.33333,213.33333,69,280.34783,19344.0,173,349,45.68396,0,0,0.91002
1,fliC-_PaQa_solid_3_event13_tirf_RAW_Stack.tif,542,255,255,255,25.75277,37.4631,1,614,1207.8908800000002,741645.0,445,1776,364.85195,181.33333000000002,180.66666999999998,69,911.4058,62887.0,420,1417,299.12221,2,0.0,164.0,216.66667,69,1240.5942,85601.0,814,1592,200.37974,7,0,0.8634700000000001
2,fliC-_PaQa_solid_3_event13_tirf_RAW_Stack.tif,945,255,255,255,37.59312,51.73915,1,1061,766.4297799999999,813182.0,287,1324,245.71649,290.66667,231.33333,69,636.5942,43925.0,276,923,171.01473000000001,1,0.0,320.0,166.66666999999998,69,752.02899,51890.0,373,1083,189.66976,0,0,0.8933399999999999
1,fliC-_PaQa_solid_3_event1_tirf_RAW_Stack.tif,567,255,255,255,35.875659999999996,27.27601,1,639,478.59624,305823.0,216,688,137.03131000000002,133.33333000000002,226.0,69,454.28986,31346.0,219,686,140.71217,3,0.0,168.0,242.66667,69,486.78261,33588.0,310,619,88.70504,0,0,0.97862
1,fliC-_PaQa_solid_3_event2_tirf_RAW_Stack.tif,952,255,255,255,29.852940000000004,45.900209999999994,1,1067,102.99906,109900.0,38,197,30.61945,302.0,266.66667,69,155.55071999999998,10733.0,103,197,26.43501,0,0.0,328.0,211.33333,69,125.50725,8660.0,72,152,22.16358,0,0,1.44245
1,fliC-_PaQa_solid_3_event4_tirf_RAW_Stack.tif,879,255,255,255,47.49317,39.50114,1,994,637.5171,633692.0,230,1007,198.005,95.33333,273.33333,69,597.10145,41200.0,278,782,140.87825,1,0.0,151.33333000000002,233.33333,69,638.18841,44035.0,295,924,175.89438,1,0,0.96398
1,fliC-_PaQa_solid_3_event6_tirf_RAW_Stack.tif,725,255,255,255,37.07931,39.34138,1,822,444.8163,365639.0,148,663,139.86154,206.0,246.66667,69,369.08696000000003,25467.0,143,597,123.96876999999999,0,0.0,167.33333000000002,286.0,69,455.85507,31454.0,263,611,97.8697,0,0,0.9138799999999999
2,fliC-_PaQa_solid_3_event6_tirf_RAW_Stack.tif,597,255,255,255,38.89363,21.44807,1,665,1007.1939800000001,669784.0,436,1496,281.87172000000004,274.0,318.66667,69,850.91304,58713.0,389,1225,223.32387000000003,0,0.0,232.0,322.0,69,917.84058,63331.0,585,1237,179.60246999999998,4,0,0.8508899999999999
1,fliC-_PaQa_solid_3_event7_tirf_RAW_Stack.tif,831,255,255,255,38.4639,42.64079,1,936,439.09295,410991.0,178,660,129.62219,206.66666999999998,273.33333,69,399.7971,27586.0,210,557,94.82516,0,0.0,246.0,226.66667,69,379.2029,26165.0,177,567,106.4022,1,0,0.8700600000000001
1,fliC-_PaQa_solid_3_event8_tirf_RAW_Stack.tif,747,255,255,255,22.1158,49.81058,1,833,694.22329,578288.0,250,1095,203.01326,74.0,226.66667,69,513.07246,35402.0,237,817,171.89311999999998,3,0.0,68.66667,286.66667,69,594.6087,41028.0,346,776,115.9058,1,0,0.76699
2,fliC-_PaQa_solid_3_event8_tirf_RAW_Stack.tif,812,255,255,255,30.155170000000002,46.86946,1,914,656.92998,600434.0,249,1021,197.7259,254.66667,380.0,69,570.1304299999999,39339.0,289,816,131.48696,0,0.0,280.66667,321.33333,69,560.78261,38694.0,214,927,215.26105,4,0,0.83996
1,fliC-_PaQa_solid_4_event10_tirf_RAW_Stack.tif,545,255,255,255,38.56055,24.534860000000002,1,614,383.11075,235230.0,166,601,109.25761999999999,252.63603999999998,375.87868,156,323.85256,50521.0,121,502,107.58012,2,0.0,375.87868,217.43988,156,323.57692000000003,50478.0,83,568,120.66146,0,0,0.72831
1,fliC-_PaQa_solid_4_event11_tirf_RAW_Stack.tif,519,255,255,255,34.621390000000005,28.421,1,587,525.08007,308222.0,195,754,153.62613000000002,353.37555,302.65589,156,458.72436,71561.0,134,728,174.01938,0,0.0,302.65589,325.53632999999996,156,480.49359000000004,74957.0,144,754,190.56251,0,0,0.7986300000000001
1,fliC-_PaQa_solid_4_event12_tirf_RAW_Stack.tif,1109,255,255,255,25.9193,69.19521999999999,1,1243,1988.5599399999999,2471780.0,753,3013,598.12371,254.63943999999998,232.52389,32,1457.6875,46646.0,670,2219,440.51879,2,0.0,232.52389,238.46249,32,1540.34375,49291.0,764,2285,445.25372000000004,2,0,0.74388
1,fliC-_PaQa_solid_4_event13_tirf_RAW_Stack.tif,522,255,255,255,32.729890000000005,29.760540000000002,1,591,293.64128999999997,173542.0,139,433,82.95608,282.73485,377.8433,156,269.0,41964.0,96,427,92.79481,0,0.0,377.8433,256.29514,156,257.73717999999997,40207.0,129,384,69.07463,0,0,0.80419
1,fliC-_PaQa_solid_4_event2_tirf_RAW_Stack.tif,928,255,255,255,39.11315,45.41056,1,1043,599.82167,625614.0,273,903,179.81241,362.27715,142.66227,80,532.2625,42581.0,264,775,146.47138999999999,0,0.0,142.66227,317.71626000000003,80,539.8125,43185.0,300,773,132.66595,4,0,0.87677
2,fliC-_PaQa_solid_4_event2_tirf_RAW_Stack.tif,656,255,255,255,36.8628,38.92378,1,742,590.39757,438075.0,215,932,180.37784,434.83205,108.80918,137,486.9562,66713.0,186,744,149.79588,2,0.0,108.80918,402.60584,137,514.69343,70513.0,234,827,173.05633,2,0,0.77908
1,fliC-_PaQa_solid_4_event3_tirf_RAW_Stack.tif,559,255,255,255,30.4517,33.37299,1,631,467.90174,295246.0,178,738,142.36307,258.00819,254.50595,156,475.89744,74240.0,152,723,172.22293,1,0.0,254.50595,237.12582,156,381.0641,59446.0,186,577,107.70681,0,0,0.84603
1,fliC-_PaQa_solid_4_event4_tirf_RAW_Stack.tif,952,255,255,255,32.111340000000006,57.55882,1,1069,1795.8522,1919766.0,679,3007,561.71754,358.87786,161.12931,97,1550.24742,150374.0,365,2963,852.4363699999999,3,0.0,161.12931,378.28673,97,1572.8144300000001,152563.0,583,2251,479.64994,0,0,0.8450700000000001
1,fliC-_PaQa_solid_4_event5_tirf_RAW_Stack.tif,1153,255,255,255,60.752390000000005,34.5503,1,1282,644.32215,826021.0,293,1031,188.21974,240.41041,249.21516,80,535.425,42834.0,280,748,127.60766000000001,0,0.0,249.21516,159.62343,80,548.775,43902.0,284,787,145.96766000000002,3,0,0.8227399999999999
1,fliC-_PaQa_solid_4_event7_tirf_RAW_Stack.tif,845,255,255,255,45.54142,27.8503,1,938,979.45096,918725.0,428,1510,267.87363999999997,369.88602000000003,344.38159,137,873.0073,119602.0,218,1363,361.92345,1,0.0,344.38159,315.0,137,951.48175,130353.0,517,1242,211.31127999999998,0,0,0.90574
1,fliC-_PaQa_solid_4_event8_tirf_RAW_Stack.tif,937,255,255,255,34.48506,52.45091,1,1054,807.5597700000001,851168.0,312,1351,255.03134,201.93847,285.51817,52,706.01923,36713.0,372,1018,180.06268,2,0.0,285.51817,170.86641,52,657.09615,34169.0,302,1027,201.74273,0,0,0.8298
1,fliC-_PaQa_solid_4_event9_tirf_RAW_Stack.tif,812,255,255,255,48.214290000000005,24.78941,1,902,452.97227999999996,408581.0,191,651,119.24371000000001,256.22275,238.93455,112,391.98214,43902.0,135,620,150.36005,0,0.0,238.93455,198.64799,112,426.73214,47794.0,199,621,120.70312,0,0,0.87585
1,fliC-_PaQa_solid_0_event1_tirf_RAW_Stack.tif,855,255,255,255,51.81345,24.9386,1,950,1668.3494699999999,1584932.0,688,2339,461.45180999999997,337.92794,164.13256,137,1319.49635,180771.0,296,2213,534.31908,4,0.0,164.13256,274.04622,137,1659.27737,227321.0,643,2339,493.4005,5,0,0.8555299999999999
1,fliC-_PaQa_solid_0_event10_tirf_RAW_Stack.tif,1142,255,255,255,54.072680000000005,45.94834,1,1279,1117.38624,1429137.0,361,1764,354.85564,305.45877,398.76077999999995,177,1009.25989,178639.0,162,1764,529.08965,1,,398.76077999999995,241.11315,177,868.82486,153782.0,228,1476,355.72578,0,0,0.79201
1,fliC-_PaQa_solid_0_event11_tirf_RAW_Stack.tif,484,255,255,255,31.95455,27.592979999999997,1,551,575.0163299999999,316834.0,285,801,152.87572,391.96546,427.46222,137,519.20438,71131.0,200,780,178.82308,1,0.0,427.46222,364.24047,137,555.29927,76076.0,249,797,164.46005,1,0,0.8773299999999999
1,fliC-_PaQa_solid_0_event12_tirf_RAW_Stack.tif,592,255,255,255,24.44257,41.62669,1,661,600.84871,397161.0,257,865,170.2027,245.74245,256.28776,137,515.69343,70650.0,188,768,151.35756,0,0.0,256.28776,238.15839,137,577.56204,79126.0,219,865,191.58218,0,0,0.8551200000000001
1,fliC-_PaQa_solid_0_event13_tirf_RAW_Stack.tif,606,255,255,255,21.79208,43.15347,1,674,463.9184,312681.0,179,663,128.77104,340.82604,390.45679,156,411.84615,64248.0,110,612,149.85482,1,0.0,390.45679,334.05745,156,403.45513,62939.0,108,613,140.83751,0,0,0.79555
2,fliC-_PaQa_solid_0_event13_tirf_RAW_Stack.tif,546,255,255,255,23.293039999999998,40.391940000000005,1,612,711.20752,435259.0,288,1039,200.41459,365.53947,88.42761,156,639.13462,99705.0,146,1026,231.29487000000003,0,0.0,88.42761,358.29547,156,638.03205,99533.0,283,918,188.83792,1,0,0.8116899999999999
1,fliC-_PaQa_solid_0_event14_tirf_RAW_Stack.tif,1097,255,255,255,27.745209999999997,69.4289,1,1224,1840.4321899999998,2252689.0,653,3019,582.8597,187.73009,198.73338999999999,137,1681.05839,230305.0,267,3019,903.1704,6,0.0,198.73338999999999,201.72597,137,1405.9708,192618.0,405,1995,471.04113,0,0,0.80138
1,fliC-_PaQa_solid_0_event16_tirf_RAW_Stack.tif,773,255,255,255,42.33182,39.498709999999996,1,878,1133.39636,995122.0,481,1928,374.03451,300.70403,368.83887999999996,156,921.0128199999999,143678.0,318,1443,330.69821,2,0.0,368.83887999999996,255.024,156,1141.64103,178096.0,383,1830,443.80515999999994,5,0,0.8669100000000001
1,fliC-_PaQa_solid_0_event2_tirf_RAW_Stack.tif,817,255,255,255,43.7093,45.35924,1,921,654.78067,603053.0,233,1079,210.61007999999998,385.29707,206.19281999999998,177,476.19774,84287.0,130,780,167.17846,0,0.0,206.19281999999998,345.8076,177,532.9548,94333.0,209,918,196.05886,1,0,0.67406
1,fliC-_PaQa_solid_0_event4_tirf_RAW_Stack.tif,899,255,255,255,46.14627,48.12069,1,1017,921.0,936657.0,415,1448,282.85791,266.81765,228.65352000000001,156,819.61538,127860.0,182,1364,329.33447,1,0.0,228.65352000000001,215.86307000000002,156,757.48077,118167.0,259,1219,283.2207,0,0,0.80496
1,fliC-_PaQa_solid_0_event7_tirf_RAW_Stack.tif,957,255,255,255,41.5512,40.604490000000006,1,1075,499.71628,537195.0,237,746,145.35865,278.13841,454.05312000000004,156,423.14103,66010.0,158,675,147.47975,1,0.0,454.05312000000004,230.03065,156,484.08974000000006,75518.0,171,733,167.38653,0,0,0.87475
2,fliC-_PaQa_solid_0_event7_tirf_RAW_Stack.tif,611,255,255,255,22.80933,40.12357,1,679,307.58763,208852.0,136,469,90.21419,257.47989,44.807520000000004,156,274.0641,42754.0,136,414,71.7748,0,0.0,44.807520000000004,263.20147000000003,156,280.02564,43684.0,83,457,110.42813999999998,0,0,0.8305899999999999
1,fliC-_PaQa_solid_0_event8_tirf_RAW_Stack.tif,335,255,255,255,25.24925,36.01343,1,381,954.90026,363817.0,424,1821,354.56512000000004,286.36836,295.83976,156,758.53846,118332.0,488,1259,189.68638,0,0.0,295.83976,274.12962999999996,156,1159.39744,180866.0,417,1821,404.97189,4,0,1.02398
2,fliC-_PaQa_solid_0_event8_tirf_RAW_Stack.tif,555,255,255,255,34.4964,27.044140000000002,1,619,298.6559,184868.0,132,456,84.8163,120.44246000000001,386.45908,177,241.03955,42664.0,99,386,79.49838000000001,4,0.0,386.45908,91.42961,177,304.78531,53947.0,112,456,103.56272,1,0,0.81945
1,fliC-_PaQa_solid_0_event9_tirf_RAW_Stack.tif,1149,255,255,255,38.35988,56.81941,1,1279,2162.66927,2766054.0,915,3278,651.11102,186.48448,460.48922999999996,156,1823.15385,284412.0,661,2822,649.8285,2,0.0,460.48922999999996,152.41488999999999,156,1927.8653800000002,300747.0,679,2891,621.50205,2,0,0.8315899999999999
