Label,ID,TRACK_ID,QUALITY,POSITION_X,POSITION_Y,POSITION_Z,POSITION_T,FRAME,RADIUS,VISIBILITY,MANUAL_COLOR,MEAN_INTENSITY,MEDIAN_INTENSITY,MIN_INTENSITY,MAX_INTENSITY,TOTAL_INTENSITY,STANDARD_DEVIATION,ESTIMATED_DIAMETER,CONTRAST,SNR,Strain,Reporter,TimePoint,TeckRep
ID1000368,1000368,31,0.28376999999999997,53.710390000000004,39.12846,0,0,0,7.5,1,-10921639,39.434509999999996,0,0,255,68340,92.22596,22.513939999999998,0.43438999999999994,0.25898000000000004,pilH-fliC-,PaQa,3,1
ID1000284,1000284,31,0.29331999999999997,54.35893000000001,39.38974,0,3,1,7.5,1,-10921639,39.728790000000004,0,0,255,68850,92.50623,19.444589999999998,0.44656,0.26516,pilH-fliC-,PaQa,3,1
ID1000539,1000539,31,0.30294,53.92653000000001,38.71754,0,6,2,7.5,1,-10921639,40.46451,0,0,255,70125,93.19917,21.10236,0.4435,0.26679,pilH-fliC-,PaQa,3,1
ID1000452,1000452,31,0.30791,53.8676,38.770340000000004,0,9,3,7.5,1,-10921639,41.641659999999995,0,0,255,72165,94.28534,3.0,0.46518000000000004,0.28044,pilH-fliC-,PaQa,3,1
ID1000614,1000614,31,0.27485,54.43618000000001,37.44891,0,12,4,7.5,1,-10921639,39.28736,0,0,255,68085,92.08514,27.08046,0.45813000000000004,0.26809,pilH-fliC-,PaQa,3,1
ID1000691,1000691,31,0.27847,54.41534,38.63773,0,15,5,7.5,1,-10921639,40.02308,0,0,255,69360,92.78473000000001,21.20261,0.44427,0.26538,pilH-fliC-,PaQa,3,1
ID1000840,1000840,31,0.24298000000000003,54.23431,37.10969,0,18,6,7.5,1,-10921639,37.08021,0,0,255,64260,89.91761,24.2494,0.42123999999999995,0.24445,pilH-fliC-,PaQa,3,1
ID1000769,1000769,31,0.2767,54.09089,36.55702,0,21,7,7.5,1,-10921639,40.17023,0,0,255,69615,92.92331999999999,27.176640000000003,0.50958,0.29186,pilH-fliC-,PaQa,3,1
ID1000914,1000914,31,0.23601999999999998,53.522769999999994,36.36226,0,24,8,7.5,1,-10921639,35.903059999999996,0,0,255,62220,88.71748000000001,27.064459999999997,0.50843,0.27281,pilH-fliC-,PaQa,3,1
ID1001057,1001057,31,0.22546,52.9567,35.31073,0,27,9,7.5,1,-10921639,34.57877,0,0,255,59925,87.32866,27.15513,0.44745,0.24481,pilH-fliC-,PaQa,3,1
ID1000984,1000984,31,0.24151,53.44752,34.321259999999995,0,30,10,7.5,1,-10921639,35.75591,0,0,255,61965,88.56522,28.5,0.49588000000000004,0.26766999999999996,pilH-fliC-,PaQa,3,1
ID1001132,1001132,31,0.2683,53.241530000000004,35.70227,0,33,11,7.5,1,-10921639,38.110209999999995,0,0,255,66045,90.94223000000001,27.10515,0.59925,0.31405,pilH-fliC-,PaQa,3,1
ID1001213,1001213,31,0.2795,53.55967,35.40148,0,36,12,7.5,1,-10921639,38.69879,0,0,255,67065,91.51736,28.5,0.51615,0.28791,pilH-fliC-,PaQa,3,1
ID1001359,1001359,31,0.23585,54.19429,32.43723,0,39,13,7.5,1,-10921639,32.6659,0,0,255,56610,85.24633,6.22574,0.53304,0.26647,pilH-fliC-,PaQa,3,1
ID1001283,1001283,31,0.22269,54.711209999999994,29.07762,0,42,14,7.5,1,-10921639,31.93018,0,0,255,55335,84.42021,3.0,0.46033,0.23845,pilH-fliC-,PaQa,3,1
ID1001432,1001432,31,0.24224,55.19846999999999,28.28057,0,45,15,7.5,1,-10921639,32.224470000000004,0,0,255,55845,84.75239,28.5,0.44748999999999994,0.23509000000000002,pilH-fliC-,PaQa,3,1
ID1001586,1001586,31,0.2132,55.65436,26.71218,0,48,16,7.5,1,-10921639,28.251590000000004,0,0,255,48960,80.06061,3.0,0.48686,0.23109000000000002,pilH-fliC-,PaQa,3,1
ID1001508,1001508,31,0.2014,55.825,24.92625,0,51,17,7.5,1,-10921639,26.19158,0,0,255,45390,77.43585999999999,6.0804599999999995,0.53205,0.23492,pilH-fliC-,PaQa,3,1
ID1001662,1001662,31,0.19802,56.37315,25.50825,0,54,18,7.5,1,-10921639,24.57299,0,0,255,42585,75.26985,7.066960000000001,0.50188,0.21819000000000002,pilH-fliC-,PaQa,3,1
ID1001735,1001735,31,0.19835999999999998,56.380959999999995,24.35918,0,57,19,7.5,1,-10921639,25.603,0,0,255,44370,76.65926,28.5,0.55391,0.23811,pilH-fliC-,PaQa,3,1
ID1001872,1001872,31,0.18666,56.63276,24.65544,0,60,20,7.5,1,-10921639,26.19158,0,0,255,45390,77.43585999999999,5.561719999999999,0.55018,0.24009,pilH-fliC-,PaQa,3,1
ID1001807,1001807,31,0.21053000000000002,57.388769999999994,24.8325,0,63,21,7.5,1,-10921639,27.36872,0,0,255,47430,78.95299,4.65332,0.52393,0.23835,pilH-fliC-,PaQa,3,1
ID1001938,1001938,31,0.20307999999999998,59.45993000000001,25.00006,0,66,22,7.5,1,-10921639,28.39873,0,0,255,49215,80.24278000000001,20.7424,0.5187,0.24175,pilH-fliC-,PaQa,3,1
ID1002007,1002007,31,0.20253,60.721309999999995,26.52317,0,69,23,7.5,1,-10921639,29.42874,0,0,255,51000,81.49914,3.0,0.47962,0.2341,pilH-fliC-,PaQa,3,1
ID1002067,1002067,31,0.2782,61.4885,22.28996,0,72,24,7.5,1,-10921639,36.93306,0,0,255,64005,89.76932,5.2584800000000005,0.58739,0.30448000000000003,pilH-fliC-,PaQa,3,1
ID1002130,1002130,31,0.31638,62.436719999999994,20.68222,0,75,25,7.5,1,-10921639,42.81881,0,0,255,74205,95.3446,6.10025,0.66387,0.35836999999999997,pilH-fliC-,PaQa,3,1
ID1002189,1002189,31,0.28853,63.36492,20.28977,0,78,26,7.5,1,-10921639,40.61166,0,0,255,70380,93.33645,10.41059,0.66743,0.34833000000000003,pilH-fliC-,PaQa,3,1
ID1002304,1002304,31,0.28773000000000004,64.29129,19.459,0,81,27,7.5,1,-10921639,39.58165,0,0,255,68595,92.36632,5.80112,0.6533100000000001,0.33866999999999997,pilH-fliC-,PaQa,3,1
ID1002360,1002360,31,0.30388000000000004,64.27265,20.24033,0,84,28,7.5,1,-10921639,41.49452,0,0,255,71910,94.15106,10.36515,0.68696,0.35894000000000004,pilH-fliC-,PaQa,3,1
ID1002248,1002248,31,0.36856,63.9913,22.22196,0,87,29,7.5,1,-10921639,49.145990000000005,0,0,255,85170,100.61183,10.65981,0.77595,0.42685,pilH-fliC-,PaQa,3,1
ID1002415,1002415,31,0.28569,63.79365,20.96677,0,90,30,7.5,1,-10921639,42.083090000000006,0,0,255,72930,94.68567,10.369589999999999,0.70954,0.36894,pilH-fliC-,PaQa,3,1
ID1002580,1002580,31,0.30124,62.97095,22.03484,0,93,31,7.5,1,-10921639,41.93595,0,0,255,72675,94.55264,26.96821,0.68296,0.35996999999999996,pilH-fliC-,PaQa,3,1
ID1002472,1002472,31,0.31364000000000003,62.51333,22.944229999999997,0,96,32,7.5,1,-10921639,43.1131,0,0,255,74715,95.60531,5.75726,0.6388699999999999,0.35158,pilH-fliC-,PaQa,3,1
ID1002526,1002526,31,0.27848,62.60408,23.01576,0,99,33,7.5,1,-10921639,43.1131,0,0,255,74715,95.60531,11.7694,0.65778,0.35786,pilH-fliC-,PaQa,3,1
ID1002634,1002634,31,0.27807,62.338080000000005,23.08642,0,102,34,7.5,1,-10921639,42.23024,0,0,255,73185,94.81828,9.64813,0.65673,0.3531,pilH-fliC-,PaQa,3,1
ID1002737,1002737,31,0.27359,61.6416,23.240560000000002,0,105,35,7.5,1,-10921639,41.34737,0,0,255,71655,94.01635999999999,8.67906,0.64085,0.34353,pilH-fliC-,PaQa,3,1
ID1002690,1002690,31,0.26059,61.60314,24.34676,0,108,36,7.5,1,-10921639,41.93595,0,0,255,72675,94.55264,6.33589,0.62903,0.34252,pilH-fliC-,PaQa,3,1
ID1002787,1002787,31,0.24774000000000002,62.04809,24.34158,0,111,37,7.5,1,-10921639,39.28736,0,0,255,68085,92.08514,17.2731,0.61552,0.32511,pilH-fliC-,PaQa,3,1
ID1002835,1002835,31,0.21520999999999998,62.119640000000004,24.88329,0,114,38,7.5,1,-10921639,37.3745,0,0,255,64770,90.21275,17.02625,0.52628,0.28570999999999996,pilH-fliC-,PaQa,3,1
ID1002884,1002884,31,0.24081999999999998,62.170880000000004,26.357840000000003,0,117,39,7.5,1,-10921639,37.521640000000005,0,0,255,65025,90.35959,5.733619999999999,0.5017199999999999,0.27747,pilH-fliC-,PaQa,3,1
ID1002937,1002937,31,0.18821,64.07364,29.97997,0,120,40,7.5,1,-10921639,32.81304,0,0,255,56865,85.40983,22.95461,0.35695,0.20212,pilH-fliC-,PaQa,3,1
ID1002993,1002993,31,0.18445,64.06777,29.5244,0,123,41,7.5,1,-10921639,32.96018,0,0,255,57120,85.57276999999999,25.249489999999998,0.3589,0.20345,pilH-fliC-,PaQa,3,1
ID1003051,1003051,31,0.24536999999999998,64.82906,30.08318,0,126,42,7.5,1,-10921639,37.66878,0,0,255,65280,90.50596,6.19909,0.40375,0.23942,pilH-fliC-,PaQa,3,1
ID1003108,1003108,31,0.2255,64.89899,30.97485,0,129,43,7.5,1,-10921639,35.0202,0,0,255,60690,87.79626,24.94756,0.40164,0.2286,pilH-fliC-,PaQa,3,1
ID1003170,1003170,31,0.22985999999999998,65.07271,31.8244,0,132,44,7.5,1,-10921639,34.72591,0,0,255,60180,87.48505,28.5,0.43123,0.23919,pilH-fliC-,PaQa,3,1
ID1003229,1003229,31,0.16033,65.81296999999999,33.218379999999996,0,135,45,7.5,1,-10921639,28.69302,0,0,255,49725,80.60508,6.1969199999999995,0.35527,0.18663,pilH-fliC-,PaQa,3,1
ID1003294,1003294,31,0.14076,66.78078000000001,34.157920000000004,0,138,46,7.5,1,-10921639,26.19158,0,0,255,45390,77.43585999999999,18.23028,0.38794,0.18908,pilH-fliC-,PaQa,3,1
ID1003358,1003358,31,0.14314000000000002,66.78227,35.400659999999995,0,141,47,7.5,1,-10921639,26.04443,0,0,255,45135,77.24287,15.31284,0.42341000000000006,0.20059000000000002,pilH-fliC-,PaQa,3,1
ID1003425,1003425,31,0.14972,65.78737,35.792629999999996,0,144,48,7.5,1,-10921639,28.54587,0,0,255,49470,80.42426999999999,10.8897,0.52669,0.2449,pilH-fliC-,PaQa,3,1
ID1003492,1003492,31,0.21836999999999998,65.16461,35.77122,0,147,49,7.5,1,-10921639,31.19446,0,0,255,54060,83.57945,8.858880000000001,0.55605,0.26675,pilH-fliC-,PaQa,3,1
ID1003564,1003564,31,0.21838000000000002,64.32498000000001,36.0182,0,150,50,7.5,1,-10921639,31.047320000000003,0,0,255,53805,83.4095,6.07561,0.5201600000000001,0.25473,pilH-fliC-,PaQa,3,1
ID1003628,1003628,31,0.20459000000000002,63.85658000000001,36.8818,0,153,51,7.5,1,-10921639,31.047320000000003,0,0,255,53805,83.4095,28.5,0.47328000000000003,0.23915,pilH-fliC-,PaQa,3,1
ID1003685,1003685,31,0.23631999999999997,63.199940000000005,35.84833,0,156,52,7.5,1,-10921639,34.43162,0,0,255,59670,87.17174,25.95306,0.47675,0.25503000000000003,pilH-fliC-,PaQa,3,1
ID1003744,1003744,31,0.23049,63.47185,36.417609999999996,0,159,53,7.5,1,-10921639,33.25447,0,0,255,57630,85.89695999999999,27.24867,0.47947,0.25093000000000004,pilH-fliC-,PaQa,3,1
ID1003806,1003806,31,0.19863,63.7463,36.95534,0,162,54,7.5,1,-10921639,28.54587,0,0,255,49470,80.42426999999999,28.5,0.43281000000000003,0.21444000000000002,pilH-fliC-,PaQa,3,1
ID1003869,1003869,31,0.18448,63.44315,36.647659999999995,0,165,55,7.5,1,-10921639,29.13445,0,0,255,50490,81.1435,27.213340000000002,0.39954,0.205,pilH-fliC-,PaQa,3,1
ID1003930,1003930,31,0.18425,63.91924,36.67586,0,168,56,7.5,1,-10921639,29.42874,0,0,255,51000,81.49914,22.52954,0.41727,0.21261999999999998,pilH-fliC-,PaQa,3,1
ID1003991,1003991,31,0.17077,63.86095,36.86313,0,171,57,7.5,1,-10921639,27.810159999999996,0,0,255,48195,79.50995,20.26199,0.41491000000000006,0.20513,pilH-fliC-,PaQa,3,1
ID1004049,1004049,31,0.19357,63.662659999999995,36.1141,0,174,58,7.5,1,-10921639,28.987309999999997,0,0,255,50235,80.96469,18.08851,0.38240999999999997,0.19808,pilH-fliC-,PaQa,3,1
ID1004110,1004110,31,0.1953,64.49575,36.638659999999994,0,177,59,7.5,1,-10921639,28.251590000000004,0,0,255,48960,80.06061,17.087310000000002,0.40201,0.20237,pilH-fliC-,PaQa,3,1
ID1004167,1004167,31,0.21550999999999998,64.71276999999999,37.017559999999996,0,180,60,7.5,1,-10921639,30.01731,0,0,255,52020,82.20264,16.73612,0.48721000000000003,0.23925,pilH-fliC-,PaQa,3,1
ID1004227,1004227,31,0.2191,64.48808000000001,36.36526,0,183,61,7.5,1,-10921639,34.57877,0,0,255,59925,87.32866,28.5,0.5290600000000001,0.27401,pilH-fliC-,PaQa,3,1
ID1004287,1004287,31,0.18912,64.98047,37.20373,0,186,62,7.5,1,-10921639,32.51875,0,0,255,56355,85.08225,12.73701,0.55337,0.27231,pilH-fliC-,PaQa,3,1
ID1004348,1004348,31,0.22388000000000002,65.85937,36.67073,0,189,63,7.5,1,-10921639,37.22735,0,0,255,64515,90.06541999999999,10.1885,0.6426,0.3234,pilH-fliC-,PaQa,3,1
ID1004412,1004412,31,0.22096999999999997,65.42385,36.28911,0,192,64,7.5,1,-10921639,36.63878,0,0,255,63495,89.47126999999999,9.28641,0.59165,0.30444,pilH-fliC-,PaQa,3,1
ID1004477,1004477,31,0.22546,65.25487,36.68994,0,195,65,7.5,1,-10921639,37.3745,0,0,255,64770,90.21275,28.5,0.61884,0.31675,pilH-fliC-,PaQa,3,1
ID1004541,1004541,31,0.23143000000000002,64.57356,36.70074,0,198,66,7.5,1,-10921639,38.845929999999996,0,0,255,67320,91.65999000000001,28.5,0.60534,0.31961999999999996,pilH-fliC-,PaQa,3,1
ID1004660,1004660,31,0.2559,64.39913,37.30234,0,201,67,7.5,1,-10921639,37.3745,0,0,255,64770,90.21275,7.63593,0.59807,0.31009000000000003,pilH-fliC-,PaQa,3,1
ID1004599,1004599,31,0.24734,63.89265,37.38585,0,204,68,7.5,1,-10921639,37.96307,0,0,255,65790,90.79728,6.2769900000000005,0.5586399999999999,0.29971,pilH-fliC-,PaQa,3,1
ID1004718,1004718,31,0.29733000000000004,65.68141,38.345620000000004,0,207,69,7.5,1,-10921639,40.317370000000004,0,0,255,69870,93.06146,28.5,0.52523,0.29838000000000003,pilH-fliC-,PaQa,3,1
ID1004783,1004783,31,0.25904,64.73153,37.39196,0,210,70,7.5,1,-10921639,36.63878,0,0,255,63495,89.47126999999999,28.5,0.58648,0.30277,pilH-fliC-,PaQa,3,1
ID1004905,1004905,31,0.17093,64.15222,36.8965,0,213,71,7.5,1,-10921639,24.867279999999997,0,0,255,43095,75.67086,4.80119,0.5294800000000001,0.22753,pilH-fliC-,PaQa,3,1
ID1004843,1004843,31,0.17253,64.78366,39.1447,0,216,72,7.5,1,-10921639,23.10156,0,0,255,40035,73.21413000000001,28.5,0.51976,0.21583000000000002,pilH-fliC-,PaQa,3,1
ID1004966,1004966,31,0.11642999999999999,65.15621,40.83728,0,219,73,7.5,1,-10921639,19.12868,0,0,255,33150,67.19012,5.99109,0.3999,0.16265,pilH-fliC-,PaQa,3,1
ID1005023,1005023,31,0.12989,64.34834000000001,40.58883,0,222,74,7.5,1,-10921639,18.392960000000002,0,0,255,31875,65.988,5.69046,0.46016999999999997,0.17568,pilH-fliC-,PaQa,3,1
ID1005084,1005084,31,0.11969,63.96949,40.59138,0,225,75,7.5,1,-10921639,20.15868,0,0,255,34935,68.8246,6.05321,0.47636000000000006,0.18900999999999998,pilH-fliC-,PaQa,3,1
ID1005147,1005147,31,0.11309000000000001,64.82346,40.453920000000004,0,228,76,7.5,1,-10921639,19.12868,0,0,255,33150,67.19012,7.60085,0.54708,0.20135,pilH-fliC-,PaQa,3,1
ID1005206,1005206,31,0.12140999999999999,64.70964000000001,39.063759999999995,0,231,77,7.5,1,-10921639,19.27582,0,0,255,33405,67.427,26.06696,0.43711000000000005,0.1739,pilH-fliC-,PaQa,3,1
ID1000394,1000394,37,0.15636,11.01585,100.34555,0,0,0,7.5,1,-10921639,18.98153,0,0,255,32895,66.95206999999999,3.0,0.46397,0.1797,pilH-fliC-,PaQa,3,1
ID1000310,1000310,37,0.15437,10.730410000000001,100.64456,0,3,1,7.5,1,-10921639,18.098670000000002,0,0,255,31365,65.49866999999999,3.0,0.6417,0.21600999999999998,pilH-fliC-,PaQa,3,1
ID1000562,1000562,37,0.17160999999999998,11.07001,101.10688,0,6,2,7.5,1,-10921639,19.42297,0,0,255,33660,67.66274,3.0,0.73242,0.24272,pilH-fliC-,PaQa,3,1
ID1000479,1000479,37,0.17442,11.55143,100.46161,0,9,3,7.5,1,-10921639,20.60012,0,0,255,35700,69.50865,3.0,0.75693,0.25537,pilH-fliC-,PaQa,3,1
ID1000636,1000636,37,0.16466,10.894739999999999,100.74041,0,12,4,7.5,1,-10921639,18.68725,0,0,255,32385,66.47243,3.0,0.74344,0.23976,pilH-fliC-,PaQa,3,1
ID1000718,1000718,37,0.17682,11.0693,100.48308,0,15,5,7.5,1,-10921639,20.74726,0,0,255,35955,69.73456,3.0,0.75103,0.25521,pilH-fliC-,PaQa,3,1
ID1000863,1000863,37,0.17653,10.60516,101.15536,0,18,6,7.5,1,-10921639,20.15868,0,0,255,34935,68.8246,3.0,0.72601,0.2464,pilH-fliC-,PaQa,3,1
ID1000792,1000792,37,0.18241,9.89335,99.75281,0,21,7,7.5,1,-10921639,20.45297,0,0,255,35445,69.2817,3.0,0.7479,0.25263,pilH-fliC-,PaQa,3,1
ID1000937,1000937,37,0.18832000000000002,9.5718,100.07576,0,24,8,7.5,1,-10921639,21.92441,0,0,255,37995,71.50520999999999,3.0,0.7418,0.26116,pilH-fliC-,PaQa,3,1
ID1001083,1001083,37,0.18049,9.7728,100.58179,0,27,9,7.5,1,-10921639,22.36584,0,0,255,38760,72.15305,5.56245,0.7194,0.25939,pilH-fliC-,PaQa,3,1
ID1001009,1001009,37,0.17249,9.48583,100.74768,0,30,10,7.5,1,-10921639,20.45297,0,0,255,35445,69.2817,28.5,0.7006600000000001,0.24325,pilH-fliC-,PaQa,3,1
ID1001160,1001160,37,0.15191,9.02951,100.62589,0,33,11,7.5,1,-10921639,19.12868,0,0,255,33150,67.19012,27.294520000000002,0.66491,0.22739,pilH-fliC-,PaQa,3,1
ID1001239,1001239,37,0.15450999999999998,9.43238,100.82288,0,36,12,7.5,1,-10921639,18.68725,0,0,255,32385,66.47243,22.91412,0.66203,0.22396,pilH-fliC-,PaQa,3,1
ID1001386,1001386,37,0.16455999999999998,9.93298,101.43479,0,39,13,7.5,1,-10921639,20.01154,0,0,255,34680,68.59443,3.0,0.70227,0.24070999999999998,pilH-fliC-,PaQa,3,1
ID1001313,1001313,37,0.14402,9.67452,101.10034,0,42,14,7.5,1,-10921639,19.42297,0,0,255,33660,67.66274,23.6717,0.61747,0.21916999999999998,pilH-fliC-,PaQa,3,1
ID1001463,1001463,37,0.14885,9.49595,100.07075,0,45,15,7.5,1,-10921639,20.60012,0,0,255,35700,69.50865,22.540979999999998,0.63478,0.23016,pilH-fliC-,PaQa,3,1
ID1001613,1001613,37,0.14532,8.40139,97.32905,0,48,16,7.5,1,-10921639,22.07155,0,0,255,38250,71.72211,28.5,0.67133,0.24722,pilH-fliC-,PaQa,3,1
ID1001539,1001539,37,0.15316,9.2049,98.22675,0,51,17,7.5,1,-10921639,21.777260000000002,0,0,255,37740,71.28735,5.95429,0.6288600000000001,0.23588,pilH-fliC-,PaQa,3,1
ID1001694,1001694,37,0.12847999999999998,9.044960000000001,96.54191,0,54,18,7.5,1,-10921639,19.12868,0,0,255,33150,67.19012,24.43675,0.7069,0.23581,pilH-fliC-,PaQa,3,1
ID1001760,1001760,37,0.119,6.75442,92.92078000000001,0,57,19,7.5,1,-10921639,18.392960000000002,0,0,255,31875,65.988,16.658160000000002,0.66692,0.22304000000000002,pilH-fliC-,PaQa,3,1
ID1001897,1001897,37,0.12038,5.78868,90.96345,0,60,20,7.5,1,-10921639,17.17426,0,0,255,29763,63.48282,3.0,0.72727,0.22782,pilH-fliC-,PaQa,3,1
ID1001833,1001833,37,0.10737999999999999,7.3562899999999996,92.07943,0,63,21,7.5,1,-10921639,17.951529999999998,0,0,255,31110,65.25211999999999,18.40617,0.57772,0.20148,pilH-fliC-,PaQa,3,1
ID1001964,1001964,37,0.11914000000000001,5.59224,90.28794,0,66,22,7.5,1,-10921639,17.68609,0,0,255,30650,64.31213000000001,6.10301,0.73411,0.23284000000000002,pilH-fliC-,PaQa,3,1
ID1002028,1002028,37,0.11623,5.31269,89.47237,0,69,23,7.5,1,-10921639,17.82343,0,0,255,30888,64.5281,5.68581,0.69326,0.22616999999999998,pilH-fliC-,PaQa,3,1
ID1002093,1002093,37,0.10955999999999999,5.2636,89.90589,0,72,24,7.5,1,-10921639,19.66244,0,0,255,34075,67.6585,28.5,0.64618,0.22815,pilH-fliC-,PaQa,3,1
ID1002155,1002155,37,0.10843,6.9431899999999995,88.28826,0,75,25,7.5,1,-10921639,17.951529999999998,0,0,255,31110,65.25211999999999,16.57637,0.60873,0.2082,pilH-fliC-,PaQa,3,1
ID1002383,1002383,37,0.11123,5.2,87.1,0,84,28,7.5,1,-10921639,16.76515,0,0,255,29054,62.705819999999996,17.70075,0.64579,0.20981999999999998,pilH-fliC-,PaQa,3,1
ID1002270,1002270,37,0.11840999999999999,4.60985,85.79661,0,87,29,7.5,1,-10921639,15.50375,0,0,255,26868,60.47286999999999,6.24351,0.6686300000000001,0.20546,pilH-fliC-,PaQa,3,1
ID1002436,1002436,37,0.10457000000000001,0.0,84.5,0,90,30,7.5,1,-10921639,9.608189999999999,0,0,255,16651,47.94301,18.01782,0.46395,0.12702,pilH-fliC-,PaQa,3,1
ID1002545,1002545,37,0.10343,0.0,82.225,0,99,33,7.5,1,-10921639,10.12002,0,0,255,17538,49.11479,22.52635,0.41988000000000003,0.12186,pilH-fliC-,PaQa,3,1
ID1002653,1002653,37,0.11347,0.0,81.9,0,102,34,7.5,1,-10921639,10.52683,0,0,255,18243,50.00055,24.1666,0.4036,0.12108,pilH-fliC-,PaQa,3,1
ID1002706,1002706,37,0.10793,0.0,82.875,0,108,36,7.5,1,-10921639,11.480089999999999,0,0,255,19895,52.11074,7.37179,0.36982,0.11895,pilH-fliC-,PaQa,3,1
ID1002803,1002803,37,0.10144,0.0,81.575,0,111,37,7.5,1,-10921639,10.84305,0,0,255,18791,50.585809999999995,19.5327,0.3661,0.11489,pilH-fliC-,PaQa,3,1
ID1002851,1002851,37,0.12462000000000001,0.0,81.9,0,114,38,7.5,1,-10921639,12.279860000000001,0,0,255,21281,53.70924,6.504230000000001,0.41531999999999997,0.13418,pilH-fliC-,PaQa,3,1
ID1002902,1002902,37,0.15841,0.0,84.5,0,117,39,7.5,1,-10921639,19.58223,0,0,255,33936,66.80381,11.44233,0.78164,0.2572,pilH-fliC-,PaQa,3,1
ID1002955,1002955,37,0.16589,0.0,82.55,0,120,40,7.5,1,-10921639,13.93941,0,0,255,24157,57.015859999999996,6.66988,0.7167399999999999,0.20414000000000002,pilH-fliC-,PaQa,3,1
ID1003010,1003010,37,0.16812,0.0,83.525,0,123,41,7.5,1,-10921639,13.878820000000001,0,0,255,24052,56.974819999999994,6.49693,0.721,0.2041,pilH-fliC-,PaQa,3,1
ID1003067,1003067,37,0.18052,0.0,84.825,0,126,42,7.5,1,-10921639,14.74899,0,0,255,25560,58.48568,6.44286,0.7404,0.21456999999999998,pilH-fliC-,PaQa,3,1
ID1003127,1003127,37,0.15968,0.0,84.825,0,129,43,7.5,1,-10921639,13.01789,0,0,255,22560,55.08705,6.29499,0.68867,0.19275,pilH-fliC-,PaQa,3,1
ID1003187,1003187,37,0.15337,0.0,84.175,0,132,44,7.5,1,-10921639,13.201379999999999,0,0,255,22878,55.69801,6.54574,0.66041,0.18854,pilH-fliC-,PaQa,3,1
ID1003247,1003247,37,0.13997,0.0,83.2,0,135,45,7.5,1,-10921639,12.8165,0,0,255,22211,54.83279,27.2179,0.48758999999999997,0.15323,pilH-fliC-,PaQa,3,1
ID1003311,1003311,37,0.13047,0.0,82.55,0,138,46,7.5,1,-10921639,12.96365,0,0,255,22466,55.13966,7.28632,0.41566000000000003,0.13806,pilH-fliC-,PaQa,3,1
ID1003377,1003377,37,0.15794,0.0,82.55,0,141,47,7.5,1,-10921639,14.3393,0,0,255,24850,57.578230000000005,25.47119,0.4963,0.16521,pilH-fliC-,PaQa,3,1
ID1003445,1003445,37,0.16913,0.0,84.175,0,144,48,7.5,1,-10921639,15.41143,0,0,255,26708,59.63259,26.50742,0.56986,0.18763,pilH-fliC-,PaQa,3,1
ID1003512,1003512,37,0.19201,0.0,87.1,0,147,49,7.5,1,-10921639,15.55972,0,0,255,26965,59.63758000000001,6.3427,0.6561600000000001,0.20674,pilH-fliC-,PaQa,3,1
ID1003584,1003584,37,0.18424000000000001,0.0,88.725,0,150,50,7.5,1,-10921639,14.58915,0,0,255,25283,57.98133000000001,6.40963,0.73023,0.21239,pilH-fliC-,PaQa,3,1
ID1003647,1003647,37,0.18929,0.0,91.0,0,153,51,7.5,1,-10921639,14.4322,0,0,255,25011,57.654230000000005,6.2220699999999995,0.88876,0.23558,pilH-fliC-,PaQa,3,1
ID1003703,1003703,37,0.19,0.0,91.325,0,156,52,7.5,1,-10921639,14.1131,0,0,255,24458,56.97756999999999,6.25168,0.9184399999999999,0.23717,pilH-fliC-,PaQa,3,1
ID1003768,1003768,37,0.18211,0.0,92.95,0,159,53,7.5,1,-10921639,12.83958,0,0,255,22251,54.583009999999994,5.43574,0.9322799999999999,0.22699,pilH-fliC-,PaQa,3,1
ID1003831,1003831,37,0.15007,0.0,94.9,0,162,54,7.5,1,-10921639,11.49971,0,0,255,19929,51.906220000000005,5.50922,0.82539,0.20035999999999998,pilH-fliC-,PaQa,3,1
ID1003890,1003890,37,0.14976,0.0,94.9,0,165,55,7.5,1,-10921639,9.17023,0,0,255,15892,46.40404,4.7579,0.8487899999999999,0.18145,pilH-fliC-,PaQa,3,1
ID1003951,1003951,37,0.15303,0.0,93.275,0,168,56,7.5,1,-10921639,9.85228,0,0,255,17074,48.01555,5.09558,0.82411,0.1854,pilH-fliC-,PaQa,3,1
ID1004012,1004012,37,0.15952,0.0,93.6,0,171,57,7.5,1,-10921639,11.608189999999999,0,0,255,20117,52.09097,5.86458,0.79164,0.19693,pilH-fliC-,PaQa,3,1
ID1004068,1004068,37,0.15283,0.0,92.95,0,174,58,7.5,1,-10921639,10.21004,0,0,255,17694,48.9981,5.738980000000001,0.83798,0.19000999999999998,pilH-fliC-,PaQa,3,1
ID1004131,1004131,37,0.16279000000000002,0.0,91.975,0,177,59,7.5,1,-10921639,11.48355,0,0,255,19901,52.05318,5.89958,0.8251700000000001,0.19948,pilH-fliC-,PaQa,3,1
ID1004187,1004187,37,0.15494000000000002,0.0,90.675,0,180,60,7.5,1,-10921639,12.132719999999999,0,0,255,21026,53.39226,6.08861,0.71092,0.18884,pilH-fliC-,PaQa,3,1
ID1004247,1004247,37,0.15092,0.0,89.7,0,183,61,7.5,1,-10921639,12.27005,0,0,255,21264,53.66641,5.88189,0.6614800000000001,0.18205,pilH-fliC-,PaQa,3,1
ID1004307,1004307,37,0.13009,0.0,89.05,0,186,62,7.5,1,-10921639,10.67109,0,0,255,18493,50.13471,5.85976,0.59059,0.15805999999999998,pilH-fliC-,PaQa,3,1
ID1004370,1004370,37,0.11734000000000001,0.0,88.075,0,189,63,7.5,1,-10921639,10.37969,0,0,255,17988,49.654709999999994,5.14423,0.56324,0.15063,pilH-fliC-,PaQa,3,1
ID1004431,1004431,37,0.11054000000000001,0.0,87.75,0,192,64,7.5,1,-10921639,10.083089999999999,0,0,255,17474,49.14987,28.5,0.5714199999999999,0.1492,pilH-fliC-,PaQa,3,1
ID1004677,1004677,37,0.14961,0.0,85.8,0,201,67,7.5,1,-10921639,12.48125,0,0,255,21630,53.9708,4.74568,0.6443,0.18123,pilH-fliC-,PaQa,3,1
ID1004616,1004616,37,0.19393,0.0,84.5,0,204,68,7.5,1,-10921639,15.551070000000001,0,0,255,26950,59.58371999999999,6.0730900000000005,0.55502,0.18631,pilH-fliC-,PaQa,3,1
ID1004734,1004734,37,0.18378,0.0,84.175,0,207,69,7.5,1,-10921639,16.3543,0,0,255,28342,60.97146,26.98315,0.47133,0.17185,pilH-fliC-,PaQa,3,1
ID1004799,1004799,37,0.17042000000000002,0.0,83.2,0,210,70,7.5,1,-10921639,15.657820000000001,0,0,255,27135,59.379259999999995,22.33814,0.46438,0.16724,pilH-fliC-,PaQa,3,1
ID1004919,1004919,37,0.22229000000000002,0.0,83.85,0,213,71,7.5,1,-10921639,19.46163,0,0,255,33727,64.37617,21.15897,0.5768300000000001,0.22118000000000002,pilH-fliC-,PaQa,3,1
ID1004858,1004858,37,0.15395,0.0,84.175,0,216,72,7.5,1,-10921639,16.6809,0,0,255,28908,60.31174,19.68259,0.49354,0.18279,pilH-fliC-,PaQa,3,1
ID1004977,1004977,37,0.18419000000000002,0.0,86.125,0,219,73,7.5,1,-10921639,17.65609,0,0,255,30598,63.09026,21.11338,0.5974,0.20931999999999998,pilH-fliC-,PaQa,3,1
ID1005036,1005036,37,0.14958,0.0,84.5,0,222,74,7.5,1,-10921639,13.322560000000001,0,0,255,23088,56.095130000000005,17.16173,0.42746000000000006,0.14224,pilH-fliC-,PaQa,3,1
ID1005095,1005095,37,0.14021,0.0,85.8,0,225,75,7.5,1,-10921639,13.626660000000001,0,0,255,23615,56.73085,18.16323,0.38292,0.13302,pilH-fliC-,PaQa,3,1
ID1005158,1005158,37,0.12477,0.0,86.775,0,228,76,7.5,1,-10921639,12.76342,0,0,255,22119,55.00546,19.59901,0.33818000000000004,0.11728,pilH-fliC-,PaQa,3,1
ID1005218,1005218,37,0.20636,0.0,87.75,0,231,77,7.5,1,-10921639,16.75245,0,0,255,29032,61.59412,6.14581,0.46243,0.172,pilH-fliC-,PaQa,3,1
ID1005276,1005276,37,0.21297,0.0,88.075,0,234,78,7.5,1,-10921639,17.35545,0,0,255,30077,62.73413000000001,20.815379999999998,0.47726999999999997,0.17876,pilH-fliC-,PaQa,3,1
ID1005339,1005339,37,0.20776,0.0,87.75,0,237,79,7.5,1,-10921639,16.63935,0,0,255,28836,61.794340000000005,18.17835,0.42335,0.16018,pilH-fliC-,PaQa,3,1
ID1005404,1005404,37,0.28036,0.0,86.45,0,240,80,7.5,1,-10921639,25.72879,0,0,255,44588,75.78004,13.83821,0.71039,0.28203,pilH-fliC-,PaQa,3,1
ID1005458,1005458,37,0.22671,0.0,87.1,0,243,81,7.5,1,-10921639,23.25389,0,0,255,40299,72.73701,14.56456,0.67548,0.25778,pilH-fliC-,PaQa,3,1
ID1005518,1005518,37,0.2182,0.0,86.125,0,246,82,7.5,1,-10921639,23.35834,0,0,255,40480,72.61718,12.28848,0.765,0.27884000000000003,pilH-fliC-,PaQa,3,1
ID1005574,1005574,37,0.31001999999999996,0.0,86.125,0,249,83,7.5,1,-10921639,27.232540000000004,0,0,255,47194,77.73949,10.94864,0.7780100000000001,0.30657,pilH-fliC-,PaQa,3,1
ID1005639,1005639,37,0.28745,0.0,87.1,0,252,84,7.5,1,-10921639,23.269470000000002,0,0,255,40326,72.35231,9.83405,0.71924,0.26909,pilH-fliC-,PaQa,3,1
ID1005704,1005704,37,0.25927,0.0,86.775,0,255,85,7.5,1,-10921639,20.06694,0,0,255,34776,67.55889,6.3404300000000005,0.66069,0.23634000000000002,pilH-fliC-,PaQa,3,1
ID1005764,1005764,37,0.22085,0.8765200000000001,86.17421,0,258,86,7.5,1,-10921639,20.93422,0,0,255,36279,69.34676,21.17902,0.73482,0.25573,pilH-fliC-,PaQa,3,1
ID1005763,1005763,37,0.22108000000000003,0.77627,86.16385,0,258,86,7.5,1,-10921639,20.63993,0,0,255,35769,68.89215,7.8467899999999995,0.72431,0.2517,pilH-fliC-,PaQa,3,1
ID1005820,1005820,37,0.2873,5.6765300000000005,86.36315,0,261,87,7.5,1,-10921639,35.11252,0,0,255,60850,87.5954,5.74544,0.8875799999999999,0.37698000000000004,pilH-fliC-,PaQa,3,1
ID1005877,1005877,37,0.25998000000000004,6.4497,85.97779,0,264,88,7.5,1,-10921639,30.75303,0,0,255,53295,83.06778,5.0172,0.88789,0.34823000000000004,pilH-fliC-,PaQa,3,1
ID1005933,1005933,37,0.24609,5.59563,85.1931,0,267,89,7.5,1,-10921639,28.99308,0,0,255,50245,80.59167,5.51299,0.9128700000000001,0.34337,pilH-fliC-,PaQa,3,1
ID1005996,1005996,37,0.24155,7.3750800000000005,85.53251999999999,0,270,90,7.5,1,-10921639,30.605890000000002,0,0,255,53040,82.89599,9.29428,0.93565,0.35693,pilH-fliC-,PaQa,3,1
ID1006059,1006059,37,0.20651,7.865069999999999,85.72247,0,273,91,7.5,1,-10921639,28.987309999999997,0,0,255,50235,80.96469,10.25145,0.8827,0.33571999999999996,pilH-fliC-,PaQa,3,1
ID1006120,1006120,37,0.19025,9.01468,86.12819,0,276,92,7.5,1,-10921639,27.9573,0,0,255,48450,79.6942,6.26306,0.86193,0.32479,pilH-fliC-,PaQa,3,1
ID1006181,1006181,37,0.19534,8.762939999999999,85.92433,0,279,93,7.5,1,-10921639,27.9573,0,0,255,48450,79.6942,6.2325,0.7914,0.30996,pilH-fliC-,PaQa,3,1
ID1006240,1006240,37,0.15417,9.1325,85.20492,0,282,94,7.5,1,-10921639,21.335829999999998,0,0,255,36975,70.62789000000001,6.32749,0.5976100000000001,0.226,pilH-fliC-,PaQa,3,1
ID1006299,1006299,37,0.11822,8.68998,85.91086,0,285,95,7.5,1,-10921639,23.83728,0,0,255,41310,74.25275,16.49575,0.64113,0.25083,pilH-fliC-,PaQa,3,1
ID1000388,1000388,41,0.1337,99.49749,70.16884,0,0,0,7.5,1,-10921639,13.537220000000001,0,0,255,23460,57.18935,28.5,0.8434,0.2166,pilH-fliC-,PaQa,3,1
ID1000303,1000303,41,0.13055999999999998,100.23503000000001,71.3542,0,3,1,7.5,1,-10921639,12.8015,0,0,255,22185,55.698240000000006,23.89358,0.90336,0.21816999999999998,pilH-fliC-,PaQa,3,1
ID1000557,1000557,41,0.13766,100.47312,72.39164,0,6,2,7.5,1,-10921639,15.1558,0,0,255,26265,60.30862,28.5,0.8308700000000001,0.22809000000000001,pilH-fliC-,PaQa,3,1
ID1000472,1000472,41,0.13868,101.7722,72.60944,0,9,3,7.5,1,-10921639,12.94864,0,0,255,22440,56.000409999999995,10.16133,1.0,0.23121999999999998,pilH-fliC-,PaQa,3,1
ID1000630,1000630,41,0.13824,101.56576,73.14936999999999,0,12,4,7.5,1,-10921639,13.97865,0,0,255,24225,58.06116,6.12297,0.91769,0.23041999999999999,pilH-fliC-,PaQa,3,1
ID1000708,1000708,41,0.13197,102.25182,72.58411,0,15,5,7.5,1,-10921639,12.94864,0,0,255,22440,56.000409999999995,5.10102,0.9400700000000001,0.22408000000000003,pilH-fliC-,PaQa,3,1
ID1000855,1000855,41,0.13262000000000002,103.38756,72.31536,0,18,6,7.5,1,-10921639,13.39008,0,0,255,23205,56.895019999999995,20.20768,0.82924,0.21338000000000001,pilH-fliC-,PaQa,3,1
ID1000787,1000787,41,0.1313,103.45600999999999,73.27539,0,21,7,7.5,1,-10921639,13.24293,0,0,255,22950,56.598769999999995,23.78722,0.81498,0.21013,pilH-fliC-,PaQa,3,1
ID1000931,1000931,41,0.13709000000000002,104.45458,74.20622,0,24,8,7.5,1,-10921639,13.24293,0,0,255,22950,56.598769999999995,7.27123,0.92724,0.22515,pilH-fliC-,PaQa,3,1
ID1001074,1001074,41,0.12399,105.19258,73.77275999999999,0,27,9,7.5,1,-10921639,12.8015,0,0,255,22185,55.698240000000006,26.981609999999996,0.7239300000000001,0.19303,pilH-fliC-,PaQa,3,1
ID1001001,1001001,41,0.12635,106.79558,73.07564,0,30,10,7.5,1,-10921639,13.24293,0,0,255,22950,56.598769999999995,6.30403,0.86613,0.21719000000000002,pilH-fliC-,PaQa,3,1
ID1001150,1001150,41,0.14207,107.95566000000001,73.97572,0,33,11,7.5,1,-10921639,13.68436,0,0,255,23715,57.4818,6.11147,0.97831,0.23545,pilH-fliC-,PaQa,3,1
ID1001230,1001230,41,0.1257,108.56443,74.23325,0,36,12,7.5,1,-10921639,12.8015,0,0,255,22185,55.698240000000006,5.99986,0.84839,0.21099,pilH-fliC-,PaQa,3,1
ID1001379,1001379,41,0.13068,108.60408000000001,75.52832,0,39,13,7.5,1,-10921639,12.94864,0,0,255,22440,56.000409999999995,10.50057,0.91851,0.2214,pilH-fliC-,PaQa,3,1
ID1001304,1001304,41,0.12649000000000002,109.43871000000001,75.49834,0,42,14,7.5,1,-10921639,12.65436,0,0,255,21930,55.39403000000001,28.5,0.7943899999999999,0.20227,pilH-fliC-,PaQa,3,1
ID1001455,1001455,41,0.13322,110.75288,74.47999,0,45,15,7.5,1,-10921639,15.30294,0,0,255,26520,60.582080000000005,12.53742,0.9552799999999999,0.24681999999999998,pilH-fliC-,PaQa,3,1
ID1001607,1001607,41,0.12977,110.8994,75.65031,0,48,16,7.5,1,-10921639,12.8015,0,0,255,22185,55.698240000000006,5.9993099999999995,0.90336,0.21816999999999998,pilH-fliC-,PaQa,3,1
ID1001532,1001532,41,0.1258,111.11259,76.69803,0,51,17,7.5,1,-10921639,12.65436,0,0,255,21930,55.39403000000001,25.26932,0.8535299999999999,0.21039000000000002,pilH-fliC-,PaQa,3,1
ID1001687,1001687,41,0.12567,112.0489,76.46883000000001,0,54,18,7.5,1,-10921639,12.50721,0,0,255,21675,55.08775,8.84278,0.8116899999999999,0.20344,pilH-fliC-,PaQa,3,1
ID1001756,1001756,41,0.12292,112.43829,76.07649,0,57,19,7.5,1,-10921639,12.8015,0,0,255,22185,55.698240000000006,10.39752,0.84839,0.21099,pilH-fliC-,PaQa,3,1
ID1001894,1001894,41,0.12966,112.00891000000001,76.27173,0,60,20,7.5,1,-10921639,14.420079999999999,0,0,255,24990,58.91676,26.935859999999998,0.8522799999999999,0.22523,pilH-fliC-,PaQa,3,1
ID1001830,1001830,41,0.13735,111.91322,78.64,0,63,21,7.5,1,-10921639,13.68436,0,0,255,23715,57.4818,22.10988,0.80243,0.21197,pilH-fliC-,PaQa,3,1
ID1001961,1001961,41,0.12639,111.90688,78.65645,0,66,22,7.5,1,-10921639,11.62435,0,0,255,20145,53.20449,3.0,1.0,0.21848,pilH-fliC-,PaQa,3,1
ID1002025,1002025,41,0.126,110.55876,78.93879,0,69,23,7.5,1,-10921639,12.21293,0,0,255,21165,54.468819999999994,25.65715,0.91381,0.21411999999999998,pilH-fliC-,PaQa,3,1
ID1002090,1002090,41,0.11592999999999999,109.4722,78.97894000000001,0,72,24,7.5,1,-10921639,11.62435,0,0,255,20145,53.20449,5.98597,0.81995,0.19687000000000002,pilH-fliC-,PaQa,3,1
ID1002152,1002152,41,0.12727,108.64471999999999,78.67995,0,75,25,7.5,1,-10921639,12.50721,0,0,255,21675,55.08775,9.93351,0.9455600000000001,0.22069,pilH-fliC-,PaQa,3,1
ID1002209,1002209,41,0.10235,108.3712,77.07839,0,78,26,7.5,1,-10921639,11.62435,0,0,255,20145,53.20449,6.490819999999999,0.73183,0.18465,pilH-fliC-,PaQa,3,1
ID1002380,1002380,41,0.11597,106.56448999999999,77.9576,0,84,28,7.5,1,-10921639,11.77149,0,0,255,20400,53.52398,5.85436,0.72837,0.18537,pilH-fliC-,PaQa,3,1
ID1002267,1002267,41,0.11017,105.28511999999999,77.75574,0,87,29,7.5,1,-10921639,11.91864,0,0,255,20655,53.84117,9.93368,0.73758,0.18792999999999999,pilH-fliC-,PaQa,3,1
ID1002598,1002598,41,0.10081,103.8498,78.17051,0,93,31,7.5,1,-10921639,11.91864,0,0,255,20655,53.84117,28.5,0.45183999999999996,0.13779,pilH-fliC-,PaQa,3,1
ID1002491,1002491,41,0.10153,102.85768,79.95253000000001,0,96,32,7.5,1,-10921639,14.86151,0,0,255,25755,59.75685,26.59109,0.54715,0.1759,pilH-fliC-,PaQa,3,1
ID1002544,1002544,41,0.13346,101.41726,81.26321,0,99,33,7.5,1,-10921639,17.951529999999998,0,0,255,31110,65.25211999999999,21.57113,0.68152,0.223,pilH-fliC-,PaQa,3,1
ID1002655,1002655,41,0.14902,99.80471,83.25066,0,102,34,7.5,1,-10921639,17.36295,0,0,255,30090,64.25312,17.00011,0.69701,0.22198,pilH-fliC-,PaQa,3,1
ID1002755,1002755,41,0.17075,100.10562,82.29691,0,105,35,7.5,1,-10921639,19.42297,0,0,255,33660,67.66274,18.16037,0.75195,0.24641,pilH-fliC-,PaQa,3,1
ID1002705,1002705,41,0.17303,99.35555,82.57352,0,108,36,7.5,1,-10921639,22.2187,0,0,255,38505,71.93805,5.81536,0.78688,0.27202,pilH-fliC-,PaQa,3,1
ID1002804,1002804,41,0.18599000000000002,99.35688,81.54059000000001,0,111,37,7.5,1,-10921639,21.92441,0,0,255,37995,71.50520999999999,4.4989300000000005,0.79897,0.27235,pilH-fliC-,PaQa,3,1
ID1002852,1002852,41,0.19746,98.34863,82.09988,0,114,38,7.5,1,-10921639,23.83728,0,0,255,41310,74.25275,6.10155,0.8668600000000001,0.29813,pilH-fliC-,PaQa,3,1
ID1002901,1002901,41,0.18047,96.67246999999999,84.02203,0,117,39,7.5,1,-10921639,22.807270000000003,0,0,255,39525,72.79244,8.93553,0.8612700000000001,0.28997,pilH-fliC-,PaQa,3,1
ID1002956,1002956,41,0.18847,96.54964,83.34344,0,120,40,7.5,1,-10921639,22.95441,0,0,255,39780,73.00374000000001,6.4058,0.85083,0.28909,pilH-fliC-,PaQa,3,1
ID1003009,1003009,41,0.20981,96.79704,83.08225,0,123,41,7.5,1,-10921639,24.72014,0,0,255,42840,75.47077,6.2439,0.8784200000000001,0.30635,pilH-fliC-,PaQa,3,1
ID1003066,1003066,41,0.22371999999999997,96.62901,83.84236999999999,0,126,42,7.5,1,-10921639,25.45586,0,0,255,44115,76.46316999999999,7.52623,0.87135,0.31003000000000003,pilH-fliC-,PaQa,3,1
ID1003126,1003126,41,0.23248000000000002,96.81426,83.19513,0,129,43,7.5,1,-10921639,25.30871,0,0,255,43860,76.26629,7.459410000000001,0.92033,0.31808000000000003,pilH-fliC-,PaQa,3,1
ID1003188,1003188,41,0.29163,96.45361,84.15812,0,132,44,7.5,1,-10921639,28.840159999999997,0,0,255,49980,80.78522,5.83174,0.97264,0.35205,pilH-fliC-,PaQa,3,1
ID1003248,1003248,41,0.29418,96.39054,85.37657,0,135,45,7.5,1,-10921639,29.28159,0,0,255,50745,81.32165,3.0,0.9830700000000001,0.357,pilH-fliC-,PaQa,3,1
ID1003312,1003312,41,0.27859,95.8595,85.7012,0,138,46,7.5,1,-10921639,28.840159999999997,0,0,255,49980,80.78522,5.88439,0.94931,0.34770999999999996,pilH-fliC-,PaQa,3,1
ID1003378,1003378,41,0.26439,95.00574,84.85668000000001,0,141,47,7.5,1,-10921639,27.51587,0,0,255,47685,79.13935,6.22136,0.91309,0.33189,pilH-fliC-,PaQa,3,1
ID1003446,1003446,41,0.23604,94.61688000000001,84.13708000000001,0,144,48,7.5,1,-10921639,23.2487,0,0,255,40290,73.42362,5.845940000000001,0.8562799999999999,0.29212,pilH-fliC-,PaQa,3,1
ID1003510,1003510,41,0.24086999999999997,94.24266999999999,83.52561999999999,0,147,49,7.5,1,-10921639,22.2187,0,0,255,38505,71.93805,5.8705099999999995,0.76208,0.26716,pilH-fliC-,PaQa,3,1
ID1003582,1003582,41,0.20815,93.78627,83.77766,0,150,50,7.5,1,-10921639,20.60012,0,0,255,35700,69.50865,6.482419999999999,0.75693,0.25537,pilH-fliC-,PaQa,3,1
ID1003645,1003645,41,0.16902999999999999,92.94474,85.28253000000001,0,153,51,7.5,1,-10921639,16.62724,0,0,255,28815,62.97435,28.5,0.72955,0.22275,pilH-fliC-,PaQa,3,1
ID1003701,1003701,41,0.17319,92.68694,85.04508,0,156,52,7.5,1,-10921639,17.657239999999998,0,0,255,30600,64.75522,5.9526699999999995,0.73474,0.23098000000000002,pilH-fliC-,PaQa,3,1
ID1003765,1003765,41,0.14812,91.60724,85.56254,0,159,53,7.5,1,-10921639,15.744370000000002,0,0,255,27285,61.39304,3.0,0.6799,0.20759,pilH-fliC-,PaQa,3,1
ID1003828,1003828,41,0.17057999999999998,91.34376999999999,84.92787,0,162,54,7.5,1,-10921639,18.392960000000002,0,0,255,31875,65.988,4.398630000000001,0.69185,0.22796999999999998,pilH-fliC-,PaQa,3,1
ID1003887,1003887,41,0.16666,91.57359,84.95992,0,165,55,7.5,1,-10921639,19.42297,0,0,255,33660,67.66274,6.06388,0.71331,0.23901999999999998,pilH-fliC-,PaQa,3,1
ID1003948,1003948,41,0.16121,90.79278000000001,84.224,0,168,56,7.5,1,-10921639,18.68725,0,0,255,32385,66.47243,6.08908,0.72334,0.236,pilH-fliC-,PaQa,3,1
ID1004009,1004009,41,0.14385,89.93118,83.69679000000001,0,171,57,7.5,1,-10921639,17.951529999999998,0,0,255,31110,65.25211999999999,5.90448,0.6281399999999999,0.21228000000000002,pilH-fliC-,PaQa,3,1
ID1004065,1004065,41,0.11622,89.42952,83.17596999999999,0,174,58,7.5,1,-10921639,18.098670000000002,0,0,255,31365,65.49866999999999,6.2575,0.60175,0.20761999999999997,pilH-fliC-,PaQa,3,1
ID1004128,1004128,41,0.12654,88.30604,83.07014000000001,0,177,59,7.5,1,-10921639,18.392960000000002,0,0,255,31875,65.988,6.20386,0.59641,0.20826,pilH-fliC-,PaQa,3,1
ID1000403,1000403,54,0.11387,147.7315,123.10286,0,0,0,7.5,1,-10921639,16.03866,0,0,255,27795,61.926030000000004,22.729589999999998,0.64174,0.20248,pilH-fliC-,PaQa,3,1
ID1000320,1000320,54,0.1129,146.75621999999998,123.10795,0,3,1,7.5,1,-10921639,15.744370000000002,0,0,255,27285,61.39304,22.61029,0.66217,0.20432999999999998,pilH-fliC-,PaQa,3,1
ID1000571,1000571,54,0.11258,147.19494,124.01449,0,6,2,7.5,1,-10921639,15.744370000000002,0,0,255,27285,61.39304,25.6237,0.6491100000000001,0.20189000000000001,pilH-fliC-,PaQa,3,1
ID1000489,1000489,54,0.11805999999999998,147.5651,123.85848,0,9,3,7.5,1,-10921639,15.744370000000002,0,0,255,27285,61.39304,26.55623,0.6534399999999999,0.2027,pilH-fliC-,PaQa,3,1
ID1000644,1000644,54,0.11294000000000001,146.97121,123.09076999999999,0,12,4,7.5,1,-10921639,15.45009,0,0,255,26775,60.85395,24.14286,0.6612899999999999,0.20212,pilH-fliC-,PaQa,3,1
ID1000727,1000727,54,0.11270999999999999,146.91636,121.66318000000001,0,15,5,7.5,1,-10921639,15.744370000000002,0,0,255,27285,61.39304,21.02889,0.65779,0.20351,pilH-fliC-,PaQa,3,1
ID1000872,1000872,54,0.1156,147.59538999999998,121.62605,0,18,6,7.5,1,-10921639,16.33295,0,0,255,28305,62.45308000000001,23.680239999999998,0.64705,0.20548000000000002,pilH-fliC-,PaQa,3,1
ID1000801,1000801,54,0.12189000000000001,148.56152,121.80228000000001,0,21,7,7.5,1,-10921639,15.744370000000002,0,0,255,27285,61.39304,27.22744,0.66217,0.20432999999999998,pilH-fliC-,PaQa,3,1
ID1000946,1000946,54,0.12145,148.42983,122.43321,0,24,8,7.5,1,-10921639,15.744370000000002,0,0,255,27285,61.39304,5.86321,0.6278,0.19780999999999999,pilH-fliC-,PaQa,3,1
ID1001091,1001091,54,0.12887,148.1892,123.70466,0,27,9,7.5,1,-10921639,15.744370000000002,0,0,255,27285,61.39304,12.64655,0.9032899999999999,0.24341999999999997,pilH-fliC-,PaQa,3,1
ID1001018,1001018,54,0.13581,147.99423000000002,124.63936000000001,0,30,10,7.5,1,-10921639,16.92152,0,0,255,29325,63.48996999999999,14.24293,0.96516,0.2618,pilH-fliC-,PaQa,3,1
ID1001171,1001171,54,0.12647,148.22316999999998,126.2399,0,33,11,7.5,1,-10921639,15.891520000000002,0,0,255,27540,61.66028000000001,12.68742,0.9569,0.25205,pilH-fliC-,PaQa,3,1
ID1001248,1001248,54,0.12575,147.99588,127.19076000000001,0,36,12,7.5,1,-10921639,15.45009,0,0,255,26775,60.85395,14.39299,0.90741,0.24156,pilH-fliC-,PaQa,3,1
ID1001396,1001396,54,0.12578,148.03189,127.56445,0,39,13,7.5,1,-10921639,15.1558,0,0,255,26265,60.30862,14.57688,0.9361299999999999,0.24301,pilH-fliC-,PaQa,3,1
ID1001322,1001322,54,0.12197999999999999,146.984,129.29234,0,42,14,7.5,1,-10921639,14.86151,0,0,255,25755,59.75685,6.06428,0.9604299999999999,0.24368,pilH-fliC-,PaQa,3,1
ID1001473,1001473,54,0.12500999999999998,147.12455,129.52346,0,45,15,7.5,1,-10921639,15.00866,0,0,255,26010,60.03355,5.89343,0.94178,0.24251,pilH-fliC-,PaQa,3,1
ID1001625,1001625,54,0.11749000000000001,146.61739,130.71321,0,48,16,7.5,1,-10921639,14.56722,0,0,255,25245,59.19848,14.70168,0.9400700000000001,0.23847,pilH-fliC-,PaQa,3,1
ID1001552,1001552,54,0.12902,145.48702,132.25841,0,51,17,7.5,1,-10921639,15.45009,0,0,255,26775,60.85395,5.86113,0.9619,0.24896,pilH-fliC-,PaQa,3,1
ID1001705,1001705,54,0.12921,147.8448,133.29157,0,54,18,7.5,1,-10921639,14.12579,0,0,255,24480,58.348130000000005,10.68357,0.93825,0.23438,pilH-fliC-,PaQa,3,1
ID1001773,1001773,54,0.12102,147.55878,134.06492,0,57,19,7.5,1,-10921639,14.56722,0,0,255,25245,59.19848,12.45017,0.9596399999999999,0.24101,pilH-fliC-,PaQa,3,1
ID1001909,1001909,54,0.12065,147.41728999999998,135.12598,0,60,20,7.5,1,-10921639,14.420079999999999,0,0,255,24990,58.91676,10.64335,0.9659200000000001,0.24051,pilH-fliC-,PaQa,3,1
ID1001845,1001845,54,0.13202,148.30356,135.8397,0,63,21,7.5,1,-10921639,14.56722,0,0,255,25245,59.19848,5.83608,0.9596399999999999,0.24101,pilH-fliC-,PaQa,3,1
ID1001974,1001974,54,0.11505,147.73606,136.0225,0,66,22,7.5,1,-10921639,13.24293,0,0,255,22950,56.598769999999995,14.7545,0.97024,0.23045,pilH-fliC-,PaQa,3,1
ID1002040,1002040,54,0.12517,147.17712,135.33976,0,69,23,7.5,1,-10921639,14.420079999999999,0,0,255,24990,58.91676,5.9968900000000005,0.97941,0.24220999999999998,pilH-fliC-,PaQa,3,1
ID1002105,1002105,54,0.12262,146.97818999999998,134.74453,0,72,24,7.5,1,-10921639,13.97865,0,0,255,24225,58.06116,5.90456,0.9579799999999999,0.23559000000000002,pilH-fliC-,PaQa,3,1
ID1002165,1002165,54,0.11617999999999999,144.43111000000002,134.78641000000002,0,75,25,7.5,1,-10921639,12.8015,0,0,255,22185,55.698240000000006,6.109369999999999,0.91761,0.21996,pilH-fliC-,PaQa,3,1
ID1002221,1002221,54,0.11262,144.61056000000002,134.03672,0,78,26,7.5,1,-10921639,13.537220000000001,0,0,255,23460,57.18935,14.625279999999998,0.97088,0.23321,pilH-fliC-,PaQa,3,1
ID1002334,1002334,54,0.11617999999999999,143.86514,132.65583999999998,0,81,27,7.5,1,-10921639,13.83151,0,0,255,23970,57.77239,12.4917,0.97149,0.23595,pilH-fliC-,PaQa,3,1
ID1002393,1002393,54,0.11695,143.78454,131.03336000000002,0,84,28,7.5,1,-10921639,13.83151,0,0,255,23970,57.77239,12.44774,0.96449,0.23509000000000002,pilH-fliC-,PaQa,3,1
ID1002281,1002281,54,0.11085,142.92788000000002,129.70338999999998,0,87,29,7.5,1,-10921639,13.39008,0,0,255,23205,56.895019999999995,14.57479,0.8610200000000001,0.21777,pilH-fliC-,PaQa,3,1
ID1002445,1002445,54,0.11307,142.55828,129.47068000000002,0,90,30,7.5,1,-10921639,13.68436,0,0,255,23715,57.4818,13.971379999999998,0.8765799999999999,0.22241,pilH-fliC-,PaQa,3,1
ID1002610,1002610,54,0.11425,142.74641,129.67683,0,93,31,7.5,1,-10921639,14.12579,0,0,255,24480,58.348130000000005,14.450520000000001,0.8928,0.22838000000000003,pilH-fliC-,PaQa,3,1
ID1002504,1002504,54,0.11245999999999999,141.58026999999998,129.03284,0,96,32,7.5,1,-10921639,13.24293,0,0,255,22950,56.598769999999995,13.537329999999999,0.8530700000000001,0.21543,pilH-fliC-,PaQa,3,1
ID1002556,1002556,54,0.11057,142.05915,127.66169,0,99,33,7.5,1,-10921639,14.420079999999999,0,0,255,24990,58.91676,14.69188,0.79465,0.21675,pilH-fliC-,PaQa,3,1
ID1002666,1002666,54,0.10927,141.3886,126.95375,0,102,34,7.5,1,-10921639,14.27294,0,0,255,24735,58.63332,12.40602,0.82135,0.21955,pilH-fliC-,PaQa,3,1
ID1002764,1002764,54,0.10744000000000001,141.48009,126.99846000000001,0,105,35,7.5,1,-10921639,13.68436,0,0,255,23715,57.4818,12.596,0.8204100000000001,0.21458000000000002,pilH-fliC-,PaQa,3,1
ID1002715,1002715,54,0.10764000000000001,140.31832,127.23523999999999,0,108,36,7.5,1,-10921639,14.27294,0,0,255,24735,58.63332,10.65206,0.7488199999999999,0.20845999999999998,pilH-fliC-,PaQa,3,1
ID1002813,1002813,54,0.10553,139.72267,126.90995,0,111,37,7.5,1,-10921639,14.12579,0,0,255,24480,58.348130000000005,3.0,0.70439,0.20010999999999998,pilH-fliC-,PaQa,3,1
ID1002860,1002860,54,0.10487,139.40697,126.70922,0,114,38,7.5,1,-10921639,14.71437,0,0,255,25500,59.47851,3.0,0.6519699999999999,0.19527,pilH-fliC-,PaQa,3,1
ID1002911,1002911,54,0.10757,139.64299,127.46418,0,117,39,7.5,1,-10921639,13.97865,0,0,255,24225,58.06116,27.74956,0.6662399999999999,0.19253,pilH-fliC-,PaQa,3,1
ID1002968,1002968,54,0.1106,138.89467,128.24917,0,120,40,7.5,1,-10921639,14.420079999999999,0,0,255,24990,58.91676,14.3609,0.77259,0.21335,pilH-fliC-,PaQa,3,1
ID1003021,1003021,54,0.1085,138.55555,127.8581,0,123,41,7.5,1,-10921639,13.97865,0,0,255,24225,58.06116,10.64175,0.75516,0.20717,pilH-fliC-,PaQa,3,1
ID1003080,1003080,54,0.11389,138.08733999999998,127.65378,0,126,42,7.5,1,-10921639,14.27294,0,0,255,24735,58.63332,14.57114,0.77051,0.21188,pilH-fliC-,PaQa,3,1
ID1003141,1003141,54,0.11127000000000001,137.48481,127.60333,0,129,43,7.5,1,-10921639,13.97865,0,0,255,24225,58.06116,14.36934,0.7774800000000001,0.21061999999999997,pilH-fliC-,PaQa,3,1
ID1003201,1003201,54,0.11174,137.5106,128.13232,0,132,44,7.5,1,-10921639,13.97865,0,0,255,24225,58.06116,28.5,0.78314,0.21148000000000003,pilH-fliC-,PaQa,3,1
ID1003263,1003263,54,0.10840999999999999,137.29178000000002,129.06066,0,135,45,7.5,1,-10921639,13.68436,0,0,255,23715,57.4818,5.90422,0.76751,0.20675,pilH-fliC-,PaQa,3,1
ID1003328,1003328,54,0.1072,136.69887,130.58598999999998,0,138,46,7.5,1,-10921639,13.09579,0,0,255,22695,56.300580000000004,14.73915,0.7762100000000001,0.2033,pilH-fliC-,PaQa,3,1
ID1003393,1003393,54,0.10960999999999999,137.26341000000002,130.70171000000002,0,141,47,7.5,1,-10921639,14.12579,0,0,255,24480,58.348130000000005,15.00465,0.8255299999999999,0.21896,pilH-fliC-,PaQa,3,1
ID1003460,1003460,54,0.11259000000000001,136.46362,132.34547,0,144,48,7.5,1,-10921639,13.24293,0,0,255,22950,56.598769999999995,12.62377,0.86613,0.21719000000000002,pilH-fliC-,PaQa,3,1
ID1003527,1003527,54,0.12044,139.19642,132.2293,0,147,49,7.5,1,-10921639,14.27294,0,0,255,24735,58.63332,14.686810000000001,0.95883,0.23831,pilH-fliC-,PaQa,3,1
ID1003597,1003597,54,0.11273,138.60683999999998,133.65687,0,150,50,7.5,1,-10921639,13.68436,0,0,255,23715,57.4818,14.6906,0.9641200000000001,0.23371999999999998,pilH-fliC-,PaQa,3,1
ID1003659,1003659,54,0.1214,138.94131000000002,134.87819,0,153,51,7.5,1,-10921639,14.420079999999999,0,0,255,24990,58.91676,14.4983,0.9659200000000001,0.24051,pilH-fliC-,PaQa,3,1
ID1003714,1003714,54,0.12533,138.75655,135.54913,0,156,52,7.5,1,-10921639,14.71437,0,0,255,25500,59.47851,14.561679999999999,0.96004,0.24235,pilH-fliC-,PaQa,3,1
ID1003779,1003779,54,0.12090999999999999,138.46216,134.96948,0,159,53,7.5,1,-10921639,13.97865,0,0,255,24225,58.06116,14.117989999999999,0.9717899999999999,0.23731,pilH-fliC-,PaQa,3,1
ID1003842,1003842,54,0.11287,138.14893999999998,134.68328,0,162,54,7.5,1,-10921639,13.39008,0,0,255,23205,56.895019999999995,13.95028,0.9561700000000001,0.23006999999999997,pilH-fliC-,PaQa,3,1
ID1003900,1003900,54,0.12379000000000001,136.74068,134.01995,0,165,55,7.5,1,-10921639,14.71437,0,0,255,25500,59.47851,14.561679999999999,0.96004,0.24235,pilH-fliC-,PaQa,3,1
ID1003960,1003960,54,0.12007999999999999,136.53974,132.92526999999998,0,168,56,7.5,1,-10921639,14.27294,0,0,255,24735,58.63332,14.45752,0.97236,0.24001999999999998,pilH-fliC-,PaQa,3,1
ID1004021,1004021,54,0.1167,136.79188,132.72057,0,171,57,7.5,1,-10921639,13.537220000000001,0,0,255,23460,57.18935,14.46075,0.9495899999999999,0.23059000000000002,pilH-fliC-,PaQa,3,1
ID1004078,1004078,54,0.11800999999999999,135.24836000000002,132.69657,0,174,58,7.5,1,-10921639,14.12579,0,0,255,24480,58.348130000000005,14.59336,0.9720799999999999,0.23867,pilH-fliC-,PaQa,3,1
ID1004141,1004141,54,0.11762,134.31381000000002,132.15704,0,177,59,7.5,1,-10921639,14.420079999999999,0,0,255,24990,58.91676,14.61519,0.90741,0.23287,pilH-fliC-,PaQa,3,1
ID1004198,1004198,54,0.1118,133.59435,131.13701,0,180,60,7.5,1,-10921639,13.97865,0,0,255,24225,58.06116,14.40758,0.82983,0.21836999999999998,pilH-fliC-,PaQa,3,1
ID1004256,1004256,54,0.11329000000000002,132.31873000000002,131.18313,0,183,61,7.5,1,-10921639,14.56722,0,0,255,25245,59.19848,12.39749,0.79099,0.21736,pilH-fliC-,PaQa,3,1
ID1004315,1004315,54,0.11180999999999999,132.14074,130.8007,0,186,62,7.5,1,-10921639,14.420079999999999,0,0,255,24990,58.91676,28.5,0.7564,0.21081,pilH-fliC-,PaQa,3,1
ID1004378,1004378,54,0.11324000000000001,131.89367,131.44623,0,189,63,7.5,1,-10921639,14.27294,0,0,255,24735,58.63332,12.1153,0.78156,0.21358000000000002,pilH-fliC-,PaQa,3,1
ID1004440,1004440,54,0.11560999999999999,131.53776000000002,132.33248,0,192,64,7.5,1,-10921639,14.86151,0,0,255,25755,59.75685,12.21212,0.80014,0.22109,pilH-fliC-,PaQa,3,1
ID1004503,1004503,54,0.11642999999999999,131.93194,134.09735,0,195,65,7.5,1,-10921639,14.420079999999999,0,0,255,24990,58.91676,12.34864,0.86425,0.22693000000000002,pilH-fliC-,PaQa,3,1
ID1004566,1004566,54,0.11642000000000001,131.93457,135.36101000000002,0,198,66,7.5,1,-10921639,14.420079999999999,0,0,255,24990,58.91676,14.62739,0.8886700000000001,0.23033,pilH-fliC-,PaQa,3,1
ID1004686,1004686,54,0.11724000000000001,131.88502,135.68665,0,201,67,7.5,1,-10921639,14.71437,0,0,255,25500,59.47851,14.886660000000001,0.8847200000000001,0.23226,pilH-fliC-,PaQa,3,1
ID1004627,1004627,54,0.11193,131.39808,136.4055,0,204,68,7.5,1,-10921639,13.97865,0,0,255,24225,58.06116,14.49474,0.87902,0.22526,pilH-fliC-,PaQa,3,1
ID1004745,1004745,54,0.11555,131.55131,136.55884,0,207,69,7.5,1,-10921639,13.83151,0,0,255,23970,57.77239,10.57921,0.8778100000000001,0.22384,pilH-fliC-,PaQa,3,1
ID1004810,1004810,54,0.11281,131.69462,137.82728,0,210,70,7.5,1,-10921639,14.12579,0,0,255,24480,58.348130000000005,14.43614,0.93163,0.23353000000000002,pilH-fliC-,PaQa,3,1
ID1004931,1004931,54,0.11105,131.86706,139.38478999999998,0,213,71,7.5,1,-10921639,13.97865,0,0,255,24225,58.06116,14.69024,0.91769,0.23041999999999999,pilH-fliC-,PaQa,3,1
ID1004870,1004870,54,0.12577,131.59363000000002,140.95446,0,216,72,7.5,1,-10921639,15.30294,0,0,255,26520,60.582080000000005,14.92467,0.94905,0.246,pilH-fliC-,PaQa,3,1
ID1004988,1004988,54,0.12021,131.41624,141.43522,0,219,73,7.5,1,-10921639,14.56722,0,0,255,25245,59.19848,14.561679999999999,0.9596399999999999,0.24101,pilH-fliC-,PaQa,3,1
ID1005049,1005049,54,0.12168,131.34261999999998,141.61927,0,222,74,7.5,1,-10921639,14.420079999999999,0,0,255,24990,58.91676,14.131029999999999,0.9460200000000001,0.23795999999999998,pilH-fliC-,PaQa,3,1
ID1005110,1005110,54,0.12342,131.10714,141.58876,0,225,75,7.5,1,-10921639,14.56722,0,0,255,25245,59.19848,14.09571,0.9596399999999999,0.24101,pilH-fliC-,PaQa,3,1
ID1005174,1005174,54,0.1211,130.86921999999998,142.83803999999998,0,228,76,7.5,1,-10921639,14.420079999999999,0,0,255,24990,58.91676,14.561679999999999,0.95924,0.23965999999999998,pilH-fliC-,PaQa,3,1
ID1005233,1005233,54,0.12017,130.51948000000002,143.75547,0,231,77,7.5,1,-10921639,14.27294,0,0,255,24735,58.63332,14.67363,0.9521299999999999,0.23746,pilH-fliC-,PaQa,3,1
ID1005294,1005294,54,0.11565,130.27006,143.18218000000002,0,234,78,7.5,1,-10921639,13.68436,0,0,255,23715,57.4818,13.95028,0.95709,0.23285,pilH-fliC-,PaQa,3,1
ID1005356,1005356,54,0.11694,130.06823,143.55574,0,237,79,7.5,1,-10921639,13.537220000000001,0,0,255,23460,57.18935,5.87387,0.9566399999999999,0.23146,pilH-fliC-,PaQa,3,1
ID1005416,1005416,54,0.11295,130.10199,144.69776000000002,0,240,80,7.5,1,-10921639,13.68436,0,0,255,23715,57.4818,14.91035,0.9227200000000001,0.2285,pilH-fliC-,PaQa,3,1
ID1005473,1005473,54,0.11550999999999999,130.22421,145.58562,0,243,81,7.5,1,-10921639,14.27294,0,0,255,24735,58.63332,14.580039999999999,0.8751899999999999,0.22721999999999998,pilH-fliC-,PaQa,3,1
ID1005532,1005532,54,0.11362,130.06897,146.3348,0,246,82,7.5,1,-10921639,13.537220000000001,0,0,255,23460,57.18935,6.091469999999999,0.8753200000000001,0.22096999999999997,pilH-fliC-,PaQa,3,1
ID1005590,1005590,54,0.11224,128.46084,146.84739,0,249,83,7.5,1,-10921639,13.24293,0,0,255,22950,56.598769999999995,12.00986,0.8860600000000001,0.21984,pilH-fliC-,PaQa,3,1
ID1005651,1005651,54,0.11214,129.1782,146.43084,0,252,84,7.5,1,-10921639,13.68436,0,0,255,23715,57.4818,5.902019999999999,0.8326,0.21631999999999998,pilH-fliC-,PaQa,3,1
ID1005716,1005716,54,0.11,128.58973999999998,146.56304,0,255,85,7.5,1,-10921639,12.8015,0,0,255,22185,55.698240000000006,5.9637,0.77165,0.20021,pilH-fliC-,PaQa,3,1
ID1005776,1005776,54,0.10711,128.47544,147.35878,0,258,86,7.5,1,-10921639,12.36007,0,0,255,21420,54.77936,5.9661599999999995,0.7771399999999999,0.19734000000000002,pilH-fliC-,PaQa,3,1
ID1005833,1005833,54,0.10543,128.80873,147.94241,0,261,87,7.5,1,-10921639,12.36007,0,0,255,21420,54.77936,5.96248,0.75195,0.19369,pilH-fliC-,PaQa,3,1
ID1005888,1005888,54,0.11448,129.83964,148.35166,0,264,88,7.5,1,-10921639,15.00866,0,0,255,26010,60.03355,5.9572199999999995,0.73424,0.21169000000000002,pilH-fliC-,PaQa,3,1
ID1005945,1005945,54,0.10895,128.58379,148.64771000000002,0,267,89,7.5,1,-10921639,12.06578,0,0,255,20910,54.1561,10.460939999999999,0.74037,0.18955999999999998,pilH-fliC-,PaQa,3,1
ID1006009,1006009,54,0.10916,132.20008,148.46925,0,270,90,7.5,1,-10921639,13.68436,0,0,255,23715,57.4818,10.422419999999999,0.71759,0.19892,pilH-fliC-,PaQa,3,1
ID1006072,1006072,54,0.11109000000000001,131.34328,147.65107,0,273,91,7.5,1,-10921639,13.24293,0,0,255,22950,56.598769999999995,17.9802,0.8026300000000001,0.20836,pilH-fliC-,PaQa,3,1
ID1006134,1006134,54,0.10827,130.0193,146.50698,0,276,92,7.5,1,-10921639,13.83151,0,0,255,23970,57.77239,27.21973,0.7926300000000001,0.21172,pilH-fliC-,PaQa,3,1
ID1006194,1006194,54,0.11058,130.14068999999998,145.82918999999998,0,279,93,7.5,1,-10921639,13.97865,0,0,255,24225,58.06116,14.843879999999999,0.80037,0.21406,pilH-fliC-,PaQa,3,1
ID1006253,1006253,54,0.10948,129.41881999999998,144.54805,0,282,94,7.5,1,-10921639,13.83151,0,0,255,23970,57.77239,28.5,0.7309399999999999,0.2022,pilH-fliC-,PaQa,3,1
ID1006312,1006312,54,0.10784,129.96715,143.09531,0,285,95,7.5,1,-10921639,13.68436,0,0,255,23715,57.4818,10.223510000000001,0.73942,0.2024,pilH-fliC-,PaQa,3,1
ID1006367,1006367,54,0.10337,128.36672,141.79437,0,288,96,7.5,1,-10921639,11.477210000000001,0,0,255,19890,52.882659999999994,5.96738,0.72237,0.18205,pilH-fliC-,PaQa,3,1
ID1006424,1006424,54,0.10298,128.4142,142.06121000000002,0,291,97,7.5,1,-10921639,11.91864,0,0,255,20655,53.84117,5.96756,0.6883600000000001,0.18051,pilH-fliC-,PaQa,3,1
ID1006483,1006483,54,0.10829000000000001,128.05225,141.36234,0,294,98,7.5,1,-10921639,12.8015,0,0,255,22185,55.698240000000006,12.27259,0.74747,0.19662000000000002,pilH-fliC-,PaQa,3,1
ID1006541,1006541,54,0.1144,128.94702,139.82468,0,297,99,7.5,1,-10921639,14.12579,0,0,255,24480,58.348130000000005,6.05542,0.79651,0.21466999999999997,pilH-fliC-,PaQa,3,1
ID1006594,1006594,54,0.10579000000000001,128.02665,139.8258,0,300,100,7.5,1,-10921639,12.06578,0,0,255,20910,54.1561,11.43799,0.8540200000000001,0.20525,pilH-fliC-,PaQa,3,1
ID1000419,1000419,68,0.12687,219.60947000000002,190.66894,0,0,0,7.5,1,-10921639,14.27294,0,0,255,24735,58.63332,10.827739999999999,1.0,0.24343,pilH-fliC-,PaQa,3,1
ID1000334,1000334,68,0.12754000000000001,220.13632,191.40142,0,3,1,7.5,1,-10921639,13.68436,0,0,255,23715,57.4818,11.2012,1.0,0.23806,pilH-fliC-,PaQa,3,1
ID1000586,1000586,68,0.13383,220.87896,191.30284,0,6,2,7.5,1,-10921639,15.1558,0,0,255,26265,60.30862,11.019260000000001,1.0,0.2513,pilH-fliC-,PaQa,3,1
ID1000507,1000507,68,0.12579,221.1722,192.51623,0,9,3,7.5,1,-10921639,14.12579,0,0,255,24480,58.348130000000005,13.202179999999998,1.0,0.2421,pilH-fliC-,PaQa,3,1
ID1000663,1000663,68,0.12255,222.47881,193.07609,0,12,4,7.5,1,-10921639,13.39008,0,0,255,23205,56.895019999999995,11.43747,1.0,0.23535,pilH-fliC-,PaQa,3,1
ID1000745,1000745,68,0.1273,223.15646,193.56079,0,15,5,7.5,1,-10921639,13.83151,0,0,255,23970,57.77239,12.89838,1.0,0.23940999999999998,pilH-fliC-,PaQa,3,1
ID1000891,1000891,68,0.12766,224.02757000000003,194.82795,0,18,6,7.5,1,-10921639,13.68436,0,0,255,23715,57.4818,12.320689999999999,1.0,0.23806,pilH-fliC-,PaQa,3,1
ID1000819,1000819,68,0.12895,225.31307,195.23411000000002,0,21,7,7.5,1,-10921639,14.27294,0,0,255,24735,58.63332,11.79141,1.0,0.24343,pilH-fliC-,PaQa,3,1
ID1000961,1000961,68,0.12339000000000001,226.2002,195.45328,0,24,8,7.5,1,-10921639,13.83151,0,0,255,23970,57.77239,12.7501,1.0,0.23940999999999998,pilH-fliC-,PaQa,3,1
ID1001111,1001111,68,0.11784000000000001,227.0388,197.11448000000001,0,27,9,7.5,1,-10921639,13.24293,0,0,255,22950,56.598769999999995,12.57024,1.0,0.23398000000000002,pilH-fliC-,PaQa,3,1
ID1001035,1001035,68,0.12397000000000001,228.6499,196.7857,0,30,10,7.5,1,-10921639,13.39008,0,0,255,23205,56.895019999999995,11.735610000000001,0.99256,0.23446999999999998,pilH-fliC-,PaQa,3,1
ID1001188,1001188,68,0.12007999999999999,229.11926,197.78196,0,33,11,7.5,1,-10921639,13.24293,0,0,255,22950,56.598769999999995,12.403880000000001,1.0,0.23398000000000002,pilH-fliC-,PaQa,3,1
ID1001263,1001263,68,0.12220999999999999,228.96141,197.73398,0,36,12,7.5,1,-10921639,13.24293,0,0,255,22950,56.598769999999995,12.67486,1.0,0.23398000000000002,pilH-fliC-,PaQa,3,1
ID1001410,1001410,68,0.11381,229.58115,197.86696,0,39,13,7.5,1,-10921639,12.65436,0,0,255,21930,55.39403000000001,11.09994,1.0,0.22844,pilH-fliC-,PaQa,3,1
ID1001338,1001338,68,0.11026,229.3429,198.66775,0,42,14,7.5,1,-10921639,12.21293,0,0,255,21165,54.468819999999994,11.10409,1.0,0.22421999999999997,pilH-fliC-,PaQa,3,1
ID1001489,1001489,68,0.10368,228.72588,200.31136999999998,0,45,15,7.5,1,-10921639,11.03578,0,0,255,19125,51.90269,11.782110000000001,0.9731799999999999,0.20973000000000003,pilH-fliC-,PaQa,3,1
ID1001643,1001643,68,0.11134000000000001,231.25267000000002,200.60901,0,48,16,7.5,1,-10921639,12.50721,0,0,255,21675,55.08775,13.118160000000001,1.0,0.22704000000000002,pilH-fliC-,PaQa,3,1
ID1001568,1001568,68,0.10985999999999999,232.87977999999998,201.27566000000002,0,51,17,7.5,1,-10921639,12.21293,0,0,255,21165,54.468819999999994,13.2455,1.0,0.22421999999999997,pilH-fliC-,PaQa,3,1
ID1001720,1001720,68,0.10843,233.73902,202.24171,0,54,18,7.5,1,-10921639,12.21293,0,0,255,21165,54.468819999999994,13.118160000000001,1.0,0.22421999999999997,pilH-fliC-,PaQa,3,1
ID1001789,1001789,68,0.1071,234.36952999999997,202.81085,0,57,19,7.5,1,-10921639,11.18292,0,0,255,19380,52.2318,11.70359,0.9911,0.21314,pilH-fliC-,PaQa,3,1
ID1001924,1001924,68,0.10801,234.35714,203.9732,0,60,20,7.5,1,-10921639,11.91864,0,0,255,20655,53.84117,11.74847,1.0,0.22136999999999998,pilH-fliC-,PaQa,3,1
ID1001857,1001857,68,0.10860999999999998,235.0486,203.59018,0,63,21,7.5,1,-10921639,12.21293,0,0,255,21165,54.468819999999994,12.592319999999999,1.0,0.22421999999999997,pilH-fliC-,PaQa,3,1
ID1001988,1001988,68,0.10201,235.15287999999998,205.12178,0,66,22,7.5,1,-10921639,10.888630000000001,0,0,255,18870,51.57105,11.70359,1.0,0.21114000000000002,pilH-fliC-,PaQa,3,1
ID1002052,1002052,68,0.11482,235.5273,205.6367,0,69,23,7.5,1,-10921639,12.21293,0,0,255,21165,54.468819999999994,12.88695,1.0,0.22421999999999997,pilH-fliC-,PaQa,3,1
ID1002117,1002117,68,0.10640999999999999,235.47676,205.44437,0,72,24,7.5,1,-10921639,11.03578,0,0,255,19125,51.90269,3.97515,1.0,0.21261999999999998,pilH-fliC-,PaQa,3,1
ID1002176,1002176,68,0.10430999999999999,234.45292999999998,206.11324,0,75,25,7.5,1,-10921639,11.330060000000001,0,0,255,19635,52.558440000000004,10.71598,1.0,0.21556999999999998,pilH-fliC-,PaQa,3,1
ID1002234,1002234,68,0.10287,234.0841,206.31599,0,78,26,7.5,1,-10921639,10.59435,0,0,255,18360,50.90003,13.008510000000001,1.0,0.20814000000000002,pilH-fliC-,PaQa,3,1
ID1002294,1002294,68,0.10272,233.03562999999997,208.18982,0,87,29,7.5,1,-10921639,11.330060000000001,0,0,255,19635,52.558440000000004,12.2694,1.0,0.21556999999999998,pilH-fliC-,PaQa,3,1
ID1002459,1002459,68,0.10329,232.70188,207.0008,0,90,30,7.5,1,-10921639,11.330060000000001,0,0,255,19635,52.558440000000004,11.78871,0.9825,0.21366999999999997,pilH-fliC-,PaQa,3,1
ID1002621,1002621,68,0.10822000000000001,230.75429,205.85226,0,93,31,7.5,1,-10921639,11.62435,0,0,255,20145,53.20449,12.14655,1.0,0.21848,pilH-fliC-,PaQa,3,1
ID1002515,1002515,68,0.10196000000000001,229.1575,205.63361,0,96,32,7.5,1,-10921639,11.77149,0,0,255,20400,53.52398,12.11947,1.0,0.21993000000000001,pilH-fliC-,PaQa,3,1
ID1002567,1002567,68,0.10209,229.1604,204.10108,0,99,33,7.5,1,-10921639,11.477210000000001,0,0,255,19890,52.882659999999994,11.92908,1.0,0.21703000000000003,pilH-fliC-,PaQa,3,1
ID1002676,1002676,68,0.10743,228.11708,204.29716000000002,0,102,34,7.5,1,-10921639,11.91864,0,0,255,20655,53.84117,11.93795,1.0,0.22136999999999998,pilH-fliC-,PaQa,3,1
ID1002775,1002775,68,0.11412,228.14267999999998,202.21815,0,105,35,7.5,1,-10921639,12.36007,0,0,255,21420,54.77936,11.93908,0.9919399999999999,0.22471999999999998,pilH-fliC-,PaQa,3,1
ID1002725,1002725,68,0.11784000000000001,227.25354,201.48516999999998,0,108,36,7.5,1,-10921639,12.8015,0,0,255,22185,55.698240000000006,12.28209,1.0,0.22984000000000002,pilH-fliC-,PaQa,3,1
ID1002823,1002823,68,0.10672000000000001,226.04356,201.38741000000002,0,111,37,7.5,1,-10921639,11.77149,0,0,255,20400,53.52398,12.329,1.0,0.21993000000000001,pilH-fliC-,PaQa,3,1
ID1002872,1002872,68,0.10972,225.09771,201.62739,0,114,38,7.5,1,-10921639,12.06578,0,0,255,20910,54.1561,12.59722,1.0,0.2228,pilH-fliC-,PaQa,3,1
ID1002921,1002921,68,0.11302000000000001,224.05084,201.86795,0,117,39,7.5,1,-10921639,12.50721,0,0,255,21675,55.08775,12.40245,1.0,0.22704000000000002,pilH-fliC-,PaQa,3,1
ID1002977,1002977,68,0.10919000000000001,224.30796,202.82916,0,120,40,7.5,1,-10921639,12.50721,0,0,255,21675,55.08775,10.702110000000001,1.0,0.22704000000000002,pilH-fliC-,PaQa,3,1
ID1003032,1003032,68,0.11799000000000001,225.60265,203.26934,0,123,41,7.5,1,-10921639,12.94864,0,0,255,22440,56.000409999999995,10.614980000000001,1.0,0.23121999999999998,pilH-fliC-,PaQa,3,1
ID1003089,1003089,68,0.11227000000000001,226.78062999999997,204.64752,0,126,42,7.5,1,-10921639,12.50721,0,0,255,21675,55.08775,11.09994,1.0,0.22704000000000002,pilH-fliC-,PaQa,3,1
ID1003149,1003149,68,0.11064,227.55762000000001,205.62409,0,129,43,7.5,1,-10921639,12.36007,0,0,255,21420,54.77936,4.38286,0.9919399999999999,0.22471999999999998,pilH-fliC-,PaQa,3,1
ID1003208,1003208,68,0.11438,227.89434,206.02362,0,132,44,7.5,1,-10921639,12.65436,0,0,255,21930,55.39403000000001,10.78818,1.0,0.22844,pilH-fliC-,PaQa,3,1
ID1003274,1003274,68,0.11500999999999999,228.61481,206.42411,0,135,45,7.5,1,-10921639,12.21293,0,0,255,21165,54.468819999999994,10.44792,1.0,0.22421999999999997,pilH-fliC-,PaQa,3,1
ID1003337,1003337,68,0.11283,230.13528,206.33416,0,138,46,7.5,1,-10921639,12.50721,0,0,255,21675,55.08775,13.07141,1.0,0.22704000000000002,pilH-fliC-,PaQa,3,1
ID1003405,1003405,68,0.10344,230.00636,206.12372,0,141,47,7.5,1,-10921639,11.330060000000001,0,0,255,19635,52.558440000000004,11.04438,1.0,0.21556999999999998,pilH-fliC-,PaQa,3,1
ID1003474,1003474,68,0.11105999999999999,230.46979,207.16705,0,144,48,7.5,1,-10921639,12.06578,0,0,255,20910,54.1561,12.93121,1.0,0.2228,pilH-fliC-,PaQa,3,1
ID1003541,1003541,68,0.1078,231.38397999999998,208.02097,0,147,49,7.5,1,-10921639,12.21293,0,0,255,21165,54.468819999999994,12.69861,1.0,0.22421999999999997,pilH-fliC-,PaQa,3,1
ID1003610,1003610,68,0.11227000000000001,232.70817999999997,209.22582,0,150,50,7.5,1,-10921639,12.8015,0,0,255,22185,55.698240000000006,10.659410000000001,1.0,0.22984000000000002,pilH-fliC-,PaQa,3,1
ID1003667,1003667,68,0.10997,233.58896000000001,210.24402,0,153,51,7.5,1,-10921639,12.50721,0,0,255,21675,55.08775,13.271,1.0,0.22704000000000002,pilH-fliC-,PaQa,3,1
ID1003723,1003723,68,0.11345,234.47286,210.43322999999998,0,156,52,7.5,1,-10921639,12.94864,0,0,255,22440,56.000409999999995,13.271,1.0,0.23121999999999998,pilH-fliC-,PaQa,3,1
ID1003789,1003789,68,0.10976,235.75149,210.50806,0,159,53,7.5,1,-10921639,11.91864,0,0,255,20655,53.84117,11.66531,0.97514,0.21858000000000002,pilH-fliC-,PaQa,3,1
ID1003855,1003855,68,0.11329000000000002,235.53128999999998,212.43417000000002,0,162,54,7.5,1,-10921639,12.36007,0,0,255,21420,54.77936,12.96695,1.0,0.22563000000000002,pilH-fliC-,PaQa,3,1
ID1003911,1003911,68,0.11137000000000001,236.23566,213.06493999999998,0,165,55,7.5,1,-10921639,12.50721,0,0,255,21675,55.08775,10.614980000000001,1.0,0.22704000000000002,pilH-fliC-,PaQa,3,1
ID1003971,1003971,68,0.11252999999999999,235.66189,213.7747,0,168,56,7.5,1,-10921639,12.8015,0,0,255,22185,55.698240000000006,13.271,1.0,0.22984000000000002,pilH-fliC-,PaQa,3,1
ID1004031,1004031,68,0.1128,236.50072999999998,214.29987000000003,0,171,57,7.5,1,-10921639,12.36007,0,0,255,21420,54.77936,13.118160000000001,1.0,0.22563000000000002,pilH-fliC-,PaQa,3,1
ID1004092,1004092,68,0.10885999999999998,238.53118999999998,214.8296,0,174,58,7.5,1,-10921639,12.36007,0,0,255,21420,54.77936,10.784889999999999,1.0,0.22563000000000002,pilH-fliC-,PaQa,3,1
ID1004153,1004153,68,0.1123,239.38856,215.59995,0,177,59,7.5,1,-10921639,12.36007,0,0,255,21420,54.77936,13.02115,1.0,0.22563000000000002,pilH-fliC-,PaQa,3,1
ID1004210,1004210,68,0.10807,239.98238999999998,216.25201,0,180,60,7.5,1,-10921639,12.21293,0,0,255,21165,54.468819999999994,12.67013,1.0,0.22421999999999997,pilH-fliC-,PaQa,3,1
ID1004270,1004270,68,0.10037,240.25742000000002,217.57062000000002,0,183,61,7.5,1,-10921639,10.888630000000001,0,0,255,18870,51.57105,12.29138,0.9818,0.2092,pilH-fliC-,PaQa,3,1
ID1004393,1004393,68,0.10577,242.34828,217.88002000000003,0,189,63,7.5,1,-10921639,11.91864,0,0,255,20655,53.84117,10.96499,0.99164,0.22044,pilH-fliC-,PaQa,3,1
ID1004455,1004455,68,0.10982,243.80756,218.51663,0,192,64,7.5,1,-10921639,12.36007,0,0,255,21420,54.77936,13.181239999999999,1.0,0.22563000000000002,pilH-fliC-,PaQa,3,1
ID1004521,1004521,68,0.11208,245.0333,219.47572999999997,0,195,65,7.5,1,-10921639,12.21293,0,0,255,21165,54.468819999999994,12.93121,1.0,0.22421999999999997,pilH-fliC-,PaQa,3,1
ID1004579,1004579,68,0.10809,245.04436,221.44746,0,198,66,7.5,1,-10921639,11.77149,0,0,255,20400,53.52398,12.714360000000001,1.0,0.21993000000000001,pilH-fliC-,PaQa,3,1
ID1004700,1004700,68,0.10814000000000001,244.61656000000002,222.27152999999998,0,201,67,7.5,1,-10921639,11.62435,0,0,255,20145,53.20449,12.197,0.9829399999999999,0.2166,pilH-fliC-,PaQa,3,1
ID1004642,1004642,68,0.11595,245.18733999999998,221.58641,0,204,68,7.5,1,-10921639,13.09579,0,0,255,22695,56.300580000000004,12.39988,1.0,0.2326,pilH-fliC-,PaQa,3,1
ID1004760,1004760,68,0.11215,244.52298,221.98307999999997,0,207,69,7.5,1,-10921639,12.65436,0,0,255,21930,55.39403000000001,12.03502,0.96888,0.22483000000000003,pilH-fliC-,PaQa,3,1
ID1004820,1004820,68,0.12082000000000001,244.25217,222.9472,0,210,70,7.5,1,-10921639,12.8015,0,0,255,22185,55.698240000000006,11.88837,1.0,0.22984000000000002,pilH-fliC-,PaQa,3,1
ID1004943,1004943,68,0.11499000000000001,243.75997,223.08879,0,213,71,7.5,1,-10921639,12.8015,0,0,255,22185,55.698240000000006,12.11947,1.0,0.22984000000000002,pilH-fliC-,PaQa,3,1
ID1004880,1004880,68,0.1189,243.24031000000002,222.87911,0,216,72,7.5,1,-10921639,13.39008,0,0,255,23205,56.895019999999995,12.46077,1.0,0.23535,pilH-fliC-,PaQa,3,1
ID1005003,1005003,68,0.11517000000000001,241.89071,221.73554,0,219,73,7.5,1,-10921639,12.94864,0,0,255,22440,56.000409999999995,12.18661,1.0,0.23121999999999998,pilH-fliC-,PaQa,3,1
ID1005060,1005060,68,0.11435,240.60508,220.7586,0,222,74,7.5,1,-10921639,13.09579,0,0,255,22695,56.300580000000004,12.18305,1.0,0.2326,pilH-fliC-,PaQa,3,1
ID1005124,1005124,68,0.11204000000000001,239.70396000000002,219.82557999999997,0,225,75,7.5,1,-10921639,12.65436,0,0,255,21930,55.39403000000001,13.602020000000001,1.0,0.22844,pilH-fliC-,PaQa,3,1
ID1005187,1005187,68,0.11642000000000001,239.38411000000002,219.23672000000002,0,228,76,7.5,1,-10921639,13.24293,0,0,255,22950,56.598769999999995,13.0151,1.0,0.23398000000000002,pilH-fliC-,PaQa,3,1
ID1005245,1005245,68,0.11549000000000001,238.18465,218.58972999999997,0,231,77,7.5,1,-10921639,13.39008,0,0,255,23205,56.895019999999995,13.29665,1.0,0.23535,pilH-fliC-,PaQa,3,1
ID1005306,1005306,68,0.11462,237.00727,218.53792,0,234,78,7.5,1,-10921639,12.8015,0,0,255,22185,55.698240000000006,13.271,1.0,0.22984000000000002,pilH-fliC-,PaQa,3,1
ID1005371,1005371,68,0.11594000000000002,235.74877,217.64307000000002,0,237,79,7.5,1,-10921639,13.09579,0,0,255,22695,56.300580000000004,13.40894,1.0,0.2326,pilH-fliC-,PaQa,3,1
ID1005428,1005428,68,0.11349000000000001,234.47487,217.68094,0,240,80,7.5,1,-10921639,12.50721,0,0,255,21675,55.08775,13.240620000000002,0.98414,0.22523,pilH-fliC-,PaQa,3,1
ID1005488,1005488,68,0.12267,234.7661,217.43616,0,243,81,7.5,1,-10921639,13.68436,0,0,255,23715,57.4818,11.548910000000001,1.0,0.23806,pilH-fliC-,PaQa,3,1
ID1005544,1005544,68,0.10827,235.40166000000002,217.17168999999998,0,246,82,7.5,1,-10921639,11.62435,0,0,255,20145,53.20449,11.90172,0.9829399999999999,0.2166,pilH-fliC-,PaQa,3,1
ID1005609,1005609,68,0.11168,234.18782000000002,218.10897000000003,0,249,83,7.5,1,-10921639,12.65436,0,0,255,21930,55.39403000000001,13.30294,1.0,0.22844,pilH-fliC-,PaQa,3,1
ID1005667,1005667,68,0.11135,233.37434,217.14896000000002,0,252,84,7.5,1,-10921639,12.8015,0,0,255,22185,55.698240000000006,12.70542,1.0,0.22984000000000002,pilH-fliC-,PaQa,3,1
ID1005729,1005729,68,0.10967,233.48625,216.41181,0,255,85,7.5,1,-10921639,12.36007,0,0,255,21420,54.77936,12.07328,1.0,0.22563000000000002,pilH-fliC-,PaQa,3,1
ID1005785,1005785,68,0.11489,233.13289,216.574,0,258,86,7.5,1,-10921639,12.94864,0,0,255,22440,56.000409999999995,11.79464,1.0,0.23121999999999998,pilH-fliC-,PaQa,3,1
ID1005841,1005841,68,0.1126,234.13087000000002,216.63341,0,261,87,7.5,1,-10921639,12.65436,0,0,255,21930,55.39403000000001,12.27946,1.0,0.22844,pilH-fliC-,PaQa,3,1
ID1005897,1005897,68,0.11402999999999999,234.32341,216.21428999999998,0,264,88,7.5,1,-10921639,12.8015,0,0,255,22185,55.698240000000006,12.37854,1.0,0.22984000000000002,pilH-fliC-,PaQa,3,1
ID1005959,1005959,68,0.11209000000000001,233.55027,215.73033999999998,0,267,89,7.5,1,-10921639,12.65436,0,0,255,21930,55.39403000000001,12.58245,1.0,0.22844,pilH-fliC-,PaQa,3,1
ID1006023,1006023,68,0.118,232.45215,215.35747,0,270,90,7.5,1,-10921639,13.24293,0,0,255,22950,56.598769999999995,13.56109,0.98501,0.23221,pilH-fliC-,PaQa,3,1
ID1006084,1006084,68,0.11405,231.9172,214.80007,0,273,91,7.5,1,-10921639,12.94864,0,0,255,22440,56.000409999999995,5.87697,1.0,0.23121999999999998,pilH-fliC-,PaQa,3,1
ID1006146,1006146,68,0.11689000000000001,230.95686,214.04344,0,276,92,7.5,1,-10921639,12.94864,0,0,255,22440,56.000409999999995,13.42252,1.0,0.23121999999999998,pilH-fliC-,PaQa,3,1
ID1006205,1006205,68,0.11389,230.3698,213.72616000000002,0,279,93,7.5,1,-10921639,13.09579,0,0,255,22695,56.300580000000004,10.76728,1.0,0.2326,pilH-fliC-,PaQa,3,1
ID1006266,1006266,68,0.11540999999999998,229.78637999999998,213.68642999999997,0,282,94,7.5,1,-10921639,12.94864,0,0,255,22440,56.000409999999995,13.05156,1.0,0.23121999999999998,pilH-fliC-,PaQa,3,1
ID1006324,1006324,68,0.11464,229.72516000000002,214.46566,0,285,95,7.5,1,-10921639,13.24293,0,0,255,22950,56.598769999999995,11.11865,0.9924799999999999,0.2331,pilH-fliC-,PaQa,3,1
ID1006379,1006379,68,0.11465999999999998,229.31955,214.09416000000002,0,288,96,7.5,1,-10921639,12.8015,0,0,255,22185,55.698240000000006,12.27946,1.0,0.22984000000000002,pilH-fliC-,PaQa,3,1
ID1006437,1006437,68,0.11558,229.68147000000002,215.41627999999997,0,291,97,7.5,1,-10921639,12.94864,0,0,255,22440,56.000409999999995,12.18661,1.0,0.23121999999999998,pilH-fliC-,PaQa,3,1
ID1006498,1006498,68,0.10672999999999999,228.15811000000002,215.40985,0,294,98,7.5,1,-10921639,11.77149,0,0,255,20400,53.52398,12.00504,0.98315,0.21806,pilH-fliC-,PaQa,3,1
ID1006553,1006553,68,0.10355999999999999,227.21492,213.40891000000002,0,297,99,7.5,1,-10921639,11.62435,0,0,255,20145,53.20449,12.27946,1.0,0.21848,pilH-fliC-,PaQa,3,1
ID1006607,1006607,68,0.11007,226.72339,212.82386,0,300,100,7.5,1,-10921639,12.65436,0,0,255,21930,55.39403000000001,10.8619,1.0,0.22844,pilH-fliC-,PaQa,3,1
