Frame,CellID,Area,CellLength,CellSinuosity,CellWidth,MaxCellIntensity_RFP,MeanCellIntensity_RFP,MedianCellIntensity_RFP,MinCellIntensity_RFP,MaxCellIntensity_PaQa,MeanCellIntensity_PaQa,MedianCellIntensity_PaQa,MinCellIntensity_PaQa,Strain,Growth,Bio_Rep
1,1,1.6224,2.95462986797652,1.08105700875118,1.07200746266059,1261,891.166666666667,922.5,241,375,271.5,292.0,132,fliC-lolo,Liquid,2
1,3,2.9237,4.8600209204105305,1.0990769678879,1.04809350727881,1149,675.057803468208,705.0,160,978,581.8901734104049,566.0,252,fliC-lolo,Liquid,2
1,6,1.8759,2.9407097574855,1.02715962713898,1.1627553482998898,1420,1009.8648648648599,1068.0,218,498,353.90090090090104,364.0,146,fliC-lolo,Liquid,2
1,8,1.8928,3.31308657865101,1.0721738456350798,0.990050503762308,1469,942.035714285714,1044.5,292,820,591.660714285714,617.5,263,fliC-lolo,Liquid,2
1,10,1.7069,2.44769552621701,1.03962597048738,1.04,1381,924.049504950495,940.0,258,426,273.544554455446,278.0,105,fliC-lolo,Liquid,2
1,12,2.0111,3.2007097574855,1.05464109593336,1.1627553482998898,1390,984.831932773109,1015.0,260,651,472.210084033613,488.0,197,fliC-lolo,Liquid,2
1,13,2.0111,3.30840528370251,1.02454908883144,1.10308657865101,1420,1014.95798319328,1065.0,332,473,322.957983193277,329.0,157,fliC-lolo,Liquid,2
1,14,1.8421,3.016861994377,1.04517408281644,1.04809350727881,1243,874.8715596330279,897.0,206,398,271.954128440367,276.0,110,fliC-lolo,Liquid,2
1,16,1.7069,2.80232539419353,1.0778174593052,1.1627553482998898,1567,1078.76237623762,1126.0,281,557,397.366336633663,408.0,142,fliC-lolo,Liquid,2
1,17,1.5886,2.6500209204105296,1.0269701942148,1.10308657865101,1733,1184.7446808510601,1295.5,418,923,678.872340425532,685.0,318,fliC-lolo,Liquid,2
1,18,1.9604,2.73,1.0,1.04,1801,1213.10344827586,1178.0,351,469,314.741379310345,325.5,109,fliC-lolo,Liquid,2
1,19,1.7238,2.7791664681599997,1.0557942210068199,1.19854077944808,1543,1047.24509803922,1086.5,270,701,447.03921568627504,452.5,177,fliC-lolo,Liquid,2
1,20,1.9266,3.27771644662754,1.04873100733801,1.01533245786787,1231,894.385964912281,942.0,275,354,248.40350877192998,256.5,116,fliC-lolo,Liquid,2
1,21,2.1125,3.3315642097360403,1.03508162352237,1.1183022847155402,1591,1111.4160000000002,1155.0,281,814,575.44,586.0,222,fliC-lolo,Liquid,2
1,22,1.4872,2.5423253941935298,1.05135584562486,1.1183022847155402,1153,770.397727272727,787.0,246,392,264.829545454545,267.5,107,fliC-lolo,Liquid,2
1,24,2.7209,4.71695526217005,1.06810881800741,1.01533245786787,1500,1044.08074534161,1084.0,303,876,638.490683229814,652.0,260,fliC-lolo,Liquid,2
1,25,1.8928,2.7838477631085,1.01857026770862,1.07200746266059,1379,933.9375,931.0,296,522,360.41071428571405,395.0,150,fliC-lolo,Liquid,2
1,26,1.5548,2.3938477631085,1.02143678763816,1.07200746266059,1337,948.478260869565,1020.0,316,458,317.5,327.5,124,fliC-lolo,Liquid,2
1,27,1.7069,2.68539105243401,1.0638821202286,1.07200746266059,1631,1107.27722772277,1142.0,438,1576,1135.9702970297,1184.0,541,fliC-lolo,Liquid,2
1,28,2.5519,4.27693434175952,1.0679627982988,0.946414285606467,1447,1011.6357615894,1036.0,290,951,665.112582781457,675.0,296,fliC-lolo,Liquid,2
1,29,1.7069,2.76154328932551,1.05038098032057,1.07200746266059,1628,1036.0297029703,1118.0,293,555,377.73267326732696,393.0,151,fliC-lolo,Liquid,2
1,30,2.5519,4.37156420973604,1.07145859782737,1.07200746266059,1727,1225.8476821192098,1249.0,434,418,304.291390728477,312.0,147,fliC-lolo,Liquid,2
1,31,1.6393,2.80232539419353,1.06459220434141,1.1627553482998898,1535,1009.85567010309,1034.0,268,349,244.298969072165,244.0,107,fliC-lolo,Liquid,2
1,32,2.6871,4.50156420973604,1.07375061921325,1.07200746266059,1695,1209.6163522012598,1276.0,271,824,576.459119496855,592.0,185,fliC-lolo,Liquid,2
1,33,2.2984,3.43840528370251,1.032670553949,1.10308657865101,1586,1125.9926470588198,1184.0,364,430,291.742647058824,305.0,104,fliC-lolo,Liquid,2
1,35,2.3322,4.039238815542509,1.05583786490281,0.946414285606467,1297,865.623188405797,891.0,243,567,386.717391304348,392.5,156,fliC-lolo,Liquid,2
1,36,2.6364,4.29541197284454,1.0636477221210199,1.10308657865101,1551,1063.1987179487198,1109.5,393,472,304.38461538461496,307.0,120,fliC-lolo,Liquid,2
1,37,1.9097,2.81539105243401,1.06181463866535,1.1627553482998898,1337,937.106194690266,968.0,438,389,257.46902654867296,262.0,120,fliC-lolo,Liquid,2
1,39,1.859,3.24617315730203,1.10140430697515,1.04809350727881,1411,948.118181818182,1007.5,256,380,259.345454545455,264.5,106,fliC-lolo,Liquid,2
1,40,1.8252,3.0623253941935302,1.07296230398034,1.1627553482998898,1643,1177.15740740741,1237.0,371,439,306.064814814815,319.5,163,fliC-lolo,Liquid,2
1,41,2.6533,4.039238815542509,1.06572883372038,1.07200746266059,1416,944.426751592357,958.0,357,479,312.566878980892,317.0,111,fliC-lolo,Liquid,2
1,43,1.8083,2.93232539419353,1.08398896456619,1.1627553482998898,1597,1126.08411214953,1174.0,458,349,248.21495327102798,255.0,110,fliC-lolo,Liquid,2
1,44,1.3519999999999999,2.4653187050514904,1.06512379605711,1.01533245786787,1425,981.8375,1031.5,317,413,285.4375,290.5,126,fliC-lolo,Liquid,2
1,45,1.3519999999999999,2.56377541572599,1.1024569439627099,0.990050503762308,1296,913.0375,960.0,226,575,404.3875,414.5,176,fliC-lolo,Liquid,2
1,46,2.0618,3.46156420973604,1.0444132220709101,1.10308657865101,1206,865.860655737705,913.5,334,360,257.31967213114797,268.0,124,fliC-lolo,Liquid,2
1,47,2.5181,3.8822530468110097,1.0441522660134999,1.2332882874656699,1518,1071.73825503356,1115.0,340,429,312.328859060403,321.0,129,fliC-lolo,Liquid,2
1,48,1.5717,2.6315432893255095,1.0523647784841998,0.990050503762308,1543,1086.7634408602198,1094.0,272,458,332.924731182796,342.0,124,fliC-lolo,Liquid,2
1,49,1.7914,3.13847763108502,1.07966912753363,1.01533245786787,1431,990.22641509434,1064.5,299,1515,1131.7735849056598,1168.5,535,fliC-lolo,Liquid,2
1,50,1.9604,3.0215432893255096,1.04679588990053,1.07200746266059,1623,1119.98275862069,1212.5,313,365,262.01724137931,269.0,110,fliC-lolo,Liquid,2
1,51,2.0111,3.66771644662754,1.05956909575826,1.01533245786787,1449,1010.28571428571,1104.0,316,1515,1121.52100840336,1159.0,517,fliC-lolo,Liquid,2
1,52,1.7745,2.78002092041053,1.04223022548282,1.1183022847155402,1330,880.419047619048,904.0,263,426,276.780952380952,289.0,104,fliC-lolo,Liquid,2
1,53,2.5012,4.5554119728445395,1.06975529699975,0.990050503762308,1466,1051.0472972973,1129.0,264,1160,854.824324324324,888.0,360,fliC-lolo,Liquid,2
1,54,1.4196,2.6407821048680202,1.0811896094670999,0.990050503762308,1532,1024.11904761905,1092.5,361,1165,821.464285714286,822.5,382,fliC-lolo,Liquid,2
1,56,1.4872,2.54147094194299,1.06494418332231,1.1627553482998898,1377,937.534090909091,948.0,356,490,332.102272727273,347.5,118,fliC-lolo,Liquid,2
1,57,1.9097,3.26847763108502,1.0809448387420602,1.07200746266059,1370,960.1592920353979,999.0,354,336,243.115044247788,258.0,99,fliC-lolo,Liquid,2
2,1,2.1463,3.10693434175952,1.07966912753363,1.19854077944808,1420,958.4881889763781,1007.0,294,376,248.322834645669,261.0,88,fliC-lolo,Liquid,2
2,2,2.6026,3.93154328932551,1.03731401776285,1.07200746266059,1374,953.850649350649,1023.0,204,1154,823.428571428571,868.0,296,fliC-lolo,Liquid,2
2,3,2.535,4.3261008099195095,1.05233322668037,1.04809350727881,1455,930.633333333333,988.0,223,596,411.553333333333,415.5,203,fliC-lolo,Liquid,2
2,4,2.6533,4.57771644662754,1.1036507093319599,1.07200746266059,1402,1002.5222929936301,1036.0,264,1159,840.356687898089,853.0,343,fliC-lolo,Liquid,2
2,6,2.1463,3.34377541572599,1.0698670910519101,1.07200746266059,1300,903.661417322835,943.0,243,313,205.0,207.0,77,fliC-lolo,Liquid,2
2,7,1.8083,3.19232539419353,1.07583319079416,1.04,1512,1047.93457943925,1118.0,200,1018,776.8224299065421,801.0,328,fliC-lolo,Liquid,2
2,8,1.7238,3.03078210486802,1.0823117459700502,0.990050503762308,1345,952.5588235294119,1019.5,219,1347,941.480392156863,973.0,471,fliC-lolo,Liquid,2
2,9,1.6224,2.6315432893255095,1.0523647784841998,1.07200746266059,1367,906.75,939.5,246,366,238.270833333333,240.5,99,fliC-lolo,Liquid,2
2,10,1.4703,2.34,1.0,1.04,1087,670.67816091954,713.0,122,468,304.275862068966,308.0,123,fliC-lolo,Liquid,2
2,11,1.8928,3.23693434175952,1.0785168470185,1.07200746266059,1595,1111.36607142857,1136.0,255,754,529.678571428571,554.0,180,fliC-lolo,Liquid,2
2,12,2.5519,3.8869343417595204,1.07194882797645,1.07200746266059,1700,1145.46357615894,1167.0,367,584,393.12582781457,403.0,145,fliC-lolo,Liquid,2
2,13,1.6393,2.9861731573020296,1.0804443868003701,1.01533245786787,1212,841.783505154639,909.0,154,333,230.77319587628898,241.0,88,fliC-lolo,Liquid,2
2,14,1.3858,2.187695526217,1.04365474598587,1.07200746266059,1421,942.658536585366,953.5,220,445,298.08536585365897,296.0,112,fliC-lolo,Liquid,2
2,15,2.8223,4.5053910524340095,1.0425766664390799,1.07200746266059,1462,1016.81437125749,1065.0,185,592,400.76047904191597,413.0,155,fliC-lolo,Liquid,2
2,16,2.3153,2.99,1.0,1.04,1378,943.197080291971,965.0,291,781,536.2554744525551,572.0,200,fliC-lolo,Liquid,2
2,17,1.8252,3.0530865786510097,1.07531716468635,1.07200746266059,1391,940.351851851852,986.5,154,402,277.027777777778,291.0,86,fliC-lolo,Liquid,2
2,18,1.9266,2.96769552621701,1.0333943403580799,1.07200746266059,1624,1091.67543859649,1119.0,223,369,239.815789473684,246.5,80,fliC-lolo,Liquid,2
2,19,1.9604,2.9222321264004805,1.0655929859708,1.07200746266059,1472,999.310344827586,1075.0,308,594,413.474137931034,434.0,135,fliC-lolo,Liquid,2
2,20,1.521,2.4430142312685,1.0191619147049398,1.10308657865101,1391,940.588888888889,970.0,289,458,314.911111111111,330.0,135,fliC-lolo,Liquid,2
2,21,2.0111,3.097695526217,1.03212375019718,1.07200746266059,1206,860.428571428571,922.0,245,574,405.98319327731105,432.0,168,fliC-lolo,Liquid,2
2,22,1.6055,2.72617315730203,1.04852813742386,1.1183022847155402,1586,1074.01052631579,1171.0,267,2052,1515.68421052632,1568.0,766,fliC-lolo,Liquid,2
2,23,1.9266,3.07539105243401,1.05796668471339,0.990050503762308,1621,1134.62280701754,1208.0,315,890,607.5,636.5,207,fliC-lolo,Liquid,2
2,24,1.8759,2.8915432893255097,1.04852813742386,1.07200746266059,1383,960.828828828829,977.0,388,467,317.306306306306,326.0,144,fliC-lolo,Liquid,2
2,26,2.028,3.3315642097360403,1.03508162352237,1.01533245786787,1530,1078.2333333333302,1135.5,378,804,556.858333333333,581.5,240,fliC-lolo,Liquid,2
2,27,1.6731,2.7392388155425094,1.07248911335735,1.07200746266059,1337,880.878787878788,896.0,178,424,278.545454545455,281.0,85,fliC-lolo,Liquid,2
2,28,1.7238,3.16078210486802,1.08194582775902,0.990050503762308,1686,1191.8431372549,1240.0,274,519,357.96078431372496,368.5,112,fliC-lolo,Liquid,2
2,29,1.8759,2.73,1.0,0.91,1553,1079.27027027027,1135.0,279,696,478.38738738738704,484.0,159,fliC-lolo,Liquid,2
2,30,1.7407,2.81539105243401,1.07746877006011,1.07200746266059,1290,882.495145631068,939.0,196,386,266.388349514563,274.0,94,fliC-lolo,Liquid,2
2,31,1.5886,2.4661731573020296,1.02882321552617,1.10308657865101,1449,972.755319148936,1033.5,211,509,355.521276595745,376.5,138,fliC-lolo,Liquid,2
2,33,1.8928,3.17002092041053,1.05920699754198,1.04809350727881,1869,1255.16964285714,1312.5,404,470,316.919642857143,319.5,139,fliC-lolo,Liquid,2
2,34,2.2646,3.85539105243401,1.05648168859887,1.07200746266059,1703,1166.0522388059699,1247.5,362,590,434.514925373134,441.5,188,fliC-lolo,Liquid,2
2,35,1.7407,2.83769552621701,1.03476668459675,0.946414285606467,1359,901.776699029126,975.0,245,357,255.38834951456298,262.0,132,fliC-lolo,Liquid,2
2,36,2.4167,3.9807097574855,1.09290479823348,1.04809350727881,1393,1025.23776223776,1055.0,356,353,236.797202797203,248.0,101,fliC-lolo,Liquid,2
2,37,2.1294,3.59539105243401,1.05135584562486,0.946414285606467,1434,980.952380952381,1099.0,230,909,675.7380952380951,710.0,282,fliC-lolo,Liquid,2
2,38,1.69,3.07539105243401,1.05796668471339,0.946414285606467,1154,807.93,827.0,180,345,239.16,244.5,105,fliC-lolo,Liquid,2
2,39,1.859,2.73,1.0,0.91,1544,1024.7,1053.5,200,761,516.918181818182,522.0,145,fliC-lolo,Liquid,2
2,41,1.8252,3.23693434175952,1.0785168470185,0.946414285606467,1259,875.148148148148,972.0,241,457,351.074074074074,368.0,167,fliC-lolo,Liquid,2
2,43,2.6195,4.35764409924502,1.02666747255805,1.04809350727881,1401,978.5290322580639,1018.0,297,1031,744.103225806452,764.0,356,fliC-lolo,Liquid,2
2,44,1.8421,3.23693434175952,1.0785168470185,0.946414285606467,1494,1019.85321100917,1080.0,218,348,240.32110091743098,246.0,70,fliC-lolo,Liquid,2
2,45,1.3519999999999999,2.28232539419353,1.03451779686443,1.10308657865101,1700,1093.475,1182.0,270,454,309.125,314.5,141,fliC-lolo,Liquid,2
2,46,3.0758,4.644629867976519,1.07479743006598,1.07200746266059,1557,1057.0824175824198,1066.5,403,660,433.417582417582,440.5,144,fliC-lolo,Liquid,2
2,47,2.6364,4.37156420973604,1.07145859782737,1.07200746266059,1485,993.301282051282,1030.0,220,872,612.9935897435901,627.0,247,fliC-lolo,Liquid,2
2,48,2.6533,4.38462986797652,1.07684967654196,0.990050503762308,1536,1068.59872611465,1120.0,215,1124,807.006369426752,836.0,316,fliC-lolo,Liquid,2
2,51,1.8759,2.9992388155425096,1.06874657841954,1.07200746266059,1643,1174.65765765766,1213.0,345,668,474.693693693694,479.0,191,fliC-lolo,Liquid,2
2,52,1.7407,2.707695526217,1.0362529801350502,1.07200746266059,1430,985.6893203883501,1041.0,251,443,295.300970873786,308.0,106,fliC-lolo,Liquid,2
2,53,1.7576,2.8014709419429904,1.07081700225212,1.04809350727881,1464,1016.3653846153801,1060.0,325,951,680.163461538462,694.0,295,fliC-lolo,Liquid,2
2,54,2.6702,3.9714709419429903,1.07340972971916,1.28035151423349,1785,1171.6075949367098,1202.0,272,468,288.436708860759,299.5,94,fliC-lolo,Liquid,2
2,56,1.8759,3.0530865786510097,1.07531716468635,1.07200746266059,1294,903.738738738739,980.0,258,448,309.378378378378,323.0,116,fliC-lolo,Liquid,2
2,57,2.1125,3.42078210486802,1.08057449507612,1.07200746266059,1487,1069.5439999999999,1121.0,451,349,245.12,255.0,108,fliC-lolo,Liquid,2
2,58,2.8223,4.83771644662754,1.08057449507612,1.07200746266059,1599,1064.74850299401,1137.0,245,514,352.43712574850304,360.0,137,fliC-lolo,Liquid,2
2,59,1.4872,2.6630865786510096,1.1142524134029699,0.990050503762308,1477,1034.1590909090899,1080.0,194,439,322.73863636363603,334.0,138,fliC-lolo,Liquid,2
2,60,1.7576,3.0938686835190294,1.04365474598587,1.04809350727881,1492,1050.45192307692,1120.5,351,459,334.673076923077,336.0,155,fliC-lolo,Liquid,2
2,61,2.5857,4.08002092041053,1.07966912753363,1.04809350727881,1789,1270.44444444444,1340.0,309,516,357.202614379085,365.0,120,fliC-lolo,Liquid,2
2,62,2.2815,4.02617315730203,1.08153896502846,1.07200746266059,1532,1073.6518518518499,1170.0,248,1003,737.9925925925929,777.0,285,fliC-lolo,Liquid,2
2,63,2.0111,3.6138686835190295,1.06604259790424,1.01533245786787,1729,1202.57142857143,1309.0,351,466,349.52941176470597,359.0,152,fliC-lolo,Liquid,2
2,66,1.3519999999999999,2.5330865786510097,1.08084894017939,0.990050503762308,1726,1165.6375,1241.0,261,1329,963.275,982.5,354,fliC-lolo,Liquid,2
3,1,1.5379,2.3353187050514905,1.05488181739779,1.1627553482998898,1458,957.912087912088,1001.0,232,458,301.505494505494,307.0,120,fliC-lolo,Liquid,2
3,2,1.6393,2.60923881554251,1.07437962789608,1.07200746266059,1301,936.701030927835,1006.0,212,1011,736.175257731959,753.0,317,fliC-lolo,Liquid,2
3,3,1.4872,2.78002092041053,1.03731401776285,1.01533245786787,1297,929.6931818181821,980.5,168,385,269.920454545455,275.5,112,fliC-lolo,Liquid,2
3,4,1.5379,2.3492388155425097,1.07802952550868,1.19854077944808,1430,924.527472527473,990.0,210,526,357.67032967033,371.0,146,fliC-lolo,Liquid,2
3,5,2.2139,3.33539105243401,1.06903559372885,1.07200746266059,1322,900.679389312977,931.0,287,663,438.87022900763395,460.0,134,fliC-lolo,Liquid,2
3,7,1.9435,3.0707097574855,1.04187077782878,1.1627553482998898,1489,1052.97391304348,1092.0,403,493,350.808695652174,364.0,153,fliC-lolo,Liquid,2
3,8,2.4167,3.9184776310850205,1.0820396094609999,1.07200746266059,1493,990.4475524475521,1049.0,251,503,347.58041958041997,353.0,131,fliC-lolo,Liquid,2
3,11,2.873,4.48678964699449,1.05709435692041,1.1627553482998898,1579,1042.07058823529,1100.5,352,743,501.52352941176497,516.5,176,fliC-lolo,Liquid,2
3,13,2.0618,3.4068619943769995,1.06107546278178,1.04809350727881,1528,1073.82786885246,1133.5,268,684,508.516393442623,526.5,176,fliC-lolo,Liquid,2
3,14,1.5041,2.5553910524340098,1.06604259790424,0.946414285606467,1453,977.52808988764,1029.0,228,397,257.82022471910096,268.0,111,fliC-lolo,Liquid,2
3,15,1.3858,2.40223212640048,1.05808778016321,0.990050503762308,1142,732.573170731707,759.0,171,831,575.792682926829,604.5,220,fliC-lolo,Liquid,2
3,16,2.8392,4.3623253941935305,1.08190012004355,1.07200746266059,1645,1138.7619047619,1166.0,287,529,361.107142857143,377.5,130,fliC-lolo,Liquid,2
3,17,2.0111,2.99,1.0,0.91,1614,1096.73949579832,1121.0,252,768,518.36974789916,522.0,188,fliC-lolo,Liquid,2
3,18,2.1632,3.66771644662754,1.07797109240275,1.01533245786787,1516,1097.6328125,1151.0,310,542,396.4453125,414.0,193,fliC-lolo,Liquid,2
3,19,2.1294,3.3892388155425097,1.06346103789448,0.990050503762308,1462,1020.38888888889,1069.0,241,421,294.02380952381003,312.0,97,fliC-lolo,Liquid,2
3,20,2.0956,3.6130142312685,1.07131895198086,0.990050503762308,1635,1174.0080645161302,1251.0,244,438,314.395161290323,329.0,112,fliC-lolo,Liquid,2
3,21,1.3519999999999999,2.29539105243401,1.07060404539402,1.07200746266059,1505,994.075,1033.0,300,883,592.775,604.0,245,fliC-lolo,Liquid,2
3,22,1.9266,3.71232539419353,1.08164885480721,0.946414285606467,1367,987.6842105263161,1084.5,241,421,317.59649122807,326.5,153,fliC-lolo,Liquid,2
3,23,1.6393,2.6538477631085,1.0194371770886,0.946414285606467,1336,898.8865979381441,927.0,236,506,337.639175257732,353.0,120,fliC-lolo,Liquid,2
3,24,1.9773,3.27771644662754,1.04692128897954,1.01533245786787,1549,1114.04273504274,1160.0,293,862,645.8717948717949,669.0,278,fliC-lolo,Liquid,2
3,25,2.9406,4.9231074990615395,1.0750039893005299,1.07200746266059,1542,1043.96551724138,1123.5,208,790,546.35632183908,564.0,207,fliC-lolo,Liquid,2
3,26,2.6026,4.14693434175952,1.06927349966737,1.07200746266059,1604,1150.5129870129902,1196.0,254,488,337.727272727273,354.0,117,fliC-lolo,Liquid,2
3,27,1.6224,2.44769552621701,1.03962597048738,1.07200746266059,1713,1152.85416666667,1212.0,413,424,277.26041666666697,296.0,121,fliC-lolo,Liquid,2
3,28,2.9575,4.79693434175952,1.06298441789051,1.07200746266059,1489,1073.20571428571,1133.0,347,761,536.0,558.0,258,fliC-lolo,Liquid,2
3,29,1.859,3.40771644662754,1.04852813742386,1.01533245786787,1426,997.7909090909089,1100.5,232,392,283.227272727273,287.5,125,fliC-lolo,Liquid,2
3,30,1.4534,2.6723253941935297,1.0587058461144598,1.04809350727881,1387,965.9302325581401,1006.5,427,930,682.5,700.5,338,fliC-lolo,Liquid,2
3,32,1.7069,2.577695526217,1.03786731044288,1.07200746266059,1353,847.8613861386141,869.0,190,615,387.207920792079,390.0,99,fliC-lolo,Liquid,2
3,33,1.7069,2.79223212640048,1.05308033276603,1.07200746266059,1493,1080.82178217822,1131.0,277,531,383.564356435644,401.0,161,fliC-lolo,Liquid,2
3,34,1.5379,2.7484776310850205,1.10061561823906,1.04809350727881,1357,929.4615384615379,983.0,341,376,249.80219780219798,263.0,97,fliC-lolo,Liquid,2
3,36,1.6731,2.9638686835190295,1.0352488014510601,1.01533245786787,1362,957.6969696969699,1036.0,290,1080,781.737373737374,811.0,373,fliC-lolo,Liquid,2
3,37,1.859,2.79223212640048,1.05308033276603,1.07200746266059,1414,955.7818181818179,977.0,214,374,251.018181818182,258.5,84,fliC-lolo,Liquid,2
3,38,2.0111,3.1830865786510096,1.09501507202014,1.07200746266059,1641,1147.46218487395,1200.0,389,402,278.378151260504,292.0,118,fliC-lolo,Liquid,2
3,39,1.6055,2.71693434175952,1.0821348285430998,1.07200746266059,1549,1058.6,1083.0,268,1241,867.642105263158,885.0,338,fliC-lolo,Liquid,2
3,41,1.69,2.71607988950898,1.06342174182805,1.07200746266059,1293,862.84,846.0,240,367,237.87,244.0,77,fliC-lolo,Liquid,2
3,42,1.69,2.6630865786510096,1.07966912753363,1.07200746266059,1607,1070.89,1102.0,327,618,437.82,450.5,184,fliC-lolo,Liquid,2
3,44,1.6055,2.90078210486802,1.0823738475359599,1.07200746266059,1493,1045.17894736842,1090.0,273,687,486.16842105263197,509.0,159,fliC-lolo,Liquid,2
3,45,2.2477,3.59539105243401,1.05135584562486,1.07200746266059,1343,885.6842105263161,926.0,306,300,212.09022556391002,217.0,102,fliC-lolo,Liquid,2
3,46,1.3519999999999999,2.38916646816,1.03879748555767,1.01533245786787,1483,998.775,1075.5,324,720,530.7375,546.0,252,fliC-lolo,Liquid,2
4,1,1.7576,3.0530865786510097,1.07531716468635,0.990050503762308,1409,1009.96153846154,1054.5,303,921,645.538461538462,664.5,304,fliC-lolo,Liquid,2
4,3,1.8421,3.03916646816,1.08065784374967,1.1183022847155402,1332,930.4587155963301,955.0,242,430,305.587155963303,324.0,132,fliC-lolo,Liquid,2
4,4,1.521,2.3176955262170096,1.04154783370988,1.07200746266059,1283,864.155555555556,863.0,306,764,505.03333333333296,523.0,228,fliC-lolo,Liquid,2
4,5,1.4534,2.0892388155425103,1.15682077423311,1.28035151423349,1851,1220.39534883721,1247.0,335,547,356.0,373.0,111,fliC-lolo,Liquid,2
4,6,1.4872,2.83769552621701,1.03476668459675,0.822192191643779,1422,959.1931818181821,1040.0,366,792,604.636363636364,629.5,365,fliC-lolo,Liquid,2
4,7,1.9266,2.9945575205940096,1.01603284570571,1.10308657865101,1506,1069.39473684211,1116.0,348,433,288.271929824561,288.5,115,fliC-lolo,Liquid,2
4,12,2.0618,4.00769552621701,1.02761423749154,0.91,1519,1075.60655737705,1125.0,368,769,597.967213114754,624.0,356,fliC-lolo,Liquid,2
4,14,2.0787,3.3538686835190297,1.07124474688181,1.10308657865101,1287,925.0,982.0,237,624,442.772357723577,459.0,189,fliC-lolo,Liquid,2
4,15,1.9435,3.0707097574855,1.0439036983527399,1.1627553482998898,1213,864.4260869565221,899.0,400,391,278.4,286.0,125,fliC-lolo,Liquid,2
4,16,2.873,4.8600209204105305,1.08236705453739,1.07200746266059,1514,1019.4294117647099,1032.0,283,1073,695.6,702.0,215,fliC-lolo,Liquid,2
4,17,2.2815,3.75693434175952,1.07330029708002,1.04,1482,1065.88148148148,1139.0,329,799,606.637037037037,632.0,289,fliC-lolo,Liquid,2
4,18,2.0787,3.3761731573020297,1.07375061921325,1.04809350727881,1227,859.8048780487799,914.0,193,582,428.317073170732,459.0,189,fliC-lolo,Liquid,2
4,19,2.3153,3.6799276526174904,1.06085476494191,1.07200746266059,1451,1015.55474452555,1074.0,383,461,319.627737226277,329.0,134,fliC-lolo,Liquid,2
4,20,1.7238,2.7568619943769996,1.0286726876079,1.1627553482998898,1151,765.2843137254902,783.5,281,359,230.28431372549,229.0,89,fliC-lolo,Liquid,2
4,21,1.5379,2.4430142312685,1.0191619147049398,1.10308657865101,1387,923.758241758242,958.0,273,446,287.307692307692,296.0,119,fliC-lolo,Liquid,2
4,22,2.4843,3.9092388155425097,1.05724244210664,1.07200746266059,1676,1143.00680272109,1208.0,223,410,274.421768707483,292.0,76,fliC-lolo,Liquid,2
4,23,1.9773,3.5192388155425096,1.08197747644954,0.946414285606467,1209,841.7179487179491,928.0,251,393,290.188034188034,305.0,114,fliC-lolo,Liquid,2
4,24,2.8392,4.78386868351903,1.1110473906111202,1.07200746266059,1494,983.803571428571,1000.5,238,683,445.511904761905,461.0,138,fliC-lolo,Liquid,2
4,26,2.2308,3.4338477631085,1.01518069504997,0.946414285606467,1429,1074.64393939394,1136.0,459,890,659.015151515152,679.5,317,fliC-lolo,Liquid,2
4,27,1.6055,2.44769552621701,1.03962597048738,1.07200746266059,1283,831.031578947368,846.0,321,455,281.673684210526,281.0,98,fliC-lolo,Liquid,2
4,28,2.0618,3.47462986797652,1.08218193200772,1.07200746266059,1460,1018.4836065573801,1110.0,313,639,471.655737704918,477.0,242,fliC-lolo,Liquid,2
4,29,2.1801,3.34462986797652,1.08238181606303,1.19854077944808,1408,978.170542635659,1016.0,268,448,308.472868217054,321.0,101,fliC-lolo,Liquid,2
4,31,1.7914,2.79308657865101,1.07831536178965,1.1627553482998898,1329,892.669811320755,919.0,423,603,410.698113207547,426.0,175,fliC-lolo,Liquid,2
4,32,1.6562,2.8469343417595203,1.08153896502846,1.07200746266059,1698,1183.14285714286,1236.5,332,1278,894.5918367346941,935.0,398,fliC-lolo,Liquid,2
4,33,2.1632,4.08925973595304,1.04852813742386,1.01533245786787,1391,999.109375,1096.5,266,1013,748.6640625,772.5,366,fliC-lolo,Liquid,2
4,34,1.9097,3.016861994377,1.04517408281644,1.1627553482998898,1318,885.353982300885,936.0,235,420,287.566371681416,299.0,89,fliC-lolo,Liquid,2
4,35,1.69,2.91002092041053,1.04597190599802,1.01533245786787,1387,957.04,1023.5,256,447,295.77,303.0,129,fliC-lolo,Liquid,2
4,36,1.9435,2.96769552621701,1.0333943403580799,1.04,1406,1014.26956521739,1048.0,425,518,355.426086956522,364.0,157,fliC-lolo,Liquid,2
4,37,1.5548,2.5553910524340098,1.06604259790424,1.07200746266059,1232,846.380434782609,918.5,217,407,300.608695652174,314.5,105,fliC-lolo,Liquid,2
4,38,2.1125,3.92771644662754,1.07835547229932,1.07200746266059,1304,837.9760000000001,864.0,277,401,276.272,280.0,127,fliC-lolo,Liquid,2
4,39,1.5717,2.8784776310850204,1.07531716468635,1.07200746266059,1363,911.387096774194,939.0,197,401,263.591397849462,269.0,64,fliC-lolo,Liquid,2
4,41,1.8252,2.90916646816,1.06082858903861,1.1627553482998898,1398,950.092592592593,973.0,281,608,401.925925925926,411.5,138,fliC-lolo,Liquid,2
4,42,1.7745,2.8784776310850204,1.10710678118655,1.19854077944808,1654,1129.24761904762,1199.0,301,562,391.809523809524,414.0,166,fliC-lolo,Liquid,2
4,43,2.7039999999999997,4.49232539419353,1.0814712604780201,1.04809350727881,1674,1134.375,1146.5,404,937,595.9125,608.0,234,fliC-lolo,Liquid,2
4,44,2.0449,4.38462986797652,1.07684967654196,0.946414285606467,1603,1092.9090909090899,1156.0,393,743,563.132231404959,575.0,304,fliC-lolo,Liquid,2
4,46,1.8759,3.0938686835190294,1.04365474598587,1.1183022847155402,1692,1159.02702702703,1193.0,416,778,562.378378378378,595.0,240,fliC-lolo,Liquid,2
4,47,2.1463,3.9184776310850205,1.0820396094609999,0.946414285606467,1856,1285.25196850394,1372.0,493,1082,810.141732283465,813.0,445,fliC-lolo,Liquid,2
5,1,1.5886,2.59617315730203,1.04530702901419,1.01533245786787,1372,938.436170212766,988.0,307,384,267.148936170213,277.5,107,fliC-lolo,Liquid,2
5,2,2.3491,3.95840528370251,1.05563855173498,1.04809350727881,1509,1070.5035971222999,1114.0,259,401,276.223021582734,292.0,115,fliC-lolo,Liquid,2
5,3,2.2646,3.52762317883449,1.07262730499235,1.07200746266059,1344,942.164179104478,987.5,322,1029,759.2985074626871,814.0,306,fliC-lolo,Liquid,2
5,4,1.69,2.7392388155425094,1.07248911335735,1.04,1249,852.27,843.0,309,480,320.59,332.0,119,fliC-lolo,Liquid,2
5,5,1.7576,3.0930142312685,1.08035801099999,1.1183022847155402,1416,957.125,1020.5,320,345,231.259615384615,237.5,100,fliC-lolo,Liquid,2
5,6,1.5548,2.67147094194299,1.06833200785589,1.04809350727881,1125,773.967391304348,823.5,206,459,327.423913043478,341.5,152,fliC-lolo,Liquid,2
5,9,2.8223,4.58610080991951,1.05981573824486,1.1627553482998898,1449,1025.22754491018,1058.0,258,728,516.065868263473,529.0,214,fliC-lolo,Liquid,2
5,10,1.7914,2.707695526217,1.0362529801350502,1.07200746266059,1496,1017.06603773585,1071.5,289,343,232.53773584905701,236.0,95,fliC-lolo,Liquid,2
5,12,2.0956,3.7030865786510097,1.09721204219305,1.07200746266059,1313,954.766129032258,1009.0,309,566,414.491935483871,434.0,163,fliC-lolo,Liquid,2
5,13,1.7069,2.79308657865101,1.07831536178965,1.07200746266059,1328,900.90099009901,934.0,325,350,229.55445544554502,229.0,80,fliC-lolo,Liquid,2
5,14,2.2815,3.4115432893255098,1.04222840475901,1.07200746266059,1520,1019.6962962963,1060.0,338,693,477.696296296296,505.0,132,fliC-lolo,Liquid,2
5,15,1.5379,2.56462986797652,1.1150880835406398,1.1627553482998898,1141,780.747252747253,802.0,260,558,375.63736263736297,391.0,152,fliC-lolo,Liquid,2
5,18,2.0956,3.4838686835190296,1.07195959492893,1.07200746266059,1340,939.758064516129,993.5,276,451,309.443548387097,325.0,107,fliC-lolo,Liquid,2
5,19,1.9435,3.0930142312685,1.0715565771088,1.1627553482998898,1453,994.5739130434779,1024.0,288,445,302.930434782609,315.0,103,fliC-lolo,Liquid,2
5,20,1.7069,2.8692388155425097,1.07060404539402,1.07200746266059,1165,766.0693069306931,817.0,254,252,169.465346534653,175.0,58,fliC-lolo,Liquid,2
5,21,2.5688,4.31771644662754,1.07531716468635,1.04809350727881,1242,825.388157894737,864.5,265,500,346.57894736842104,354.5,162,fliC-lolo,Liquid,2
5,22,2.3491,3.93154328932551,1.03731401776285,0.946414285606467,1461,1052.8848920863302,1064.0,421,526,376.913669064748,385.0,137,fliC-lolo,Liquid,2
5,23,2.2815,3.53771644662754,1.05449021401443,1.1627553482998898,1340,954.555555555556,1003.0,300,378,265.311111111111,277.0,108,fliC-lolo,Liquid,2
5,24,1.9942,3.3761731573020297,1.07375061921325,1.01533245786787,1482,1049.1949152542402,1101.0,261,440,307.966101694915,325.5,108,fliC-lolo,Liquid,2
5,26,1.4872,2.61847763108502,1.08284791961199,1.07200746266059,1134,757.7045454545449,804.0,232,436,294.818181818182,310.0,131,fliC-lolo,Liquid,2
5,27,1.9942,3.4838686835190296,1.06181463866535,1.04809350727881,1197,849.8813559322031,864.0,328,427,297.440677966102,306.5,109,fliC-lolo,Liquid,2
5,28,2.1632,3.55916646816,1.10851106195479,1.07200746266059,1392,1024.3828125,1073.0,421,439,300.8515625,312.0,123,fliC-lolo,Liquid,2
5,29,1.3858,2.3492388155425097,1.07802952550868,1.07200746266059,1225,852.2195121951221,864.5,300,332,219.719512195122,220.5,94,fliC-lolo,Liquid,2
5,30,2.366,3.5183843632919802,1.1039837822993,1.19854077944808,1621,1061.8428571428599,1116.5,378,388,257.557142857143,264.5,75,fliC-lolo,Liquid,2
5,32,1.7238,2.8868619943769995,1.03764770948305,1.1183022847155402,1237,867.686274509804,908.0,274,730,525.941176470588,547.5,203,fliC-lolo,Liquid,2
5,33,2.0956,3.47377541572599,1.06885397406953,0.990050503762308,1389,1022.2016129032302,1057.5,380,500,356.725806451613,372.0,159,fliC-lolo,Liquid,2
5,35,2.2984,4.08002092041053,1.07966912753363,1.07200746266059,1303,900.757352941176,910.5,237,437,300.088235294118,308.5,117,fliC-lolo,Liquid,2
5,36,1.4534,2.3037754157259904,1.07058586670076,1.07200746266059,1451,992.488372093023,1041.0,369,529,358.96511627907006,369.5,147,fliC-lolo,Liquid,2
5,37,1.5886,2.47838436329198,1.04472789609906,1.07200746266059,1151,745.468085106383,790.5,227,320,223.29787234042598,224.5,92,fliC-lolo,Liquid,2
5,40,2.7209,4.30294188388598,1.05949087181796,1.1627553482998898,1481,1011.87577639752,1025.0,407,461,309.186335403727,315.0,141,fliC-lolo,Liquid,2
5,42,1.7407,2.91002092041053,1.05289131048578,1.1183022847155402,1465,1033.0,1050.0,375,606,406.106796116505,429.0,179,fliC-lolo,Liquid,2
5,43,2.366,3.73462986797652,1.18071032356862,1.07200746266059,1313,944.778571428571,989.5,327,294,195.10714285714297,199.5,61,fliC-lolo,Liquid,2
5,44,2.0111,3.20539105243401,1.05618359319458,0.990050503762308,1488,1122.24369747899,1179.0,424,1050,770.285714285714,796.0,379,fliC-lolo,Liquid,2
5,45,2.1463,3.63531870505149,1.0755380784175999,1.07200746266059,1361,992.3070866141729,1040.0,274,1613,1173.86614173228,1229.0,445,fliC-lolo,Liquid,2
5,46,2.7209,4.72078210486802,1.06943883159658,0.990050503762308,1818,1258.3167701863401,1304.0,318,927,652.503105590062,673.0,235,fliC-lolo,Liquid,2
5,47,1.3858,2.4337754157259903,1.07198134549134,1.07200746266059,1234,844.1463414634151,870.5,244,362,240.64634146341498,243.0,79,fliC-lolo,Liquid,2
5,49,1.6224,2.69462986797652,1.07759335581246,1.10308657865101,1339,941.083333333333,972.5,387,521,351.802083333333,369.5,157,fliC-lolo,Liquid,2
5,50,2.7885,4.46078210486802,1.0717801881271,1.07200746266059,1403,969.745454545455,1004.0,309,1285,923.630303030303,951.0,359,fliC-lolo,Liquid,2
5,51,2.3829,4.23232539419353,1.08220966521185,1.07200746266059,1356,955.063829787234,991.0,342,367,253.15602836879398,261.0,79,fliC-lolo,Liquid,2
5,52,1.5379,2.5015432893255096,1.0544902140144201,0.990050503762308,1359,949.89010989011,986.0,432,388,254.736263736264,261.0,123,fliC-lolo,Liquid,2
5,53,2.0618,3.45232539419353,1.07966912753363,1.07200746266059,1692,1204.7377049180302,1248.5,469,1155,810.475409836066,839.5,378,fliC-lolo,Liquid,2
5,54,1.4365,2.42539105243401,1.0682883666796,0.946414285606467,1325,926.2117647058819,962.0,371,362,243.282352941176,250.0,81,fliC-lolo,Liquid,2
5,55,1.7238,2.79308657865101,1.07831536178965,1.07200746266059,1354,917.480392156863,922.5,354,764,532.921568627451,551.5,219,fliC-lolo,Liquid,2
5,56,2.5688,4.509094120777481,1.05887839543964,1.07200746266059,1449,1028.28289473684,1073.5,358,468,324.302631578947,338.0,125,fliC-lolo,Liquid,2
5,57,1.4872,2.3715432893255097,1.0567678010646,1.07200746266059,1261,860.9318181818179,886.0,293,267,186.07954545454498,192.0,79,fliC-lolo,Liquid,2
5,58,2.6195,4.5768619943769995,1.07680140236098,0.990050503762308,1262,858.1354838709681,884.0,318,1141,806.8129032258071,823.0,328,fliC-lolo,Liquid,2
5,59,1.7576,2.7707821048680197,1.0820396094609999,1.07200746266059,1708,1210.14423076923,1255.0,501,703,469.076923076923,479.0,173,fliC-lolo,Liquid,2
5,60,2.2139,3.536861994377,1.07796595730905,1.19854077944808,1482,1024.09923664122,1068.0,376,460,330.946564885496,349.0,159,fliC-lolo,Liquid,2
5,61,2.5857,4.16923881554251,1.0544902140144201,1.07200746266059,1395,942.326797385621,965.0,340,1002,696.006535947712,704.0,277,fliC-lolo,Liquid,2
6,3,1.7238,2.6260075421264704,1.04035591729613,1.1627553482998898,1341,886.470588235294,920.0,337,1136,745.264705882353,753.0,282,fliC-lolo,Liquid,2
6,5,2.1125,3.2991664681599997,1.0705149075586,1.1627553482998898,1511,1084.088,1137.0,368,492,348.856,359.0,163,fliC-lolo,Liquid,2
6,6,1.7576,2.8561731573020297,1.07077970956898,1.1183022847155402,1446,1002.6153846153801,1038.5,281,777,539.25,559.0,214,fliC-lolo,Liquid,2
6,7,2.6026,4.11539105243401,1.04597190599802,0.946414285606467,1435,1038.78571428571,1069.0,429,505,355.12987012986997,369.5,138,fliC-lolo,Liquid,2
6,12,2.3491,3.47462986797652,1.08218193200772,1.19854077944808,1621,1166.23741007194,1207.0,466,440,305.769784172662,317.0,159,fliC-lolo,Liquid,2
6,13,1.8928,2.88600754212647,1.05238367840985,1.1627553482998898,1425,962.5,1011.5,329,458,305.428571428571,322.0,102,fliC-lolo,Liquid,2
6,15,1.9942,3.2238686835190298,1.058395096285,1.22641754716736,1758,1235.8474576271199,1277.0,319,495,346.059322033898,365.0,140,fliC-lolo,Liquid,2
6,23,1.7407,2.577695526217,1.03786731044288,1.07200746266059,1479,984.223300970874,1018.0,406,484,326.233009708738,340.0,146,fliC-lolo,Liquid,2
6,25,1.8928,2.8645575205940097,1.0047121560926,1.10308657865101,1683,1191.53571428571,1227.0,434,821,586.053571428571,608.0,237,fliC-lolo,Liquid,2
6,26,1.9435,2.83769552621701,1.0394489107022,1.17,1368,935.634782608696,954.0,307,374,261.373913043478,267.0,122,fliC-lolo,Liquid,2
6,27,2.4674,4.38462986797652,1.07684967654196,1.07200746266059,1441,947.623287671233,980.0,160,321,200.356164383562,206.0,49,fliC-lolo,Liquid,2
6,29,1.4872,2.58693434175952,1.08238983168196,1.07200746266059,1105,718.0454545454551,758.5,255,274,186.159090909091,191.5,90,fliC-lolo,Liquid,2
6,30,1.8083,2.8330142312685003,1.04727673444257,1.1627553482998898,1283,870.252336448598,885.0,263,535,357.35514018691595,369.0,156,fliC-lolo,Liquid,2
6,31,2.6871,4.3261008099195095,1.0651931730332098,1.04809350727881,1735,1243.5786163522,1297.0,429,926,658.981132075472,692.0,237,fliC-lolo,Liquid,2
6,32,2.8561,4.4599276526174805,1.06381912053746,1.07200746266059,1475,1006.2662721893499,1041.0,392,613,425.751479289941,436.0,165,fliC-lolo,Liquid,2
6,33,1.9435,3.64,1.0,0.91,1572,1133.93043478261,1152.0,397,472,357.608695652174,370.0,192,fliC-lolo,Liquid,2
6,46,2.2139,3.73462986797652,1.0811896094670999,1.07200746266059,1346,945.381679389313,990.0,327,743,514.114503816794,525.0,183,fliC-lolo,Liquid,2
6,47,1.5041,2.7707821048680197,1.0820396094609999,1.07200746266059,1321,951.8202247191009,965.0,377,916,687.9438202247189,713.0,384,fliC-lolo,Liquid,2
6,55,2.7039999999999997,4.06154328932551,1.0362529801350502,1.07200746266059,1404,973.0,1003.0,348,1196,843.06875,885.0,372,fliC-lolo,Liquid,2
6,58,2.6533,4.5684776310850195,1.0788733328908,1.07200746266059,1754,1226.4076433121002,1231.0,446,610,430.73885350318494,444.0,185,fliC-lolo,Liquid,2
6,59,1.69,2.7392388155425094,1.07248911335735,1.1627553482998898,1553,1050.76,1074.5,345,431,293.79,301.5,132,fliC-lolo,Liquid,2
6,69,2.4674,3.51,1.0,1.04,1484,1038.4178082191802,1093.0,317,411,289.506849315069,301.0,112,fliC-lolo,Liquid,2
6,77,2.2815,3.76617315730203,1.07966912753363,1.07200746266059,1244,853.911111111111,870.0,239,466,317.503703703704,331.0,120,fliC-lolo,Liquid,2
6,81,1.8759,3.24617315730203,1.10140430697515,1.01533245786787,1511,1054.59459459459,1089.0,335,346,228.351351351351,238.0,112,fliC-lolo,Liquid,2
6,86,1.9435,3.46156420973604,1.0444132220709101,1.04809350727881,1378,1023.3652173913,1071.0,403,336,247.24347826087,260.0,111,fliC-lolo,Liquid,2
6,88,1.9604,2.9407097574855,1.03142171858819,1.1627553482998898,2508,1783.94827586207,1858.0,745,590,410.603448275862,422.5,183,fliC-lolo,Liquid,2
6,89,2.028,3.4838686835190296,1.06181463866535,1.07200746266059,1682,1228.0916666666699,1281.5,502,441,318.375,333.0,159,fliC-lolo,Liquid,2
6,92,2.4167,3.5907097574855,1.07028597621047,1.1627553482998898,1501,1072.94405594406,1099.0,459,400,290.006993006993,307.0,117,fliC-lolo,Liquid,2
6,93,1.7069,2.69462986797652,1.07759335581246,1.19854077944808,1509,1005.7722772277199,1009.0,387,439,299.445544554455,307.0,121,fliC-lolo,Liquid,2
6,94,1.7238,2.85531870505149,1.0666656502849101,1.04809350727881,1430,947.852941176471,959.0,295,910,626.019607843137,654.5,249,fliC-lolo,Liquid,2
6,96,2.0449,2.96769552621701,1.03765577839755,1.07200746266059,1209,846.859504132231,870.0,328,321,223.826446280992,221.0,94,fliC-lolo,Liquid,2
6,98,1.3519999999999999,2.1338477631084998,1.02389051060595,1.07200746266059,1707,1231.75,1255.5,627,471,347.8625,351.0,124,fliC-lolo,Liquid,2
6,99,1.7069,2.8014709419429904,1.07081700225212,1.07200746266059,1255,872.1386138613859,908.0,344,469,326.940594059406,339.0,140,fliC-lolo,Liquid,2
6,101,2.366,3.79771644662754,1.0857001553403198,1.1183022847155402,1694,1224.83571428571,1257.5,499,1238,914.1928571428571,973.5,356,fliC-lolo,Liquid,2
6,102,1.8928,3.3845575205940097,1.0414023140289301,1.01533245786787,1749,1336.99107142857,1429.0,499,915,687.839285714286,708.0,307,fliC-lolo,Liquid,2
6,103,1.9942,3.3315642097360403,1.03172096002959,1.01533245786787,1602,1118.6949152542402,1166.0,320,417,303.635593220339,312.0,136,fliC-lolo,Liquid,2
6,106,1.7914,2.7030142312685,1.0396208581801898,1.1627553482998898,1683,1165.2264150943402,1206.5,495,659,438.88679245283,455.0,189,fliC-lolo,Liquid,2
6,108,2.4167,3.6492388155425095,1.06022959864934,1.07200746266059,1591,1055.7832167832198,1115.0,254,785,553.909090909091,579.0,161,fliC-lolo,Liquid,2
6,110,1.4365,2.40308657865101,1.08176926914207,1.19854077944808,1484,991.047058823529,1023.0,374,338,217.317647058824,230.0,89,fliC-lolo,Liquid,2
6,112,2.9744,5.021564209736041,1.09254833995939,1.1627553482998898,1437,970.460227272727,992.5,251,411,271.778409090909,278.5,80,fliC-lolo,Liquid,2
6,115,1.521,3.0698553052349706,1.07226883668791,0.990050503762308,1946,1529.95555555556,1606.0,652,772,602.733333333333,645.5,268,fliC-lolo,Liquid,2
6,119,1.6393,2.7568619943769996,1.0286726876079,1.04809350727881,1408,948.876288659794,987.0,327,380,260.649484536082,264.0,86,fliC-lolo,Liquid,2
6,121,1.8421,3.1468619943769998,1.0677087099518399,1.10308657865101,1655,1154.48623853211,1170.0,483,343,246.623853211009,258.0,92,fliC-lolo,Liquid,2
6,123,1.7914,3.07539105243401,1.05796668471339,0.946414285606467,1775,1353.64150943396,1399.0,616,464,346.528301886792,357.5,142,fliC-lolo,Liquid,2
6,124,2.8899,4.67617315730203,1.1579333853078502,1.1627553482998898,1648,1010.76023391813,1059.0,287,469,308.98245614035096,317.0,129,fliC-lolo,Liquid,2
6,132,1.5379,2.8692388155425097,1.09134406528876,0.990050503762308,1611,1212.18681318681,1259.0,681,459,365.67032967033,367.0,214,fliC-lolo,Liquid,2
6,133,1.6055,2.707695526217,1.0362529801350502,1.07200746266059,1413,1062.70526315789,1110.0,486,490,377.568421052632,392.0,197,fliC-lolo,Liquid,2
7,1,1.4703,2.29539105243401,1.07060404539402,1.07200746266059,1432,1005.41379310345,1066.0,395,986,686.390804597701,716.0,348,fliC-lolo,Liquid,2
7,9,1.5548,2.6407821048680202,1.0811896094670999,1.1627553482998898,1256,848.130434782609,871.0,305,535,357.217391304348,365.5,159,fliC-lolo,Liquid,2
7,10,1.859,2.8338686835190297,1.0253382341711899,1.1183022847155402,1670,1166.0727272727302,1191.5,386,335,237.472727272727,243.5,114,fliC-lolo,Liquid,2
7,11,1.4196,2.94539105243401,1.1859139524824098,0.872066511224918,1554,1249.7380952381,1278.5,742,575,432.488095238095,450.5,203,fliC-lolo,Liquid,2
7,13,2.197,3.5600209204105298,1.08502434237233,1.1627553482998898,1308,853.992307692308,885.5,326,326,207.19230769230802,213.0,87,fliC-lolo,Liquid,2
7,14,2.5181,3.7876231788344903,1.07104459386944,1.17,1396,963.4026845637579,1012.0,392,743,521.697986577181,534.0,220,fliC-lolo,Liquid,2
7,15,1.5717,2.4421597790179597,1.0618387088479901,1.22641754716736,1384,910.559139784946,900.0,316,442,293.279569892473,287.0,112,fliC-lolo,Liquid,2
7,16,2.0449,3.20539105243401,1.05618359319458,1.07200746266059,1595,1141.7520661157,1177.0,416,952,675.04958677686,700.0,250,fliC-lolo,Liquid,2
7,17,1.8083,2.8246298679765203,1.1016493793509199,1.07200746266059,1508,1052.2710280373801,1106.0,365,383,271.66355140186903,280.0,116,fliC-lolo,Liquid,2
7,18,1.5548,2.44769552621701,1.03962597048738,1.07200746266059,1279,843.152173913043,845.5,347,326,211.260869565217,216.0,73,fliC-lolo,Liquid,2
7,19,2.0449,3.51541197284454,1.03320759381424,1.10308657865101,1638,1225.89256198347,1298.0,445,340,240.685950413223,250.0,85,fliC-lolo,Liquid,2
7,20,1.7069,2.85531870505149,1.0666656502849101,1.1627553482998898,1533,1034.9801980198,1045.0,429,374,243.049504950495,244.0,95,fliC-lolo,Liquid,2
7,26,1.7407,2.707695526217,1.0362529801350502,0.946414285606467,1414,999.242718446602,1010.0,400,519,362.184466019417,381.0,150,fliC-lolo,Liquid,2
7,27,1.4027,2.47923881554251,1.07624261981353,1.07200746266059,1349,886.072289156627,949.0,276,712,489.590361445783,508.0,185,fliC-lolo,Liquid,2
7,28,1.5717,2.4569343417595197,1.08218193200772,1.1627553482998898,1151,771.139784946237,807.0,252,331,213.870967741935,215.0,77,fliC-lolo,Liquid,2
7,38,2.1632,3.32232539419353,1.07802952550868,1.28035151423349,1259,853.7421875,877.0,329,357,245.2421875,248.5,99,fliC-lolo,Liquid,2
7,41,1.521,2.7568619943769996,1.0335479409271,1.01533245786787,1346,1006.0222222222199,1066.5,424,400,287.555555555556,297.0,149,fliC-lolo,Liquid,2
7,45,1.3519999999999999,2.27308657865101,1.0823117459700502,1.07200746266059,1411,977.2375,1011.5,283,420,287.1375,301.0,145,fliC-lolo,Liquid,2
7,48,1.7745,3.00762317883449,1.0740415448131,1.07200746266059,1568,1140.68571428571,1206.0,491,764,566.0761904761911,596.0,232,fliC-lolo,Liquid,2
7,49,1.9942,3.93610080991951,1.0415844943517198,1.01533245786787,1310,971.016949152542,1013.5,434,307,228.16101694915298,232.5,128,fliC-lolo,Liquid,2
7,51,2.3153,4.01225304681101,1.06173616042604,1.01533245786787,1396,998.56204379562,1048.0,359,344,240.37226277372298,253.0,93,fliC-lolo,Liquid,2
7,54,2.3153,3.8507097574855,1.06607751346144,1.07200746266059,1226,880.423357664234,905.0,292,613,439.416058394161,447.0,227,fliC-lolo,Liquid,2
7,55,2.2815,3.2007097574855,1.05464109593336,1.3,1345,942.340740740741,978.0,375,443,299.881481481482,309.0,121,fliC-lolo,Liquid,2
7,59,1.3858,2.68539105243401,1.0638821202286,0.946414285606467,1551,1204.2926829268301,1220.0,580,431,305.841463414634,322.5,97,fliC-lolo,Liquid,2
7,65,1.4027,2.3353187050514905,1.05488181739779,1.1183022847155402,1312,829.4578313253011,816.0,298,339,209.915662650602,205.0,82,fliC-lolo,Liquid,2
7,68,1.8083,3.0930142312685,1.0715565771088,1.1627553482998898,1627,1170.7383177570098,1232.0,448,725,541.757009345794,577.0,201,fliC-lolo,Liquid,2
7,69,1.4365,2.70215977901796,1.05388414857862,1.07200746266059,1499,1125.7882352941199,1160.0,474,469,336.670588235294,343.0,199,fliC-lolo,Liquid,2
7,70,1.5717,2.7568619943769996,1.0335479409271,1.01533245786787,1428,1063.43010752688,1094.0,419,394,287.301075268817,296.0,120,fliC-lolo,Liquid,2
7,71,2.1632,3.43840528370251,1.032670553949,1.10308657865101,1469,1101.7265625,1145.0,559,614,472.984375,488.5,196,fliC-lolo,Liquid,2
7,72,1.4534,2.4430142312685,1.0191619147049398,1.1183022847155402,1315,914.9302325581401,931.0,322,625,423.65116279069804,435.5,180,fliC-lolo,Liquid,2
7,76,1.3689,2.28147094194299,1.0544638728349,1.1627553482998898,1581,1012.53086419753,997.0,421,608,405.08641975308603,404.0,169,fliC-lolo,Liquid,2
7,78,1.9773,3.016861994377,1.04517408281644,1.19854077944808,1426,979.982905982906,991.0,392,403,277.794871794872,277.0,109,fliC-lolo,Liquid,2
7,80,2.1294,3.227695526217,1.03094432229408,1.07200746266059,1441,1020.8650793650801,1047.0,358,378,262.357142857143,275.5,115,fliC-lolo,Liquid,2
7,81,2.1463,3.40771644662754,1.05530383402148,1.1183022847155402,1407,1026.92913385827,1062.0,473,612,432.92913385826796,445.0,186,fliC-lolo,Liquid,2
7,84,1.4027,2.4653187050514904,1.05193289957676,1.1627553482998898,1900,1420.4819277108402,1477.0,704,964,725.698795180723,751.0,369,fliC-lolo,Liquid,2
7,86,1.859,2.707695526217,1.0362529801350502,1.07200746266059,1543,1036.96363636364,1041.0,406,493,338.536363636364,352.5,143,fliC-lolo,Liquid,2
7,87,1.5886,2.5953187050514903,1.05808935588286,1.19854077944808,1564,1063.3723404255302,1099.0,424,695,462.851063829787,472.5,186,fliC-lolo,Liquid,2
7,90,1.6731,2.6538477631085,1.0194371770886,0.946414285606467,1288,850.323232323232,891.0,313,766,516.929292929293,543.0,202,fliC-lolo,Liquid,2
7,92,2.7547,4.2630142312685,1.07646383065019,1.1627553482998898,1592,1114.31901840491,1168.0,407,481,335.349693251534,347.0,121,fliC-lolo,Liquid,2
7,93,1.3858,2.33446425280096,1.05631866642577,1.07200746266059,1153,731.0365853658541,761.5,267,606,391.012195121951,403.5,140,fliC-lolo,Liquid,2
7,95,1.9604,3.34462986797652,1.08238181606303,1.04809350727881,1381,1049.16379310345,1106.0,471,396,283.137931034483,292.5,130,fliC-lolo,Liquid,2
7,100,1.3519999999999999,2.4337754157259903,1.07198134549134,0.990050503762308,1437,1046.4,1061.0,547,469,322.5625,339.5,116,fliC-lolo,Liquid,2
7,101,1.5041,2.72617315730203,1.0591733660533,1.10308657865101,1561,1107.3707865168499,1137.0,327,819,584.2359550561799,604.0,270,fliC-lolo,Liquid,2
7,103,1.9604,3.34377541572599,1.0698670910519101,1.01533245786787,1154,816.844827586207,859.5,291,290,194.62068965517201,203.5,76,fliC-lolo,Liquid,2
7,104,1.5548,2.3715432893255097,1.0567678010646,1.07200746266059,1558,1067.54347826087,1087.5,478,672,448.43478260869597,470.5,160,fliC-lolo,Liquid,2
7,107,1.8252,3.0938686835190294,1.0497284427290199,1.1183022847155402,1590,1157.68518518519,1215.0,541,790,565.861111111111,605.0,166,fliC-lolo,Liquid,2
7,108,1.9097,3.3669343417595203,1.11660651428955,1.07200746266059,1472,1040.77876106195,1053.0,417,543,383.11504424778803,389.0,167,fliC-lolo,Liquid,2
7,109,1.69,2.90078210486802,1.11989292734149,1.17,1383,935.21,969.0,311,637,401.73,420.0,130,fliC-lolo,Liquid,2
7,110,2.535,4.19154328932551,1.03954445808309,1.07200746266059,1706,1282.59333333333,1340.0,422,466,332.713333333333,342.5,151,fliC-lolo,Liquid,2
7,111,2.535,4.27693434175952,1.0679627982988,0.990050503762308,1629,1178.11333333333,1210.0,534,921,661.446666666667,676.5,261,fliC-lolo,Liquid,2
7,121,2.2984,3.25455752059401,1.0395241961897201,1.3384319183283102,1748,1147.55882352941,1209.0,360,525,343.91176470588204,353.5,117,fliC-lolo,Liquid,2
7,122,2.3491,4.16541197284454,1.05984293919473,1.01533245786787,1595,1106.59712230216,1160.0,387,574,385.11510791366896,397.0,128,fliC-lolo,Liquid,2
7,123,1.7238,2.707695526217,1.0362529801350502,1.07200746266059,1656,1132.6568627451,1169.0,412,591,404.235294117647,404.5,145,fliC-lolo,Liquid,2
7,124,1.5548,3.2592388155425094,1.08089048483145,0.822192191643779,2261,1694.1956521739098,1772.0,833,474,358.27173913043504,369.5,149,fliC-lolo,Liquid,2
7,126,1.859,2.9638686835190295,1.03954445808309,1.1183022847155402,1304,882.0727272727271,914.0,371,453,310.827272727273,319.0,122,fliC-lolo,Liquid,2
8,1,1.5886,2.42539105243401,1.0682883666796,1.1627553482998898,1796,1206.70212765957,1264.0,303,377,252.20212765957402,262.5,96,fliC-lolo,Liquid,2
8,2,2.3829,3.95840528370251,1.05563855173498,1.07200746266059,1503,1011.74468085106,1036.0,326,403,275.836879432624,281.0,139,fliC-lolo,Liquid,2
8,3,2.9406,4.63539105243401,1.04154783370988,1.07200746266059,1574,1053.50574712644,1122.0,278,643,433.63218390804604,448.5,163,fliC-lolo,Liquid,2
8,4,1.9435,3.12,1.0,0.91,1050,749.75652173913,761.0,225,1057,758.469565217391,788.0,318,fliC-lolo,Liquid,2
8,5,2.197,3.56840528370251,1.0487827501893001,1.1627553482998898,1283,899.4769230769231,936.0,184,313,206.761538461538,216.0,67,fliC-lolo,Liquid,2
8,6,1.6224,2.8692388155425097,1.07060404539402,1.07200746266059,1206,764.739583333333,820.5,185,821,571.958333333333,592.0,206,fliC-lolo,Liquid,2
8,7,2.5857,4.402253046811009,1.0613478913380698,1.04809350727881,1336,839.712418300654,858.0,200,316,211.660130718954,217.0,81,fliC-lolo,Liquid,2
8,8,1.5717,2.79308657865101,1.07831536178965,1.07200746266059,1378,844.0,885.0,261,349,234.06451612903197,250.0,93,fliC-lolo,Liquid,2
8,11,1.9773,3.53771644662754,1.05449021401443,1.01533245786787,1289,911.444444444444,981.0,197,392,272.247863247863,280.0,108,fliC-lolo,Liquid,2
8,12,1.6055,2.9630142312685,1.06501971214074,1.01533245786787,1620,1082.6,1122.0,245,347,228.22105263157903,238.0,99,fliC-lolo,Liquid,2
8,13,1.5379,2.5015432893255096,1.05449021401443,1.07200746266059,1170,811.5824175824181,811.0,329,903,623.2967032967031,643.0,237,fliC-lolo,Liquid,2
8,14,1.8928,3.30002092041053,1.0641851824526,1.01533245786787,1245,803.9375,859.0,161,424,288.678571428571,295.0,85,fliC-lolo,Liquid,2
8,15,2.1632,3.84232539419353,1.0821348285430998,1.07200746266059,992,742.4765625,781.5,171,690,516.8203125,539.5,246,fliC-lolo,Liquid,2
8,16,2.2984,3.9045575205940097,1.07199718372116,1.1627553482998898,1566,1084.5220588235302,1144.0,320,488,345.639705882353,357.5,142,fliC-lolo,Liquid,2
8,17,2.6026,4.33916646816,1.0761564758649,1.07200746266059,1430,1002.4025974025999,1024.0,290,890,640.194805194805,650.0,275,fliC-lolo,Liquid,2
8,18,2.0618,3.60462986797652,1.08176926914207,0.946414285606467,1738,1202.2622950819698,1299.0,310,418,289.33606557377004,300.5,124,fliC-lolo,Liquid,2
8,19,1.6393,2.6538477631085,1.0194371770886,0.946414285606467,1372,973.865979381443,1022.0,252,326,211.484536082474,216.0,87,fliC-lolo,Liquid,2
8,20,1.4196,2.38078210486802,1.11660651428955,1.1627553482998898,1656,1111.67857142857,1116.5,298,514,357.071428571429,358.5,128,fliC-lolo,Liquid,2
8,21,1.3858,2.24154328932551,1.05920699754198,1.07200746266059,1126,701.987804878049,751.0,178,406,270.62195121951197,274.0,93,fliC-lolo,Liquid,2
8,22,1.5041,2.4653187050514904,1.05193289957676,1.10308657865101,1205,821.426966292135,837.0,270,656,450.977528089888,463.0,179,fliC-lolo,Liquid,2
8,23,2.0956,3.28154328932551,1.04365474598587,1.07200746266059,1265,864.782258064516,910.0,220,970,714.685483870968,742.0,289,fliC-lolo,Liquid,2
8,24,2.1632,3.3038477631085,1.01575626226734,0.946414285606467,1258,847.140625,972.0,215,428,296.4609375,314.5,125,fliC-lolo,Liquid,2
8,25,1.6393,2.5238477631085,1.0203884108344599,0.946414285606467,1457,1001.65979381443,1056.0,288,416,273.855670103093,291.0,109,fliC-lolo,Liquid,2
8,26,2.2984,3.56925973595304,1.0203884108344599,1.1183022847155402,1313,947.963235294118,982.0,278,544,381.97058823529403,407.5,139,fliC-lolo,Liquid,2
8,27,1.7407,3.0084776310850203,1.07783671148814,1.07200746266059,1113,752.504854368932,823.0,279,571,408.14563106796095,419.0,174,fliC-lolo,Liquid,2
8,29,1.8421,3.10693434175952,1.07966912753363,1.07200746266059,1476,1015.0458715596301,1042.0,348,457,309.97247706422,324.0,141,fliC-lolo,Liquid,2
8,30,1.4872,2.5423253941935298,1.05135584562486,1.1183022847155402,1399,925.6931818181821,999.5,202,465,318.75,333.0,122,fliC-lolo,Liquid,2
8,31,2.7039999999999997,4.49232539419353,1.0814712604780201,1.07200746266059,1365,1027.86875,1047.5,326,467,336.86875,353.5,135,fliC-lolo,Liquid,2
8,32,1.521,2.51916646816,1.0540353210495301,1.10308657865101,1402,912.888888888889,939.0,283,529,347.26666666666705,369.0,154,fliC-lolo,Liquid,2
8,33,1.5886,2.87762317883449,1.07373251738102,0.990050503762308,1376,1007.6808510638301,1062.0,434,639,472.80851063829806,487.0,251,fliC-lolo,Liquid,2
8,35,1.6393,2.8014709419429904,1.12183655339706,1.1183022847155402,1290,875.0,923.0,220,566,397.0,399.0,146,fliC-lolo,Liquid,2
8,36,1.859,2.9314709419429903,1.11365408118282,1.19854077944808,1268,877.390909090909,935.5,228,295,196.972727272727,202.0,83,fliC-lolo,Liquid,2
8,38,1.4872,2.5730142312685,1.03035208176954,1.01533245786787,1439,965.4204545454551,1034.5,254,394,246.909090909091,249.0,98,fliC-lolo,Liquid,2
8,39,1.9266,3.1292388155425095,1.0669313226061,1.07200746266059,1564,1114.84210526316,1145.0,304,735,540.421052631579,559.0,208,fliC-lolo,Liquid,2
8,40,1.9097,2.8915432893255097,1.04852813742386,1.07200746266059,1916,1297.92920353982,1378.0,444,511,365.778761061947,371.0,152,fliC-lolo,Liquid,2
8,41,2.2815,3.5415432893255097,1.0408877959734901,1.1183022847155402,1306,947.866666666667,976.0,358,890,646.022222222222,679.0,280,fliC-lolo,Liquid,2
8,44,1.7069,2.6538477631085,1.0194371770886,0.946414285606467,1356,911.8019801980199,979.0,266,534,375.05940594059405,387.0,115,fliC-lolo,Liquid,2
8,45,2.2984,3.95925973595304,1.04278824158896,1.01533245786787,1330,935.345588235294,981.5,222,901,654.411764705882,675.0,253,fliC-lolo,Liquid,2
8,47,1.5041,2.3715432893255097,1.0567678010646,1.04,1573,1055.41573033708,1093.0,346,511,361.25842696629206,371.0,104,fliC-lolo,Liquid,2
8,48,1.9266,3.2907821048680197,1.08134803506587,0.946414285606467,1155,666.333333333333,665.5,190,318,172.456140350877,168.5,57,fliC-lolo,Liquid,2
8,51,2.2815,3.85539105243401,1.04852813742386,0.990050503762308,1262,859.311111111111,890.0,240,376,265.62962962962996,266.0,114,fliC-lolo,Liquid,2
8,53,2.7716,4.48764409924502,1.0384699065419,1.01533245786787,1555,1101.57317073171,1145.5,282,944,689.737804878049,703.5,279,fliC-lolo,Liquid,2
8,55,1.5886,2.7791664681599997,1.07701833807387,1.1183022847155402,1528,1044.60638297872,1111.0,286,465,316.957446808511,320.0,142,fliC-lolo,Liquid,2
8,56,1.9773,3.2230142312685,1.06296611645523,1.04809350727881,1325,928.042735042735,975.0,220,463,327.74358974358995,347.0,142,fliC-lolo,Liquid,2
8,57,1.8421,3.10607988950898,1.0939817571605999,1.07200746266059,1622,1170.44036697248,1218.0,401,472,337.706422018349,346.0,168,fliC-lolo,Liquid,2
8,58,2.1463,3.5638477631085004,1.0146455655159101,0.91,1850,1373.34645669291,1382.0,421,546,385.196850393701,400.0,159,fliC-lolo,Liquid,2
8,59,2.3998,3.59539105243401,1.05135584562486,1.07200746266059,1476,1007.0915492957699,1082.0,334,465,320.281690140845,329.0,113,fliC-lolo,Liquid,2
8,60,1.521,2.37992765261748,1.0713440873313298,1.1627553482998898,1291,868.222222222222,904.5,331,527,359.45555555555603,365.0,172,fliC-lolo,Liquid,2
8,62,1.9773,3.0215432893255096,1.04679588990053,0.946414285606467,1319,876.547008547009,987.0,259,493,345.350427350427,366.0,125,fliC-lolo,Liquid,2
8,63,1.7407,2.6,1.0,0.91,1345,964.427184466019,1027.0,293,301,217.067961165049,220.0,85,fliC-lolo,Liquid,2
8,66,1.6393,2.81539105243401,1.07746877006011,0.990050503762308,1288,791.989690721649,787.0,243,665,460.26804123711304,467.0,135,fliC-lolo,Liquid,2
8,67,1.5041,2.44769552621701,1.03962597048738,1.07200746266059,1399,921.651685393258,984.0,247,317,224.10112359550598,224.0,84,fliC-lolo,Liquid,2
8,69,2.1125,3.2015642097360404,1.02436550366901,1.10308657865101,1812,1226.08,1280.0,250,975,678.3439999999999,703.0,227,fliC-lolo,Liquid,2
8,71,2.2646,3.5415432893255097,1.0408877959734901,1.07200746266059,1789,1200.29850746269,1315.5,323,705,511.179104477612,536.0,214,fliC-lolo,Liquid,2
8,72,1.6055,2.90078210486802,1.14921445547045,1.04809350727881,1381,927.894736842105,965.0,181,316,207.621052631579,211.0,67,fliC-lolo,Liquid,2
8,74,1.5886,2.4337754157259903,1.12485686462051,1.1183022847155402,1505,974.0744680851061,1023.0,235,1065,723.0212765957449,758.5,278,fliC-lolo,Liquid,2
8,76,2.8054,4.58695526217005,1.05010851751204,1.1183022847155402,1443,975.60843373494,1000.5,259,526,363.879518072289,367.0,181,fliC-lolo,Liquid,2
8,77,2.4843,3.8869343417595204,1.07194882797645,1.07200746266059,1325,893.462585034014,963.0,222,461,321.285714285714,337.0,120,fliC-lolo,Liquid,2
8,78,2.6871,4.30762317883449,1.06722462103233,1.07200746266059,1307,808.943396226415,862.0,154,303,199.35849056603803,207.0,62,fliC-lolo,Liquid,2
8,80,1.6731,2.7392388155425094,1.07248911335735,1.07200746266059,1335,870.242424242424,940.0,203,357,241.010101010101,240.0,104,fliC-lolo,Liquid,2
8,81,2.0956,3.23607988950898,1.05759892300806,1.07200746266059,1327,962.645161290323,1022.5,267,733,526.725806451613,554.0,235,fliC-lolo,Liquid,2
8,83,1.5041,2.47923881554251,1.07624261981353,1.07200746266059,1439,976.61797752809,1023.0,278,478,333.280898876404,343.0,140,fliC-lolo,Liquid,2
8,84,1.6562,2.577695526217,1.03786731044288,0.946414285606467,1752,1151.48979591837,1239.5,311,553,391.040816326531,409.0,151,fliC-lolo,Liquid,2
8,87,1.6562,2.5238477631085,1.0203884108344599,1.07200746266059,1245,869.071428571429,899.5,230,253,162.357142857143,169.0,60,fliC-lolo,Liquid,2
8,88,1.4703,2.29539105243401,1.07060404539402,1.19854077944808,1468,972.931034482759,968.0,354,385,251.72413793103402,250.0,119,fliC-lolo,Liquid,2
8,90,1.6055,2.6630865786510096,1.07966912753363,1.07200746266059,1256,901.1578947368421,935.0,345,272,186.189473684211,190.0,73,fliC-lolo,Liquid,2
8,91,1.859,3.1738477631085003,1.01637700932112,0.946414285606467,1418,803.936363636364,738.0,314,923,538.2909090909089,516.0,167,fliC-lolo,Liquid,2
8,92,2.7547,4.470020920410531,1.08194582775902,1.07200746266059,1909,1272.6687116564399,1338.0,278,474,324.40490797546,336.0,106,fliC-lolo,Liquid,2
8,93,2.3998,3.8238477631085,1.01368074139667,0.946414285606467,1398,947.0492957746479,1019.0,216,345,234.007042253521,246.0,73,fliC-lolo,Liquid,2
8,95,2.1632,3.2676231788344903,1.07373803283463,1.1627553482998898,1564,1092.171875,1158.0,293,419,272.3359375,284.5,104,fliC-lolo,Liquid,2
8,98,2.5012,3.95840528370251,1.05563855173498,1.1627553482998898,1255,830.594594594595,886.5,156,842,555.567567567568,586.5,142,fliC-lolo,Liquid,2
