Label,TRACK_ID,NUMBER_SPOTS,NUMBER_GAPS,LONGEST_GAP,NUMBER_SPLITS,NUMBER_MERGES,NUMBER_COMPLEX,TRACK_DURATION,TRACK_START,TRACK_STOP,TRACK_DISPLACEMENT,TRACK_INDEX,TRACK_X_LOCATION,TRACK_Y_LOCATION,TRACK_Z_LOCATION,TRACK_MEAN_SPEED,TRACK_MAX_SPEED,TRACK_MIN_SPEED,TRACK_MEDIAN_SPEED,TRACK_STD_SPEED,TRACK_MEAN_QUALITY,TRACK_MAX_QUALITY,TRACK_MIN_QUALITY,TRACK_MEDIAN_QUALITY,TRACK_STD_QUALITY,Strain,Reporter,TimePoint,TeckRep
Track_0,0,3,0,0,0,0,0,2,0,2,1.041,0,10.199,226.407,0,1.358,1.388,1.327,1.388,0.043,15.222,16.973,12.007,16.687,2.277,cpdA-fliC-,PaQa,1,1
Track_1,1,134,0,0,0,0,0,133,0,133,0.619,1,143.292,229.371,0,0.219,2.911,0.0,0.123,0.342,14.868,19.142,10.745,14.966,1.589,cpdA-fliC-,PaQa,1,1
Track_2,2,11,0,0,0,0,0,10,0,10,1.405,2,227.353,195.711,0,0.6920000000000001,1.26,2.345e-08,0.915,0.446,14.651,19.731,10.178,13.387,2.784,cpdA-fliC-,PaQa,1,1
Track_3,3,23,2,1,0,0,0,24,0,24,10.648,3,315.254,23.176,0,0.931,2.061,0.0,0.926,0.6829999999999999,17.245,20.029,10.178,17.574,2.6910000000000003,cpdA-fliC-,PaQa,1,1
Track_4,4,14,0,0,0,0,0,13,0,13,2.2230000000000003,4,282.092,59.793,0,0.59,1.126,0.165,0.573,0.311,18.364,20.458,13.984000000000002,18.733,1.541,cpdA-fliC-,PaQa,1,1
Track_5,5,18,1,1,0,0,0,18,0,18,13.74,5,268.712,290.0490000000001,0,1.157,3.5,0.08199999999999999,0.972,0.877,16.285999999999998,18.027,13.387,16.708,1.463,cpdA-fliC-,PaQa,1,1
Track_6,6,23,2,1,0,0,0,24,0,24,15.861,6,115.11,230.989,0,1.143,2.942,0.174,0.848,0.857,16.159000000000002,18.75,5.214,17.11,3.116,cpdA-fliC-,PaQa,1,1
Track_7,7,41,2,2,0,0,0,43,0,43,7.951,7,98.129,250.958,0,1.213,4.441,0.14300000000000002,1.121,0.975,16.119,18.75,5.214,16.97,2.519,cpdA-fliC-,PaQa,1,1
Track_8,8,12,2,6,0,0,0,18,0,18,6.7360000000000015,8,247.759,159.29399999999995,0,0.902,1.95,0.16699999999999998,0.755,0.496,14.725,19.58,5.214,17.11,4.9030000000000005,cpdA-fliC-,PaQa,1,1
Track_9,9,17,3,3,0,0,0,22,0,22,14.054,9,118.329,143.716,0,0.937,1.95,0.114,0.955,0.56,14.343,19.257,7.6960000000000015,13.836,3.175,cpdA-fliC-,PaQa,1,1
Track_10,10,2,0,0,0,0,0,1,0,1,1.327,10,205.081,153.243,0,1.327,1.327,1.327,1.327,,6.455,7.6960000000000015,5.214,7.6960000000000015,1.241,cpdA-fliC-,PaQa,1,1
Track_11,11,22,4,4,0,0,0,30,1,31,9.218,11,295.201,78.747,0,0.764,2.081,3.54e-07,0.6940000000000001,0.574,12.403,17.977,5.214,13.836,4.55,cpdA-fliC-,PaQa,1,1
Track_12,12,7,0,0,0,0,0,6,1,7,1.511,12,206.415,195.487,0,0.735,1.068,0.376,0.836,0.243,16.895,19.555,14.728,16.785999999999998,1.574,cpdA-fliC-,PaQa,1,1
Track_13,13,24,1,2,0,0,0,25,1,26,5.323,13,229.736,85.947,0,0.626,1.319,0.1,0.5710000000000001,0.34700000000000003,15.769,18.162,5.214,16.094,2.456,cpdA-fliC-,PaQa,1,1
Track_14,14,5,3,4,0,0,0,13,1,14,1.628,14,119.578,27.077,0,0.337,0.52,0.154,0.41,0.161,17.503,18.249,16.787,17.514,0.527,cpdA-fliC-,PaQa,1,1
Track_15,15,120,6,2,0,0,0,127,1,128,62.627,15,139.828,79.54899999999998,0,0.98,3.175,0.086,0.887,0.574,17.33,20.588,4.99,18.282,2.774,cpdA-fliC-,PaQa,1,1
Track_16,16,76,4,1,0,0,0,79,1,80,63.328,16,253.451,119.733,0,1.161,3.648,0.081,0.959,0.784,17.512999999999998,20.155,15.298,17.511,1.002,cpdA-fliC-,PaQa,1,1
Track_17,17,67,4,1,0,0,0,70,1,71,11.879,17,312.315,269.95,0,0.852,2.54,0.127,0.8079999999999999,0.536,17.143,19.092,13.644,17.134,1.014,cpdA-fliC-,PaQa,1,1
Track_18,18,20,7,2,0,0,0,28,2,30,2.684,18,194.349,7.286,0,0.574,1.605,4.67e-07,0.481,0.404,7.267,13.487,5.214,5.214,2.668,cpdA-fliC-,PaQa,1,1
Track_19,19,4,0,0,0,0,0,3,3,6,2.676,19,266.905,176.453,0,1.054,1.121,0.936,1.106,0.103,11.077,14.353,5.214,12.371,3.48,cpdA-fliC-,PaQa,1,1
Track_20,20,18,1,1,0,0,0,18,4,22,5.759,20,206.947,154.97899999999996,0,0.879,2.53,0.124,0.774,0.6709999999999999,13.884,18.162,5.214,16.094,3.879,cpdA-fliC-,PaQa,1,1
Track_21,21,3,0,0,0,0,0,2,4,6,1.169,21,204.971,153.438,0,0.585,0.789,0.38,0.789,0.289,8.306000000000001,12.007,5.214,7.6960000000000015,2.807,cpdA-fliC-,PaQa,1,1
Track_22,22,13,0,0,0,0,0,12,5,17,2.546,22,267.482,176.85299999999995,0,0.7829999999999999,2.345,0.172,0.899,0.5920000000000001,16.668,19.731,12.371,16.99,2.281,cpdA-fliC-,PaQa,1,1
Track_23,23,5,3,5,0,0,0,11,5,16,2.605,23,195.0,7.224,0,0.532,0.982,0.011,0.65,0.404,5.71,7.6960000000000015,5.214,5.214,0.993,cpdA-fliC-,PaQa,1,1
Track_24,24,3,0,0,0,0,0,2,5,7,1.173,24,267.901,175.92700000000005,0,0.619,0.919,0.319,0.919,0.424,13.198,14.853,12.371,12.371,1.17,cpdA-fliC-,PaQa,1,1
Track_25,25,4,0,0,0,0,0,3,5,8,0.672,25,195.891,7.31,0,0.426,0.65,0.314,0.314,0.194,5.835,7.6960000000000015,5.214,5.214,1.075,cpdA-fliC-,PaQa,1,1
Track_26,26,2,0,0,0,0,0,1,5,6,0.919,26,267.812,176.142,0,0.919,0.919,0.919,0.919,,12.371,12.371,12.371,12.371,0.0,cpdA-fliC-,PaQa,1,1
Track_27,27,3,1,2,0,0,0,4,7,11,3.954,27,118.3,144.192,0,1.318,1.95,0.685,1.95,0.894,12.032,13.387,11.355,11.355,0.958,cpdA-fliC-,PaQa,1,1
Track_28,28,32,2,2,0,0,0,35,7,42,12.651,28,243.295,162.72299999999996,0,1.071,2.632,0.317,1.009,0.5820000000000001,17.654,20.158,13.644,18.057,1.485,cpdA-fliC-,PaQa,1,1
Track_29,29,10,1,1,0,0,0,10,7,17,5.497000000000001,29,10.966,226.508,0,1.0759999999999998,2.116,0.5579999999999999,0.919,0.495,11.034,16.735,5.214,11.355,3.3110000000000004,cpdA-fliC-,PaQa,1,1
Track_30,30,6,0,0,0,0,0,5,8,13,3.482,30,208.671,200.146,0,0.767,0.942,0.521,0.784,0.18,17.498,18.352,16.515,17.569000000000006,0.608,cpdA-fliC-,PaQa,1,1
Track_31,31,3,0,0,0,0,0,2,10,12,1.505,31,11.732,226.931,0,0.8340000000000001,0.92,0.747,0.92,0.122,12.271,17.11,7.6960000000000015,12.007,3.848,cpdA-fliC-,PaQa,1,1
Track_32,32,4,1,4,0,0,0,7,12,19,2.932,32,314.063,267.576,0,0.813,1.067,0.395,0.977,0.365,17.266,18.069000000000006,15.924,17.899,0.845,cpdA-fliC-,PaQa,1,1
Track_33,33,4,1,2,0,0,0,5,12,17,3.4730000000000003,33,90.2,249.135,0,0.745,1.123,0.456,0.655,0.343,12.105,15.883,5.214,15.316,4.245,cpdA-fliC-,PaQa,1,1
Track_34,34,42,1,1,0,0,0,42,12,54,21.836,34,239.497,206.817,0,1.259,3.465,0.242,1.063,0.8029999999999999,16.419,20.029,10.327,17.171,2.047,cpdA-fliC-,PaQa,1,1
Track_35,35,2,0,0,0,0,0,1,14,15,0.467,35,288.756,61.261,0,0.467,0.467,0.467,0.467,,18.854,19.555,18.154,19.555,0.7,cpdA-fliC-,PaQa,1,1
Track_36,36,38,0,0,0,0,0,37,14,51,10.77,36,291.603,59.969,0,0.846,3.091,0.091,0.73,0.616,18.479,20.419,16.406,18.589,0.922,cpdA-fliC-,PaQa,1,1
Track_37,37,8,2,6,0,0,0,14,14,28,39.361,37,231.082,200.555,0,2.172,3.707,0.404,2.184,1.348,17.575,23.435,13.783,17.574,2.5810000000000004,cpdA-fliC-,PaQa,1,1
Track_38,38,7,2,2,0,0,0,9,14,23,6.144,38,294.351,77.16,0,0.636,1.129,0.022,0.672,0.421,8.213,16.28,5.214,5.214,3.957,cpdA-fliC-,PaQa,1,1
Track_39,39,16,8,2,0,0,0,24,19,43,6.2120000000000015,39,125.097,27.197,0,0.748,1.507,0.324,0.7090000000000001,0.358,17.537,18.189,16.333,17.608,0.552,cpdA-fliC-,PaQa,1,1
Track_40,40,7,2,3,0,0,0,12,19,31,5.9929999999999986,40,278.985,294.751,0,0.622,1.019,0.41,0.622,0.227,15.013,19.08,9.525,16.351,3.154,cpdA-fliC-,PaQa,1,1
Track_41,41,10,2,3,0,0,0,14,19,33,6.254,41,278.899,296.256,0,0.913,2.379,0.466,0.713,0.62,12.68,18.391,5.214,12.007,3.874,cpdA-fliC-,PaQa,1,1
Track_42,42,31,0,0,0,0,0,30,19,49,12.601,42,320.829,186.555,0,1.058,3.074,0.241,0.7859999999999999,0.758,17.217,20.029,10.178,17.515,1.769,cpdA-fliC-,PaQa,1,1
Track_43,43,11,0,0,0,0,0,10,21,31,5.797999999999999,43,12.572,222.315,0,0.7859999999999999,2.7260000000000004,0.092,0.65,0.75,16.214000000000002,20.029,12.371,16.167,1.983,cpdA-fliC-,PaQa,1,1
Track_44,44,5,1,2,0,0,0,6,22,28,1.854,44,291.078,75.664,0,0.65,1.39,0.005,0.65,0.569,8.054,15.630999999999998,5.214,5.214,4.062,cpdA-fliC-,PaQa,1,1
Track_45,45,11,4,3,0,0,0,19,22,41,7.529,45,288.634,75.396,0,0.573,1.256,0.019,0.637,0.331,10.795,15.630999999999998,5.214,11.358,3.739,cpdA-fliC-,PaQa,1,1
Track_46,46,5,0,0,0,0,0,4,22,26,1.6909999999999998,46,257.146,200.154,0,1.1,1.797,0.552,1.095,0.519,17.398,19.257,16.167,17.199,1.06,cpdA-fliC-,PaQa,1,1
Track_47,47,19,0,0,0,0,0,18,23,41,8.476,47,119.132,221.761,0,1.029,1.785,0.417,1.042,0.314,15.344,18.516,5.214,17.033,3.523,cpdA-fliC-,PaQa,1,1
Track_48,48,28,1,3,0,0,0,30,26,56,15.174,48,201.813,153.13299999999995,0,0.8140000000000001,1.5319999999999998,0.279,0.716,0.371,14.16,16.796,9.525,15.316,2.324,cpdA-fliC-,PaQa,1,1
Track_49,49,12,3,3,0,0,0,18,26,44,1.014,49,192.18,6.863,0,0.78,1.382,0.229,0.868,0.38,8.807,15.017,5.214,8.997,3.5580000000000003,cpdA-fliC-,PaQa,1,1
Track_50,50,11,0,0,0,0,0,10,26,36,4.756,50,316.681,17.000999999999998,0,1.008,2.435,0.242,0.812,0.612,17.18,18.94,13.387,17.574,1.402,cpdA-fliC-,PaQa,1,1
Track_51,51,12,4,6,0,0,0,21,28,49,6.683,51,108.198,137.91,0,0.831,2.193,0.301,0.65,0.611,10.324000000000002,15.017,5.214,10.178,2.859,cpdA-fliC-,PaQa,1,1
Track_52,52,30,2,1,0,0,0,31,29,60,24.689,52,272.297,199.158,0,1.359,3.574,0.026,0.836,1.012,16.324,19.555,5.214,17.348,3.125,cpdA-fliC-,PaQa,1,1
Track_53,53,2,0,0,0,0,0,1,34,35,0.648,53,241.466,207.355,0,0.648,0.648,0.648,0.648,,15.48,17.275,13.686,17.275,1.795,cpdA-fliC-,PaQa,1,1
Track_54,54,23,0,0,0,0,0,22,34,56,7.582000000000002,54,28.053,227.4,0,0.81,1.54,0.325,0.687,0.364,16.96,18.987,13.686,17.11,1.122,cpdA-fliC-,PaQa,1,1
Track_55,55,6,0,0,0,0,0,5,34,39,7.725,55,327.273,302.548,0,1.78,3.795,0.545,1.004,1.45,16.645,19.08,11.355,17.976,2.627,cpdA-fliC-,PaQa,1,1
Track_56,56,2,0,0,0,0,0,1,35,36,6.485e-08,56,223.286,83.514,0,6.485e-08,6.485e-08,6.485e-08,6.485e-08,,5.214,5.214,5.214,5.214,0.0,cpdA-fliC-,PaQa,1,1
Track_57,57,2,0,0,0,0,0,1,35,36,3.689e-08,57,223.264,83.514,0,3.689e-08,3.689e-08,3.689e-08,3.689e-08,,5.214,5.214,5.214,5.214,0.0,cpdA-fliC-,PaQa,1,1
Track_58,58,12,1,6,0,0,0,17,35,52,7.874,58,220.954,85.214,0,0.82,1.45,0.0,0.691,0.498,11.283,18.162,5.214,13.401,5.042,cpdA-fliC-,PaQa,1,1
Track_59,59,2,0,0,0,0,0,1,35,36,3.2430000000000007e-08,59,223.264,83.536,0,3.2430000000000007e-08,3.2430000000000007e-08,3.2430000000000007e-08,3.2430000000000007e-08,,5.214,5.214,5.214,5.214,0.0,cpdA-fliC-,PaQa,1,1
Track_60,60,6,3,5,0,0,0,14,37,51,5.49,60,107.342,136.69299999999998,0,0.529,0.731,0.307,0.552,0.202,10.186,13.836,5.214,11.355,3.0810000000000004,cpdA-fliC-,PaQa,1,1
Track_61,61,9,0,0,0,0,0,8,38,46,8.823,61,330.629,11.49,0,1.405,2.951,0.512,1.212,0.981,16.452,19.988,12.908,16.573,2.43,cpdA-fliC-,PaQa,1,1
Track_62,62,3,0,0,0,0,0,2,40,42,3.244,62,115.99,219.748,0,1.822,2.476,1.169,2.476,0.924,9.448,15.434,5.214,7.6960000000000015,4.352,cpdA-fliC-,PaQa,1,1
Track_63,63,104,2,2,0,0,0,106,43,149,32.116,63,149.053,232.216,0,1.12,3.492,0.06,1.069,0.6,15.968,19.256,3.638,16.625999999999998,2.612,cpdA-fliC-,PaQa,1,1
Track_64,64,10,0,0,0,0,0,9,45,54,5.21,64,245.83,163.93400000000003,0,0.836,1.629,0.446,0.738,0.398,17.779,18.89,16.587,17.889,0.603,cpdA-fliC-,PaQa,1,1
Track_65,65,24,2,2,0,0,0,26,46,72,12.066,65,114.217,254.749,0,0.98,3.72,0.047,0.615,0.931,17.13,18.932,12.007,17.668,1.531,cpdA-fliC-,PaQa,1,1
Track_66,66,14,1,1,0,0,0,14,48,62,3.954,66,280.694,74.583,0,0.8640000000000001,1.354,0.235,0.965,0.336,11.885,17.249000000000002,5.214,13.187,3.031,cpdA-fliC-,PaQa,1,1
Track_67,67,16,2,1,0,0,0,17,50,67,6.5,67,331.3540000000001,192.141,0,1.308,3.353,0.0,1.3,0.966,15.882,22.375,8.622,16.999000000000002,4.093,cpdA-fliC-,PaQa,1,1
Track_68,68,7,4,3,0,0,0,16,51,67,2.051,68,215.893,88.145,0,0.431,0.628,0.182,0.579,0.197,9.189,13.187,5.214,9.525,2.845,cpdA-fliC-,PaQa,1,1
Track_69,69,2,0,0,0,0,0,1,51,52,0.65,69,216.461,86.764,0,0.65,0.65,0.65,0.65,,5.214,5.214,5.214,5.214,0.0,cpdA-fliC-,PaQa,1,1
Track_70,70,2,0,0,0,0,0,1,51,52,0.65,70,216.439,86.764,0,0.65,0.65,0.65,0.65,,5.214,5.214,5.214,5.214,0.0,cpdA-fliC-,PaQa,1,1
Track_71,71,28,6,4,0,0,0,37,51,88,10.595999999999998,71,198.275,7.252999999999999,0,0.8420000000000001,2.128,0.325,0.831,0.426,9.618,16.96,4.562,10.178,3.945,cpdA-fliC-,PaQa,1,1
Track_72,72,7,3,4,0,0,0,13,53,66,4.009,72,196.541,4.39,0,0.6940000000000001,0.975,0.122,0.778,0.305,5.805,10.063,4.562,5.214,1.753,cpdA-fliC-,PaQa,1,1
Track_73,73,3,0,0,0,0,0,2,55,57,1.421,73,196.273,147.398,0,0.752,1.188,0.317,1.188,0.616,12.417,15.719,9.525,12.007,2.545,cpdA-fliC-,PaQa,1,1
Track_74,74,22,2,1,0,0,0,23,55,78,15.185,74,252.975,175.426,0,1.088,2.393,0.065,0.993,0.604,17.759,20.588,13.644,18.151,2.196,cpdA-fliC-,PaQa,1,1
Track_75,75,19,0,0,0,0,0,18,57,75,8.769,75,296.783,211.468,0,1.077,2.755,0.272,0.909,0.6859999999999999,17.4,18.75,12.371,17.409000000000002,1.3730000000000002,cpdA-fliC-,PaQa,1,1
Track_76,76,11,2,2,0,0,0,13,57,70,2.146,76,30.91,226.317,0,0.622,1.4369999999999998,0.0,0.65,0.401,15.059,18.214,13.686,13.984000000000002,1.651,cpdA-fliC-,PaQa,1,1
Track_77,77,23,2,1,0,0,0,24,59,83,4.178,77,32.843,226.265,0,0.794,1.774,0.0,0.742,0.471,15.874,18.425,13.686,16.207,1.508,cpdA-fliC-,PaQa,1,1
Track_78,78,15,0,0,0,0,0,14,59,73,5.479,78,282.897,198.458,0,0.984,2.8680000000000003,0.237,0.996,0.672,17.664,19.315,13.686,17.976,1.406,cpdA-fliC-,PaQa,1,1
Track_79,79,7,0,0,0,0,0,6,64,70,5.488,79,224.626,148.05,0,1.3130000000000002,2.681,0.395,1.366,0.8109999999999999,15.414,17.765,7.157,16.899,3.469,cpdA-fliC-,PaQa,1,1
Track_80,80,33,5,3,0,0,0,41,64,105,9.241,80,287.48,77.817,0,0.838,2.137,3.612e-07,0.8340000000000001,0.473,13.123,18.518,5.214,13.836,4.101,cpdA-fliC-,PaQa,1,1
Track_81,81,2,0,0,0,0,0,1,65,66,0.935,81,196.939,6.5,0,0.935,0.935,0.935,0.935,,5.214,5.214,5.214,5.214,0.0,cpdA-fliC-,PaQa,1,1
Track_82,82,2,0,0,0,0,0,1,67,68,0.383,82,223.919,148.97799999999995,0,0.383,0.383,0.383,0.383,,12.028,16.899,7.157,16.899,4.871,cpdA-fliC-,PaQa,1,1
Track_83,83,36,1,1,0,0,0,36,68,104,12.257,83,325.188,203.524,0,0.863,2.363,0.116,0.7879999999999999,0.568,16.929000000000002,19.731,7.677,17.348,2.187,cpdA-fliC-,PaQa,1,1
Track_84,84,5,1,3,0,0,0,7,68,75,4.2410000000000005,84,139.017,24.947,0,0.679,0.82,0.375,0.7879999999999999,0.206,17.945,18.223,17.686,17.957,0.17600000000000002,cpdA-fliC-,PaQa,1,1
Track_85,85,2,0,0,0,0,0,1,69,70,1.997,85,123.46,251.848,0,1.997,1.997,1.997,1.997,,13.106,18.516,7.6960000000000015,18.516,5.41,cpdA-fliC-,PaQa,1,1
Track_86,86,25,3,1,0,0,0,27,69,96,5.521,86,308.523,276.24,0,0.83,2.018,4.716e-07,0.789,0.487,17.245,20.155,13.644,17.305,1.3119999999999998,cpdA-fliC-,PaQa,1,1
Track_87,87,2,0,0,0,0,0,1,70,71,1.243,87,139.204,25.969,0,1.243,1.243,1.243,1.243,,17.733,17.859,17.607,17.859,0.126,cpdA-fliC-,PaQa,1,1
Track_88,88,20,3,2,0,0,0,23,71,94,5.893,88,236.317,153.202,0,0.833,1.515,0.223,0.8220000000000001,0.405,12.502,17.765,5.214,13.187,3.945,cpdA-fliC-,PaQa,1,1
Track_89,89,19,3,1,0,0,0,21,72,93,12.562,89,257.615,180.387,0,0.995,4.795,0.059,0.731,1.136,17.722,20.288,13.644,18.057,1.711,cpdA-fliC-,PaQa,1,1
Track_90,90,36,1,1,0,0,0,36,73,109,19.632,90,116.81,259.998,0,1.166,2.157,0.133,1.229,0.552,16.01,19.148,7.6960000000000015,16.973,2.577,cpdA-fliC-,PaQa,1,1
Track_91,91,3,0,0,0,0,0,2,73,75,1.811,91,212.473,88.105,0,0.926,0.972,0.88,0.972,0.065,13.603,15.316,12.007,13.487,1.3530000000000002,cpdA-fliC-,PaQa,1,1
Track_92,92,12,0,0,0,0,0,11,77,88,10.773,92,217.659,82.954,0,1.111,2.248,0.5529999999999999,1.06,0.5,16.252,17.916,13.401,16.636,1.569,cpdA-fliC-,PaQa,1,1
Track_93,93,60,3,2,0,0,0,63,77,140,49.58,93,309.597,124.366,0,1.151,4.13,0.202,1.021,0.765,17.359,20.155,13.644,17.534000000000002,1.196,cpdA-fliC-,PaQa,1,1
Track_94,94,4,0,0,0,0,0,3,77,80,2.067,94,314.907,212.2,0,1.144,1.7080000000000002,0.853,0.871,0.488,17.805,19.148,17.033,17.867,0.8370000000000001,cpdA-fliC-,PaQa,1,1
Track_95,95,23,2,4,0,0,0,27,77,104,9.533,95,323.649,194.798,0,1.3769999999999998,4.662,0.173,0.986,1.187,14.689,20.074,4.93,16.497,4.249,cpdA-fliC-,PaQa,1,1
Track_96,96,43,1,6,0,0,0,48,81,129,16.44,96,322.096,210.227,0,1.044,3.877,0.0,0.958,0.752,16.882,22.755,7.6960000000000015,17.224,2.428,cpdA-fliC-,PaQa,1,1
Track_97,97,11,0,0,0,0,0,10,86,96,6.148,97,40.333,223.236,0,1.036,2.326,0.313,0.852,0.7440000000000001,15.124,19.983,7.6960000000000015,16.649,3.547,cpdA-fliC-,PaQa,1,1
Track_98,98,2,0,0,0,0,0,1,86,87,0.7120000000000001,98,235.306,152.593,0,0.7120000000000001,0.7120000000000001,0.7120000000000001,0.7120000000000001,,6.455,7.6960000000000015,5.214,7.6960000000000015,1.241,cpdA-fliC-,PaQa,1,1
Track_99,99,2,0,0,0,0,0,1,88,89,0.457,99,257.57,179.891,0,0.457,0.457,0.457,0.457,,18.826,19.105,18.547,19.105,0.279,cpdA-fliC-,PaQa,1,1
Track_100,100,23,2,3,0,0,0,26,91,117,11.183,100,195.079,13.903,0,0.77,1.819,0.044,0.7559999999999999,0.421,15.54,19.731,5.214,16.899,3.912,cpdA-fliC-,PaQa,1,1
Track_101,101,14,0,0,0,0,0,13,91,104,7.6960000000000015,101,212.423,83.819,0,1.091,2.072,0.162,0.972,0.513,15.522,17.759,5.214,16.458,3.009,cpdA-fliC-,PaQa,1,1
Track_102,102,17,2,3,0,0,0,21,94,115,13.105,102,263.193,181.979,0,1.167,3.751,0.13,0.998,0.936,17.477999999999998,20.418,13.644,18.151,2.338,cpdA-fliC-,PaQa,1,1
Track_103,103,31,6,3,0,0,0,40,95,135,22.423,103,316.8640000000001,278.991,0,1.03,3.805,0.139,0.828,0.753,17.38,20.248,13.644,17.375999999999998,1.4480000000000002,cpdA-fliC-,PaQa,1,1
Track_104,104,16,1,2,0,0,0,17,95,112,11.526,104,243.198,160.08700000000005,0,0.932,2.372,0.028,0.863,0.652,14.344,17.274,7.157,16.033,3.239,cpdA-fliC-,PaQa,1,1
Track_105,105,106,1,3,0,0,0,108,98,206,1.805,105,142.141,229.251,0,0.18,2.6830000000000003,0.0,0.059,0.332,12.314,18.578,5.792999999999998,13.814,4.069,cpdA-fliC-,PaQa,1,1
Track_106,106,14,6,3,0,0,0,23,98,121,7.585,106,145.863,21.335,0,0.792,1.655,0.381,0.643,0.417,17.548,18.223,16.006,17.686,0.608,cpdA-fliC-,PaQa,1,1
Track_107,107,9,1,4,0,0,0,12,99,111,10.797,107,217.77,89.51899999999998,0,1.067,1.597,0.12,1.189,0.45,16.544,17.502,15.316,16.796,0.728,cpdA-fliC-,PaQa,1,1
Track_108,108,8,1,1,0,0,0,8,100,108,5.3679999999999986,108,313.189,278.783,0,0.871,1.63,0.28300000000000003,0.765,0.498,17.959,18.826,16.907,18.069000000000006,0.537,cpdA-fliC-,PaQa,1,1
Track_109,109,8,1,1,0,0,0,8,101,109,6.537000000000001,109,261.875,182.816,0,0.905,1.567,0.45,0.804,0.413,16.305999999999994,20.288,13.686,17.162,2.33,cpdA-fliC-,PaQa,1,1
Track_110,110,2,0,0,0,0,0,1,104,105,1.2990000000000002,110,44.535,220.686,0,1.2990000000000002,1.2990000000000002,1.2990000000000002,1.2990000000000002,,7.37,9.525,5.214,9.525,2.156,cpdA-fliC-,PaQa,1,1
Track_111,111,2,0,0,0,0,0,1,104,105,1.2990000000000002,111,44.535,220.664,0,1.2990000000000002,1.2990000000000002,1.2990000000000002,1.2990000000000002,,7.37,9.525,5.214,9.525,2.156,cpdA-fliC-,PaQa,1,1
Track_112,112,2,0,0,0,0,0,1,104,105,1.301,112,44.515,220.664,0,1.301,1.301,1.301,1.301,,7.37,9.525,5.214,9.525,2.156,cpdA-fliC-,PaQa,1,1
Track_113,113,3,1,3,0,0,0,5,104,109,1.892,113,143.106,188.935,0,0.63,1.031,0.229,1.031,0.5670000000000001,16.07,17.574,13.387,17.249000000000002,1.902,cpdA-fliC-,PaQa,1,1
Track_114,114,13,0,0,0,0,0,12,104,116,5.049,114,141.30100000000004,188.409,0,0.7290000000000001,1.275,0.218,0.73,0.345,16.392,18.391,13.387,16.796,1.4269999999999998,cpdA-fliC-,PaQa,1,1
Track_115,115,24,1,1,0,0,0,24,106,130,12.307,115,319.768,195.632,0,1.005,2.481,0.29600000000000004,0.8340000000000001,0.583,15.887,20.029,7.6960000000000015,17.21,3.293,cpdA-fliC-,PaQa,1,1
Track_116,116,19,5,5,0,0,0,28,106,134,12.550999999999998,116,84.419,126.447,0,0.865,1.575,0.212,0.8390000000000001,0.37,12.724,18.569000000000006,5.214,13.704,4.401,cpdA-fliC-,PaQa,1,1
Track_117,117,5,2,1,0,0,0,6,110,116,2.076,117,42.508,222.057,0,0.618,1.145,0.156,0.628,0.407,7.199,10.827,5.214,5.214,2.465,cpdA-fliC-,PaQa,1,1
Track_118,118,44,1,1,0,0,0,44,111,155,9.684,118,142.512,51.692,0,0.8420000000000001,1.821,0.022,0.778,0.476,10.556,16.749000000000002,4.98,10.178,3.761,cpdA-fliC-,PaQa,1,1
Track_119,119,4,0,0,0,0,0,3,111,114,4.45,119,114.521,272.185,0,1.543,2.715,0.906,1.009,1.016,14.897,18.534,5.214,18.356,5.605,cpdA-fliC-,PaQa,1,1
Track_120,120,20,3,5,0,0,0,29,112,141,12.604,120,239.963,99.125,0,0.958,1.847,0.019,0.971,0.495,13.763,18.754,5.214,14.853,3.594,cpdA-fliC-,PaQa,1,1
Track_121,121,46,0,0,0,0,0,45,114,159,15.413,121,281.647,74.652,0,0.807,2.073,0.08900000000000001,0.8540000000000001,0.461,16.558,19.555,8.357999999999999,17.033,2.301,cpdA-fliC-,PaQa,1,1
Track_122,122,53,1,1,0,0,0,53,116,169,15.19,122,262.35200000000003,177.025,0,1.041,2.559,0.185,0.913,0.483,17.297,20.282,5.214,17.805999999999994,2.182,cpdA-fliC-,PaQa,1,1
Track_123,123,2,0,0,0,0,0,1,117,118,0.65,123,84.836,126.761,0,0.65,0.65,0.65,0.65,,5.214,5.214,5.214,5.214,0.0,cpdA-fliC-,PaQa,1,1
Track_124,124,2,0,0,0,0,0,1,117,118,0.65,124,84.814,126.739,0,0.65,0.65,0.65,0.65,,5.214,5.214,5.214,5.214,0.0,cpdA-fliC-,PaQa,1,1
Track_125,125,2,0,0,0,0,0,1,117,118,0.764,125,314.154,126.134,0,0.764,0.764,0.764,0.764,,17.308,17.934,16.683,17.934,0.626,cpdA-fliC-,PaQa,1,1
Track_126,126,21,0,0,0,0,0,20,118,138,6.6789999999999985,126,191.817,11.306,0,0.888,2.835,0.435,0.774,0.53,16.673,19.731,13.387,17.11,1.926,cpdA-fliC-,PaQa,1,1
Track_127,127,36,0,0,0,0,0,35,118,153,16.265,127,106.737,277.717,0,1.388,2.684,0.25,1.399,0.596,15.408,19.148,5.214,16.367,3.024,cpdA-fliC-,PaQa,1,1
Track_128,128,5,0,0,0,0,0,4,118,122,2.886,128,146.744,183.477,0,0.8540000000000001,1.091,0.366,1.004,0.33,15.889,17.916,13.387,17.11,1.941,cpdA-fliC-,PaQa,1,1
Track_129,129,6,1,1,0,0,0,6,119,125,0.65,129,44.349,221.696,0,0.852,1.364,0.46,0.654,0.445,7.98,12.535,5.214,7.6960000000000015,3.162,cpdA-fliC-,PaQa,1,1
Track_130,130,19,0,0,0,0,0,18,121,139,10.213,130,247.086,160.377,0,0.8859999999999999,1.801,0.563,0.726,0.3720000000000001,15.459,18.162,9.525,16.033,2.261,cpdA-fliC-,PaQa,1,1
Track_131,131,59,2,2,0,0,0,61,123,184,17.424,131,155.671,193.311,0,0.915,3.083,0.201,0.8240000000000001,0.552,15.488,19.257,5.214,16.675,3.269,cpdA-fliC-,PaQa,1,1
Track_132,132,2,0,0,0,0,0,1,124,125,1.3,132,43.875,221.96400000000003,0,1.3,1.3,1.3,1.3,,5.214,5.214,5.214,5.214,0.0,cpdA-fliC-,PaQa,1,1
Track_133,133,2,0,0,0,0,0,1,124,125,1.3,133,43.886,221.986,0,1.3,1.3,1.3,1.3,,5.214,5.214,5.214,5.214,0.0,cpdA-fliC-,PaQa,1,1
Track_134,134,2,0,0,0,0,0,1,124,125,1.3,134,43.864,221.986,0,1.3,1.3,1.3,1.3,,5.214,5.214,5.214,5.214,0.0,cpdA-fliC-,PaQa,1,1
Track_135,135,9,0,0,0,0,0,8,128,136,4.845,135,329.47,205.43,0,1.056,2.141,0.0,1.1909999999999998,0.7979999999999999,13.897,18.947,7.6960000000000015,13.387,3.162,cpdA-fliC-,PaQa,1,1
Track_136,136,7,0,0,0,0,0,6,129,135,4.038,136,136.886,56.682,0,1.062,2.001,0.413,0.97,0.626,16.14,16.897000000000002,15.31,16.162,0.435,cpdA-fliC-,PaQa,1,1
Track_137,137,4,0,0,0,0,0,3,132,135,2.692,137,319.62,198.225,0,1.094,1.545,0.51,1.229,0.53,15.684,18.39,13.385,17.574,2.316,cpdA-fliC-,PaQa,1,1
Track_138,138,5,0,0,0,0,0,4,133,137,0.928,138,153.769,23.804,0,0.917,1.769,0.322,0.956,0.624,17.673,17.857,17.05,17.846,0.314,cpdA-fliC-,PaQa,1,1
Track_139,139,73,3,3,0,0,0,79,135,214,19.538,139,46.947,211.098,0,1.111,4.053,0.062,0.903,0.872,15.974,19.148,7.6960000000000015,16.973,2.496,cpdA-fliC-,PaQa,1,1
Track_140,140,7,0,0,0,0,0,6,136,142,4.88,140,324.238,201.487,0,0.943,2.133,0.343,0.945,0.635,17.397000000000002,18.351,15.189,17.652,0.971,cpdA-fliC-,PaQa,1,1
Track_141,141,5,1,3,0,0,0,7,137,144,7.15,141,332.15,206.44,0,1.056,1.3,0.65,1.3,0.311,9.88,11.358,7.692,11.3,1.785,cpdA-fliC-,PaQa,1,1
Track_142,142,7,1,1,0,0,0,7,137,144,0.691,142,325.7870000000001,277.704,0,1.01,1.254,0.65,1.123,0.271,17.327,18.078,16.713,17.546,0.4970000000000001,cpdA-fliC-,PaQa,1,1
Track_143,143,2,0,0,0,0,0,1,138,139,0.7609999999999999,143,155.94,58.237,0,0.7609999999999999,0.7609999999999999,0.7609999999999999,0.7609999999999999,,13.282,14.193,12.371,14.193,0.911,cpdA-fliC-,PaQa,1,1
Track_144,144,78,1,4,0,0,0,81,138,219,16.502,144,251.455,161.082,0,0.887,3.3560000000000003,4.618e-07,0.696,0.68,15.035,17.916,7.157,15.719,2.438,cpdA-fliC-,PaQa,1,1
Track_145,145,9,1,1,0,0,0,9,139,148,8.017000000000001,145,196.266,5.78,0,1.026,2.798,0.175,0.598,1.054,16.035999999999998,20.312,5.214,17.21,4.277,cpdA-fliC-,PaQa,1,1
Track_146,146,37,0,0,0,0,0,36,140,176,15.423,146,165.063,67.138,0,0.8809999999999999,2.296,0.00086,0.975,0.519,14.978,17.977,5.214,15.719,2.841,cpdA-fliC-,PaQa,1,1
Track_147,147,7,4,3,0,0,0,14,143,157,3.516,147,155.91299999999995,24.827,0,0.546,0.967,0.154,0.792,0.363,17.893,18.553,17.017,17.926,0.442,cpdA-fliC-,PaQa,1,1
Track_148,148,16,1,1,0,0,0,16,147,163,5.7570000000000014,148,322.6670000000001,280.957,0,0.609,1.289,0.252,0.476,0.319,17.105,18.087,15.469,17.339000000000002,0.677,cpdA-fliC-,PaQa,1,1
Track_149,149,2,0,0,0,0,0,1,149,150,0.919,149,252.194,158.58700000000005,0,0.919,0.919,0.919,0.919,,7.157,7.157,7.157,7.157,0.0,cpdA-fliC-,PaQa,1,1
Track_150,150,17,2,2,0,0,0,19,150,169,10.383,150,169.53,238.238,0,0.966,2.908,0.236,0.843,0.648,16.742,20.16,13.686,16.973,1.828,cpdA-fliC-,PaQa,1,1
Track_151,151,32,6,1,0,0,0,37,150,187,4.832,151,234.56,105.026,0,0.985,2.9,3.945000000000001e-07,0.894,0.65,14.57,18.24,5.214,16.033,3.756,cpdA-fliC-,PaQa,1,1
Track_152,152,5,1,2,0,0,0,6,150,156,1.3,152,238.673,104.6,0,1.228,2.523,0.618,1.06,0.884,10.504,16.899,5.214,9.525,4.121,cpdA-fliC-,PaQa,1,1
Track_153,153,36,0,0,0,0,0,35,150,185,12.112,153,211.977,7.246,0,0.768,3.4930000000000003,7.192e-08,0.642,0.701,16.985,19.257,5.214,17.916,2.914,cpdA-fliC-,PaQa,1,1
Track_154,154,3,0,0,0,0,0,2,153,155,0.336,154,136.832,51.133,0,0.168,0.314,0.022,0.314,0.207,6.041,7.6960000000000015,5.214,5.214,1.17,cpdA-fliC-,PaQa,1,1
Track_155,155,17,1,1,0,0,0,17,154,171,8.811,155,132.43200000000002,52.142,0,0.748,1.716,0.022,0.813,0.394,12.327,16.033,5.214,13.401,3.048,cpdA-fliC-,PaQa,1,1
Track_156,156,5,0,0,0,0,0,4,154,158,1.035,156,136.645,51.482,0,0.399,0.645,0.022,0.5379999999999999,0.272,9.35,13.836,5.214,8.997,3.784,cpdA-fliC-,PaQa,1,1
Track_157,157,17,0,0,0,0,0,16,154,170,5.409,157,103.841,287.168,0,1.219,2.769,0.244,1.105,0.629,16.708,18.214,13.814,16.973,1.234,cpdA-fliC-,PaQa,1,1
Track_158,158,13,4,2,0,0,0,17,157,174,11.637,158,173.80900000000003,240.371,0,0.907,2.061,0.377,0.883,0.43,16.494,20.16,13.686,17.084,2.0780000000000003,cpdA-fliC-,PaQa,1,1
Track_159,159,20,0,0,0,0,0,19,160,179,10.079,159,286.459,65.907,0,0.735,1.671,1.449e-07,0.598,0.491,18.006,19.749,13.387,18.214,1.364,cpdA-fliC-,PaQa,1,1
Track_160,160,2,0,0,0,0,0,1,161,162,1.3,160,74.415,125.764,0,1.3,1.3,1.3,1.3,,7.37,9.525,5.214,9.525,2.156,cpdA-fliC-,PaQa,1,1
Track_161,161,2,0,0,0,0,0,1,161,162,1.3,161,74.435,125.764,0,1.3,1.3,1.3,1.3,,7.37,9.525,5.214,9.525,2.156,cpdA-fliC-,PaQa,1,1
Track_162,162,6,3,3,0,0,0,11,164,175,4.435,162,157.549,25.297,0,0.598,0.77,0.421,0.579,0.13699999999999998,18.252,19.252,17.119,18.223,0.748,cpdA-fliC-,PaQa,1,1
Track_163,163,14,2,1,0,0,0,15,166,181,1.4480000000000002,163,322.379,286.841,0,0.608,0.947,0.057,0.621,0.26,17.6,20.155,15.677,17.555999999999994,0.934,cpdA-fliC-,PaQa,1,1
Track_164,164,2,0,0,0,0,0,1,166,167,1.366,164,72.833,125.477,0,1.366,1.366,1.366,1.366,,11.417,13.836,8.997,13.836,2.42,cpdA-fliC-,PaQa,1,1
Track_165,165,5,0,0,0,0,0,4,170,174,1.616,165,51.14100000000001,225.289,0,0.723,1.172,0.309,0.969,0.413,15.972,17.692,13.686,16.017,1.329,cpdA-fliC-,PaQa,1,1
Track_166,166,46,1,1,0,0,0,46,171,217,21.151,166,117.725,289.494,0,1.143,3.569,0.138,0.932,0.8,16.618,20.029,12.007,17.063,1.736,cpdA-fliC-,PaQa,1,1
Track_167,167,11,3,4,0,0,0,19,172,191,9.307,167,68.9,122.72,0,0.672,1.218,0.217,0.642,0.305,13.401,17.348,5.214,14.418,4.052,cpdA-fliC-,PaQa,1,1
Track_168,168,6,1,1,0,0,0,6,173,179,4.194,168,177.68900000000005,243.261,0,0.904,1.188,0.65,0.871,0.2,14.606,17.033,13.686,13.984000000000002,1.274,cpdA-fliC-,PaQa,1,1
Track_169,169,46,2,1,0,0,0,47,173,220,10.689,169,181.001,234.345,0,1.087,3.451,0.14,0.866,0.728,16.049,20.16,5.214,17.217,3.188,cpdA-fliC-,PaQa,1,1
Track_170,170,74,1,1,0,0,0,74,173,247,9.901,170,145.967,54.706,0,0.823,4.274,1.18e-07,0.733,0.633,12.082,16.899,5.214,13.187,3.382,cpdA-fliC-,PaQa,1,1
Track_171,171,34,1,1,0,0,0,34,173,207,21.46,171,158.984,81.883,0,1.062,3.971,0.128,1.011,0.659,14.005,18.162,5.214,15.017,2.948,cpdA-fliC-,PaQa,1,1
Track_172,172,3,0,0,0,0,0,2,174,176,1.275,172,249.929,162.168,0,0.638,0.65,0.625,0.65,0.017,10.633,12.371,7.157,12.371,2.458,cpdA-fliC-,PaQa,1,1
Track_173,173,4,1,2,0,0,0,5,175,180,3.659,173,248.433,162.154,0,0.765,0.963,0.65,0.682,0.172,12.853,15.316,11.355,12.371,1.481,cpdA-fliC-,PaQa,1,1
Track_174,174,4,1,2,0,0,0,5,175,180,5.995,174,68.814,122.687,0,1.4780000000000002,3.009,0.633,0.79,1.329,12.201,16.515,5.214,13.686,4.214,cpdA-fliC-,PaQa,1,1
Track_175,175,5,0,0,0,0,0,4,175,179,2.799,175,248.466,161.963,0,0.733,0.963,0.594,0.727,0.163,14.201,18.162,11.355,12.371,2.72,cpdA-fliC-,PaQa,1,1
Track_176,176,2,0,0,0,0,0,1,175,176,0.628,176,156.0,72.475,0,0.628,0.628,0.628,0.628,,5.214,5.214,5.214,5.214,0.0,cpdA-fliC-,PaQa,1,1
Track_177,177,2,0,0,0,0,0,1,175,176,0.65,177,155.989,72.464,0,0.65,0.65,0.65,0.65,,5.214,5.214,5.214,5.214,0.0,cpdA-fliC-,PaQa,1,1
Track_178,178,16,7,2,0,0,0,25,178,203,5.359,178,161.906,22.473000000000006,0,0.908,1.94,0.105,0.958,0.674,17.352,19.419,15.688,17.686,0.952,cpdA-fliC-,PaQa,1,1
Track_179,179,25,1,1,0,0,0,25,179,204,6.466,179,66.017,228.586,0,0.92,3.34,0.325,0.695,0.657,13.673,18.782,7.6960000000000015,13.686,2.7910000000000004,cpdA-fliC-,PaQa,1,1
Track_180,180,17,3,4,0,0,0,23,182,205,4.319,180,215.941,8.953,0,1.061,2.638,0.017,1.075,0.628,11.682,18.94,5.15,12.371,4.392,cpdA-fliC-,PaQa,1,1
Track_181,181,11,1,1,0,0,0,11,182,193,8.132,181,237.955,107.363,0,1.151,2.406,0.105,1.132,0.71,15.156,18.24,5.214,16.033,3.5380000000000003,cpdA-fliC-,PaQa,1,1
Track_182,182,3,0,0,0,0,0,2,183,185,0.248,182,322.052,283.105,0,0.358,0.472,0.243,0.472,0.162,17.127,17.511,16.685,17.185,0.34,cpdA-fliC-,PaQa,1,1
Track_183,183,59,2,1,0,0,0,60,183,243,15.117,183,307.744,74.708,0,1.034,4.287,0.121,0.911,0.779,17.067999999999998,20.074,5.692,17.274,2.128,cpdA-fliC-,PaQa,1,1
Track_184,184,37,0,0,0,0,0,36,184,220,17.067,184,266.237,176.82,0,1.194,3.552,0.282,1.208,0.731,17.349,19.555,13.187,17.538,1.394,cpdA-fliC-,PaQa,1,1
Track_185,185,3,0,0,0,0,0,2,184,186,2.056,185,161.308,80.384,0,1.052,1.453,0.65,1.453,0.568,12.883,16.899,7.6960000000000015,14.054,3.847,cpdA-fliC-,PaQa,1,1
Track_186,186,17,0,0,0,0,0,16,185,201,4.062,186,157.796,195.537,0,1.251,2.339,0.239,1.136,0.588,16.237000000000002,18.352,7.6960000000000015,17.11,2.545,cpdA-fliC-,PaQa,1,1
Track_187,187,7,1,1,0,0,0,7,189,196,7.338999999999999,187,327.306,290.586,0,1.379,2.416,0.601,1.176,0.765,16.918,18.685,15.726,16.805,0.838,cpdA-fliC-,PaQa,1,1
Track_188,188,3,0,0,0,0,0,2,190,192,0.6709999999999999,188,160.47299999999996,81.904,0,0.499,0.542,0.456,0.542,0.061,14.534,16.28,12.007,15.316,1.83,cpdA-fliC-,PaQa,1,1
Track_189,189,80,6,5,0,0,0,89,194,283,22.433000000000003,189,252.922,112.221,0,1.03,4.1,0.0008343999999999999,0.939,0.6779999999999999,15.472,18.782,5.214,16.033,2.495,cpdA-fliC-,PaQa,1,1
Track_190,190,19,0,0,0,0,0,18,195,213,13.647,190,60.131,118.968,0,1.067,2.249,0.35700000000000004,0.968,0.512,15.291,19.08,7.6960000000000015,16.351,2.551,cpdA-fliC-,PaQa,1,1
Track_191,191,8,0,0,0,0,0,7,197,204,3.9,191,332.106,297.011,0,0.7609999999999999,1.95,0.0,0.65,0.677,14.409,18.23,7.6960000000000015,16.069000000000006,3.47,cpdA-fliC-,PaQa,1,1
Track_192,192,9,2,1,0,0,0,10,197,207,8.287,192,251.511,113.018,0,0.996,2.5540000000000003,5.539e-07,1.233,0.805,15.595999999999998,16.899,12.371,15.719,1.266,cpdA-fliC-,PaQa,1,1
Track_193,193,2,0,0,0,0,0,1,202,203,0.266,193,161.808,195.591,0,0.266,0.266,0.266,0.266,,17.342,18.352,16.333,18.352,1.009,cpdA-fliC-,PaQa,1,1
Track_194,194,34,3,1,0,0,0,36,203,239,9.528,194,213.384,4.0139999999999985,0,1.008,2.716,0.0,0.969,0.682,13.202,25.94,5.15,14.193,5.398,cpdA-fliC-,PaQa,1,1
Track_195,195,59,5,3,0,0,0,66,204,270,0.334,195,142.49200000000005,229.686,0,0.057,0.241,9.036e-09,4.545000000000001e-07,0.093,13.415,15.316,12.007,13.836,0.884,cpdA-fliC-,PaQa,1,1
Track_196,196,2,0,0,0,0,0,1,204,205,0.023,196,142.683,229.775,0,0.023,0.023,0.023,0.023,,12.371,12.371,12.371,12.371,0.0,cpdA-fliC-,PaQa,1,1
Track_197,197,4,1,3,0,0,0,6,204,210,0.313,197,142.671,229.607,0,0.104,0.313,0.0,7.607e-08,0.181,11.863,12.371,11.355,12.371,0.508,cpdA-fliC-,PaQa,1,1
Track_198,198,18,1,4,0,0,0,21,205,226,0.937,198,76.306,232.043,0,1.112,3.655,0.299,0.986,0.813,14.05,18.24,5.214,15.017,3.715,cpdA-fliC-,PaQa,1,1
Track_199,199,3,0,0,0,0,0,2,205,207,2.341,199,149.17600000000004,52.0,0,1.461,1.894,1.028,1.894,0.612,13.792,15.316,12.007,14.054,1.364,cpdA-fliC-,PaQa,1,1
Track_200,200,3,0,0,0,0,0,2,205,207,3.341,200,170.495,197.052,0,1.724,2.361,1.088,2.361,0.901,13.897,16.785999999999998,10.178,14.728,2.761,cpdA-fliC-,PaQa,1,1
Track_201,201,6,0,0,0,0,0,5,209,214,2.906,201,181.988,91.862,0,0.617,1.251,0.209,0.65,0.4270000000000001,15.38,16.497,14.702,15.017,0.649,cpdA-fliC-,PaQa,1,1
Track_202,202,2,0,0,0,0,0,1,209,210,1.873,202,166.62099999999995,25.827,0,1.873,1.873,1.873,1.873,,17.81,17.857,17.762999999999995,17.857,0.047,cpdA-fliC-,PaQa,1,1
Track_203,203,3,0,0,0,0,0,2,213,215,0.904,203,149.612,52.964,0,1.052,1.453,0.65,1.453,0.568,5.214,5.214,5.214,5.214,0.0,cpdA-fliC-,PaQa,1,1
Track_204,204,3,0,0,0,0,0,2,213,215,0.919,204,149.619,52.986,0,1.052,1.453,0.65,1.453,0.568,5.214,5.214,5.214,5.214,0.0,cpdA-fliC-,PaQa,1,1
Track_205,205,4,1,1,0,0,0,4,213,217,1.644,205,149.248,53.06399999999999,0,0.928,1.453,0.65,0.682,0.455,6.75,11.358,5.214,5.214,2.66,cpdA-fliC-,PaQa,1,1
Track_206,206,32,0,0,0,0,0,31,214,245,15.454,206,166.59099999999995,203.051,0,1.187,3.233,0.243,1.02,0.691,15.027,19.257,7.6960000000000015,16.033,3.2310000000000003,cpdA-fliC-,PaQa,1,1
Track_207,207,2,0,0,0,0,0,1,214,215,1.653,207,165.40099999999995,25.517,0,1.653,1.653,1.653,1.653,,17.758,17.994,17.521,17.994,0.237,cpdA-fliC-,PaQa,1,1
Track_208,208,3,0,0,0,0,0,2,214,216,1.5519999999999998,208,165.99599999999995,26.788,0,0.7759999999999999,1.479,0.073,1.479,0.994,17.739,19.14,16.082,17.994,1.261,cpdA-fliC-,PaQa,1,1
Track_209,209,6,0,0,0,0,0,5,215,220,4.218,209,81.03399999999998,210.984,0,1.279,2.102,0.21600000000000005,1.614,0.8059999999999999,13.385,16.03,11.355,13.686,1.751,cpdA-fliC-,PaQa,1,1
Track_210,210,7,3,1,0,0,0,9,216,225,1.888,210,196.885,87.439,0,1.237,2.148,0.585,1.25,0.569,12.546,16.899,5.214,13.187,3.467,cpdA-fliC-,PaQa,1,1
Track_211,211,47,2,8,0,0,0,56,218,274,16.572,211,75.327,202.705,0,0.903,3.147,0.172,0.8140000000000001,0.5479999999999999,16.006,20.16,8.997,16.336,2.053,cpdA-fliC-,PaQa,1,1
Track_212,212,10,0,0,0,0,0,9,219,228,5.155,212,143.779,291.117,0,1.022,2.959,0.194,0.858,0.774,17.522000000000002,19.683,16.305,17.348,0.939,cpdA-fliC-,PaQa,1,1
Track_213,213,3,0,0,0,0,0,2,220,222,1.733,213,261.953,166.696,0,0.989,1.455,0.524,1.455,0.6579999999999999,15.45,16.182000000000002,14.853,15.316,0.551,cpdA-fliC-,PaQa,1,1
Track_214,214,2,0,0,0,0,0,1,221,222,1.452,214,261.95,167.053,0,1.452,1.452,1.452,1.452,,15.084,15.316,14.853,15.316,0.232,cpdA-fliC-,PaQa,1,1
Track_215,215,12,0,0,0,0,0,11,221,232,6.0939999999999985,215,270.327,180.645,0,1.085,1.975,0.349,0.967,0.501,16.534000000000002,19.208,12.371,17.23,2.063,cpdA-fliC-,PaQa,1,1
Track_216,216,14,1,1,0,0,0,14,223,237,12.317,216,270.108,167.78799999999995,0,1.399,4.92,0.362,0.931,1.272,15.629,18.162,11.355,16.796,2.236,cpdA-fliC-,PaQa,1,1
Track_217,217,10,4,3,0,0,0,16,224,240,3.95,217,183.957,232.492,0,0.8390000000000001,1.886,0.325,0.792,0.506,9.45,15.869000000000002,5.214,7.6960000000000015,3.532,cpdA-fliC-,PaQa,1,1
Track_218,218,5,1,1,0,0,0,5,225,230,4.3580000000000005,218,212.538,5.903,0,1.055,2.177,0.383,1.015,0.792,10.39,15.316,5.214,12.371,4.328,cpdA-fliC-,PaQa,1,1
Track_219,219,4,0,0,0,0,0,3,225,228,0.278,219,169.90599999999995,30.806,0,1.395,1.853,1.074,1.259,0.407,18.053,19.509,16.834,18.175,0.968,cpdA-fliC-,PaQa,1,1
Track_220,220,2,0,0,0,0,0,1,226,227,0.725,220,202.965,89.051,0,0.725,0.725,0.725,0.725,,15.705,16.094,15.316,16.094,0.389,cpdA-fliC-,PaQa,1,1
Track_221,221,3,1,2,0,0,0,4,227,231,2.067,221,244.404,109.853,0,0.574,0.6890000000000001,0.46,0.6890000000000001,0.162,10.474,12.371,7.6960000000000015,11.355,2.008,cpdA-fliC-,PaQa,1,1
Track_222,222,2,0,0,0,0,0,1,228,229,1.62,222,168.03099999999995,204.907,0,1.62,1.62,1.62,1.62,,13.844,15.316,12.371,15.316,1.473,cpdA-fliC-,PaQa,1,1
Track_223,223,57,0,0,0,0,0,56,228,284,9.468,223,208.222,91.691,0,0.8959999999999999,2.795,0.113,0.86,0.525,14.448,17.765,7.157,14.702,2.455,cpdA-fliC-,PaQa,1,1
Track_224,224,19,1,1,0,0,0,19,229,248,1.95,224,332.083,301.221,0,0.7120000000000001,1.4580000000000002,0.0,0.65,0.5589999999999999,16.997,23.135,7.6960000000000015,18.077,3.987,cpdA-fliC-,PaQa,1,1
Track_225,225,41,0,0,0,0,0,40,230,270,9.138,225,178.3,286.548,0,1.262,3.013,0.229,1.189,0.72,17.201,19.683,12.007,17.23,1.521,cpdA-fliC-,PaQa,1,1
Track_226,226,16,1,2,0,0,0,17,231,248,7.001,226,75.237,232.668,0,1.204,2.669,0.265,1.288,0.6809999999999999,12.273,17.574,5.214,13.387,4.19,cpdA-fliC-,PaQa,1,1
Track_227,227,12,6,3,0,0,0,21,231,252,8.83,227,178.105,32.629,0,0.753,1.372,0.244,0.779,0.374,18.038,19.268,17.153,17.926,0.662,cpdA-fliC-,PaQa,1,1
Track_228,228,6,0,0,0,0,0,5,233,238,3.704,228,275.445,179.329,0,1.51,3.088,0.354,1.154,1.118,15.834,20.248,5.214,17.889,4.931,cpdA-fliC-,PaQa,1,1
Track_229,229,2,0,0,0,0,0,1,235,236,1.38,229,163.313,206.862,0,1.38,1.38,1.38,1.38,,9.851,12.007,7.6960000000000015,12.007,2.156,cpdA-fliC-,PaQa,1,1
Track_230,230,3,0,0,0,0,0,2,235,237,1.636,230,208.982,10.183,0,0.818,1.614,0.022,1.614,1.126,7.261,11.355,5.214,5.214,2.895,cpdA-fliC-,PaQa,1,1
Track_231,231,20,1,1,0,0,0,20,235,255,5.88,231,51.499,106.541,0,1.029,2.081,0.28600000000000003,0.972,0.537,14.885,20.16,9.525,15.719,3.24,cpdA-fliC-,PaQa,1,1
Track_232,232,6,3,6,0,0,0,14,236,250,0.805,232,208.16,10.852,0,0.416,1.164,0.022,0.293,0.4370000000000001,7.756,14.853,5.214,5.214,3.778,cpdA-fliC-,PaQa,1,1
Track_233,233,31,0,0,0,0,0,30,238,268,18.35,233,288.72,173.97400000000005,0,0.902,3.357,0.114,0.757,0.7170000000000001,15.964,18.537,12.007,16.28,1.462,cpdA-fliC-,PaQa,1,1
Track_234,234,4,1,3,0,0,0,6,244,250,3.25,234,332.15,192.563,0,0.433,0.65,0.0,0.65,0.375,10.473,13.933,5.692,13.644,3.475,cpdA-fliC-,PaQa,1,1
Track_235,235,5,0,0,0,0,0,4,244,248,6.032,235,325.6,74.738,0,1.578,2.461,1.011,1.619,0.6409999999999999,13.19,19.257,5.214,13.387,4.825,cpdA-fliC-,PaQa,1,1
Track_236,236,30,2,1,0,0,0,31,246,277,7.068,236,160.25799999999995,214.232,0,1.119,3.266,0.08,0.969,0.62,15.236,19.257,5.214,16.017,3.463,cpdA-fliC-,PaQa,1,1
Track_237,237,34,0,0,0,0,0,33,248,281,16.553,237,159.986,64.381,0,0.925,2.813,1.821e-08,0.8759999999999999,0.616,12.296,16.899,5.214,12.007,3.52,cpdA-fliC-,PaQa,1,1
Track_238,238,18,0,0,0,0,0,17,249,266,8.125,238,190.767,236.943,0,1.052,3.045,0.14300000000000002,0.8059999999999999,0.8740000000000001,15.112,20.029,5.214,16.515,3.94,cpdA-fliC-,PaQa,1,1
Track_239,239,27,0,0,0,0,0,26,249,275,3.86,239,78.65,227.634,0,1.265,3.285,0.175,1.197,0.7959999999999999,15.597,19.731,7.6960000000000015,16.033,3.137,cpdA-fliC-,PaQa,1,1
Track_240,240,8,1,3,0,0,0,10,250,260,1.025,240,326.86,76.506,0,0.574,0.909,4.7830000000000005e-08,0.6509999999999999,0.301,11.496,16.155,7.6960000000000015,12.307,3.05,cpdA-fliC-,PaQa,1,1
Track_241,241,9,3,2,0,0,0,12,250,262,0.599,241,326.6040000000001,76.48100000000002,0,0.441,0.905,5.16e-10,0.4970000000000001,0.32299999999999995,11.648,15.316,7.6960000000000015,12.307,2.8280000000000003,cpdA-fliC-,PaQa,1,1
Track_242,242,11,1,1,0,0,0,11,253,264,5.521,242,50.081,105.941,0,0.716,1.5590000000000002,0.16399999999999998,0.775,0.456,17.625999999999994,20.16,13.686,18.027,1.533,cpdA-fliC-,PaQa,1,1
Track_243,243,9,0,0,0,0,0,8,255,263,3.61,243,206.618,12.13,0,0.759,1.279,0.26,0.95,0.3670000000000001,16.172,19.08,12.371,15.883,1.924,cpdA-fliC-,PaQa,1,1
Track_244,244,7,0,0,0,0,0,6,257,263,0.65,244,332.006,307.462,0,0.578,1.3,0.0,1.011,0.64,14.848,20.062,7.6960000000000015,15.198,3.4730000000000003,cpdA-fliC-,PaQa,1,1
Track_245,245,53,3,2,0,0,0,56,257,313,11.336,245,276.004,178.435,0,1.153,2.64,0.191,1.003,0.59,14.188,20.418,5.214,15.669,4.187,cpdA-fliC-,PaQa,1,1
Track_246,246,6,0,0,0,0,0,5,258,263,1.6909999999999998,246,180.749,32.172,0,0.737,2.45,0.104,0.242,0.979,18.131,18.223,17.989,18.13,0.077,cpdA-fliC-,PaQa,1,1
Track_247,247,113,7,3,0,0,0,121,258,379,0.462,247,142.112,229.577,0,0.08800000000000001,0.505,0.0,0.08199999999999999,0.114,14.53,15.316,11.343,15.316,0.971,cpdA-fliC-,PaQa,1,1
Track_248,248,53,5,4,0,0,0,62,263,325,20.539,248,319.334,81.324,0,0.765,2.939,0.0,0.65,0.487,15.94,20.062,5.214,16.899,3.277,cpdA-fliC-,PaQa,1,1
Track_249,249,55,8,2,0,0,0,64,263,327,16.772000000000002,249,318.5540000000001,302.527,0,1.0659999999999998,2.65,0.252,0.908,0.6,16.049,18.087,7.6960000000000015,16.863,2.185,cpdA-fliC-,PaQa,1,1
Track_250,250,2,0,0,0,0,0,1,264,265,0.905,250,325.011,190.449,0,0.905,0.905,0.905,0.905,,7.37,9.525,5.214,9.525,2.156,cpdA-fliC-,PaQa,1,1
Track_251,251,3,1,1,0,0,0,3,264,267,1.61,251,324.559,190.125,0,0.888,0.904,0.872,0.904,0.023,7.478,9.525,5.214,7.6960000000000015,1.767,cpdA-fliC-,PaQa,1,1
Track_252,252,4,0,0,0,0,0,3,265,268,2.5860000000000003,252,222.956,11.993,0,0.8859999999999999,1.29,0.113,1.256,0.67,16.3,17.765,14.054,17.05,1.393,cpdA-fliC-,PaQa,1,1
Track_253,253,11,0,0,0,0,0,10,265,275,10.53,253,56.682,103.612,0,1.5019999999999998,2.759,0.835,1.259,0.617,14.945,18.352,11.343,15.316,2.225,cpdA-fliC-,PaQa,1,1
Track_254,254,115,2,1,0,0,0,116,267,383,27.272,254,81.14699999999998,202.893,0,1.042,4.598,8.527e-14,0.918,0.73,16.798,20.16,11.355,17.084,1.585,cpdA-fliC-,PaQa,1,1
Track_255,255,13,0,0,0,0,0,12,270,282,7.292000000000002,255,228.537,18.508,0,0.856,2.161,9.419e-08,0.6579999999999999,0.614,16.077,20.116,5.214,17.199,3.823,cpdA-fliC-,PaQa,1,1
Track_256,256,2,0,0,0,0,0,1,271,272,3.2430000000000007e-08,256,192.086,242.136,0,3.2430000000000007e-08,3.2430000000000007e-08,3.2430000000000007e-08,3.2430000000000007e-08,,5.214,5.214,5.214,5.214,0.0,cpdA-fliC-,PaQa,1,1
Track_257,257,2,0,0,0,0,0,1,271,272,3.2430000000000007e-08,257,192.064,242.114,0,3.2430000000000007e-08,3.2430000000000007e-08,3.2430000000000007e-08,3.2430000000000007e-08,,5.214,5.214,5.214,5.214,0.0,cpdA-fliC-,PaQa,1,1
Track_258,258,20,0,0,0,0,0,19,271,290,19.699,258,184.025,297.637,0,1.5659999999999998,4.26,0.275,1.4340000000000002,1.075,17.430999999999994,18.871,15.947,17.371,0.8959999999999999,cpdA-fliC-,PaQa,1,1
Track_259,259,5,0,0,0,0,0,4,271,275,2.805,259,180.605,30.131,0,1.219,2.784,0.64,0.759,1.044,17.664,18.406,16.887999999999998,17.845,0.518,cpdA-fliC-,PaQa,1,1
Track_260,260,2,0,0,0,0,0,1,271,272,0.0,260,192.064,242.136,0,0.0,0.0,0.0,0.0,,5.214,5.214,5.214,5.214,0.0,cpdA-fliC-,PaQa,1,1
Track_261,261,75,0,0,0,0,0,74,271,345,39.446,261,211.323,253.142,0,1.306,4.44,0.0,1.164,0.883,15.833,20.029,5.214,16.534000000000002,2.968,cpdA-fliC-,PaQa,1,1
Track_262,262,36,0,0,0,0,0,35,276,311,9.221,262,327.577,187.291,0,1.002,3.897,0.0,0.65,1.046,17.465999999999998,26.311,13.463,17.569000000000006,2.408,cpdA-fliC-,PaQa,1,1
Track_263,263,7,1,1,0,0,0,7,277,284,2.47,263,80.70100000000002,227.89,0,1.28,3.597,0.053,1.3,1.239,13.839,16.182000000000002,11.358,14.702,1.937,cpdA-fliC-,PaQa,1,1
Track_264,264,6,0,0,0,0,0,5,277,282,1.598,264,53.299,100.162,0,1.007,1.878,0.626,0.899,0.501,15.02,17.976,8.997,17.348,3.503,cpdA-fliC-,PaQa,1,1
Track_265,265,13,4,1,0,0,0,16,278,294,7.654,265,182.209,28.324,0,1.275,4.567,0.336,1.082,1.176,17.844,19.14,16.647000000000002,17.797,0.633,cpdA-fliC-,PaQa,1,1
Track_266,266,8,0,0,0,0,0,7,278,285,5.681,266,191.573,217.269,0,1.533,3.621,0.258,1.222,1.121,15.424,18.027,12.007,15.869000000000002,1.584,cpdA-fliC-,PaQa,1,1
Track_267,267,11,0,0,0,0,0,10,282,292,7.615,267,171.17,74.024,0,0.988,1.556,0.021,1.134,0.423,13.068,16.497,5.214,14.702,3.156,cpdA-fliC-,PaQa,1,1
Track_268,268,21,0,0,0,0,0,20,283,303,9.465,268,296.018,174.07,0,0.8059999999999999,1.719,0.139,0.855,0.443,15.317,18.162,7.157,15.719,2.264,cpdA-fliC-,PaQa,1,1
Track_269,269,23,1,1,0,0,0,23,283,306,11.115,269,58.181,95.872,0,0.816,2.23,1.89e-07,0.765,0.586,16.44,18.75,5.214,17.009,2.78,cpdA-fliC-,PaQa,1,1
Track_270,270,4,1,2,0,0,0,5,285,290,3.862,270,271.507,110.378,0,1.084,1.672,0.684,0.8959999999999999,0.52,11.835,16.28,7.6960000000000015,13.187,3.22,cpdA-fliC-,PaQa,1,1
Track_271,271,9,0,0,0,0,0,8,286,294,5.941,271,233.268,92.018,0,1.057,3.017,0.006999999999999999,1.057,1.107,15.533,16.796,13.836,15.316,0.898,cpdA-fliC-,PaQa,1,1
Track_272,272,7,0,0,0,0,0,6,289,295,3.108,272,314.349,238.785,0,0.987,1.6269999999999998,0.462,0.7829999999999999,0.485,16.937,19.257,14.728,17.033,1.289,cpdA-fliC-,PaQa,1,1
Track_273,273,2,0,0,0,0,0,1,290,291,0.461,273,321.911,185.413,0,0.461,0.461,0.461,0.461,,15.076,16.167,13.984000000000002,16.167,1.092,cpdA-fliC-,PaQa,1,1
Track_274,274,30,4,4,0,0,0,39,291,330,8.146,274,227.533,22.029,0,1.022,2.225,0.14400000000000002,0.897,0.523,13.398,18.782,5.214,13.836,3.781,cpdA-fliC-,PaQa,1,1
Track_275,275,33,0,0,0,0,0,32,291,323,7.075,275,166.05,80.42399999999998,0,0.852,2.314,3.342e-07,0.899,0.5589999999999999,13.953,16.899,5.214,14.702,2.523,cpdA-fliC-,PaQa,1,1
Track_276,276,2,0,0,0,0,0,1,291,292,1.229,276,195.217,303.881,0,1.229,1.229,1.229,1.229,,16.386,17.338,15.434,17.338,0.952,cpdA-fliC-,PaQa,1,1
Track_277,277,11,3,1,0,0,0,13,291,304,4.623,277,312.683,82.42,0,0.634,0.961,0.251,0.648,0.201,15.139,19.257,8.357999999999999,16.899,3.143,cpdA-fliC-,PaQa,1,1
Track_278,278,2,0,0,0,0,0,1,293,294,1.619,278,227.819,23.242,0,1.619,1.619,1.619,1.619,,10.948,12.371,9.525,12.371,1.423,cpdA-fliC-,PaQa,1,1
Track_279,279,17,1,2,0,0,0,18,293,311,5.046,279,203.321,302.996,0,1.04,2.273,0.412,1.065,0.479,16.71,20.288,13.814,16.863,1.693,cpdA-fliC-,PaQa,1,1
Track_280,280,31,1,1,0,0,0,31,293,324,9.801,280,239.073,88.411,0,1.344,3.992,0.006999999999999999,1.145,1.031,13.488,16.899,5.214,14.702,3.097,cpdA-fliC-,PaQa,1,1
Track_281,281,15,2,1,0,0,0,16,295,311,3.811,281,272.89,112.964,0,0.973,2.4730000000000003,0.142,0.958,0.731,13.927,16.899,5.214,14.853,3.281,cpdA-fliC-,PaQa,1,1
Track_282,282,3,0,0,0,0,0,2,296,298,0.301,282,58.749,94.003,0,0.166,0.315,0.016,0.315,0.211,16.798,18.682,13.686,18.027,2.217,cpdA-fliC-,PaQa,1,1
Track_283,283,2,0,0,0,0,0,1,298,299,1.71,283,188.715,31.488000000000003,0,1.71,1.71,1.71,1.71,,17.21,17.319000000000006,17.102,17.319000000000006,0.108,cpdA-fliC-,PaQa,1,1
Track_284,284,6,1,3,0,0,0,8,299,307,3.405,284,328.788,242.07,0,1.331,2.684,0.316,1.0,1.112,13.863,18.247,6.721,16.149,4.074,cpdA-fliC-,PaQa,1,1
Track_285,285,2,0,0,0,0,0,1,303,304,1.17,285,202.329,302.251,0,1.17,1.17,1.17,1.17,,15.11,16.406,13.814,16.406,1.296,cpdA-fliC-,PaQa,1,1
Track_286,286,3,0,0,0,0,0,2,304,306,1.038,286,302.128,167.87,0,1.293,1.784,0.8009999999999999,1.784,0.695,14.264,17.765,12.371,12.656,2.478,cpdA-fliC-,PaQa,1,1
Track_287,287,8,0,0,0,0,0,7,307,314,1.983,287,308.0370000000001,169.32,0,0.5770000000000001,1.341,0.096,0.463,0.451,16.545,17.765,15.316,16.899,0.887,cpdA-fliC-,PaQa,1,1
Track_288,288,4,1,2,0,0,0,5,308,313,4.392,288,187.898,36.895,0,0.998,1.27,0.471,1.253,0.457,17.678,18.223,17.119,17.857,0.409,cpdA-fliC-,PaQa,1,1
Track_289,289,2,0,0,0,0,0,1,308,309,1.339,289,308.418,169.518,0,1.339,1.339,1.339,1.339,,15.607,15.897,15.316,15.897,0.29100000000000004,cpdA-fliC-,PaQa,1,1
Track_290,290,3,0,0,0,0,0,2,310,312,2.6010000000000004,290,268.345,179.722,0,1.459,1.473,1.445,1.473,0.02,6.651,9.525,5.214,5.214,2.032,cpdA-fliC-,PaQa,1,1
Track_291,291,3,0,0,0,0,0,2,311,313,1.175,291,268.223,179.50799999999995,0,1.699,1.964,1.4340000000000002,1.964,0.375,6.089,7.8370000000000015,5.214,5.214,1.237,cpdA-fliC-,PaQa,1,1
Track_292,292,3,0,0,0,0,0,2,311,313,1.336,292,331.311,244.45,0,1.961,2.141,1.781,2.141,0.255,13.764,18.05,7.6960000000000015,15.546,4.4110000000000005,cpdA-fliC-,PaQa,1,1
Track_293,293,2,0,0,0,0,0,1,311,312,1.463,293,268.45,179.06400000000005,0,1.463,1.463,1.463,1.463,,5.214,5.214,5.214,5.214,0.0,cpdA-fliC-,PaQa,1,1
Track_294,294,10,1,9,0,0,0,18,312,330,3.562,294,56.302,94.629,0,1.055,2.102,0.314,0.887,0.614,13.871,18.352,5.214,16.033,4.212,cpdA-fliC-,PaQa,1,1
Track_295,295,35,4,4,0,0,0,42,313,355,8.291,295,286.065,117.254,0,0.997,2.222,0.214,0.974,0.471,14.563,18.782,5.214,15.316,3.422,cpdA-fliC-,PaQa,1,1
Track_296,296,3,0,0,0,0,0,2,313,315,0.86,296,256.086,308.165,0,0.966,1.019,0.913,1.019,0.075,12.57,16.465999999999998,5.214,16.03,5.204,cpdA-fliC-,PaQa,1,1
Track_297,297,3,0,0,0,0,0,2,314,316,1.781,297,59.288,92.655,0,1.103,1.5830000000000002,0.623,1.5830000000000002,0.679,15.31,17.217,13.686,15.026,1.455,cpdA-fliC-,PaQa,1,1
Track_298,298,8,3,4,0,0,0,15,315,330,4.12,298,194.907,35.797,0,1.093,1.999,0.361,1.222,0.59,17.651,18.317,16.659000000000002,17.857,0.565,cpdA-fliC-,PaQa,1,1
Track_299,299,8,0,0,0,0,0,7,315,322,5.232,299,314.648,167.42,0,0.922,1.41,0.229,0.971,0.48,14.41,17.274,5.214,16.796,3.908,cpdA-fliC-,PaQa,1,1
Track_300,300,54,1,1,0,0,0,54,317,371,39.12,300,282.07,297.331,0,1.3030000000000002,4.472,0.031,1.125,0.985,16.714000000000002,20.458,5.214,17.476,2.674,cpdA-fliC-,PaQa,1,1
Track_301,301,11,3,5,0,0,0,17,319,336,1.933,301,316.192,166.012,0,0.657,1.304,0.197,0.65,0.377,11.497,17.199,5.214,12.371,4.492,cpdA-fliC-,PaQa,1,1
Track_302,302,3,0,0,0,0,0,2,323,325,2.7230000000000003,302,265.482,182.893,0,1.652,2.347,0.958,2.347,0.982,18.267,19.105,16.68,19.017,1.123,cpdA-fliC-,PaQa,1,1
Track_303,303,21,3,2,0,0,0,25,324,349,3.901,303,177.54,77.271,0,0.738,1.6569999999999998,3.496e-07,0.653,0.471,9.993,16.899,5.214,9.525,4.142,cpdA-fliC-,PaQa,1,1
Track_304,304,33,6,2,0,0,0,39,326,365,14.751,304,253.083,94.221,0,0.893,2.084,0.258,0.931,0.4320000000000001,11.227,17.274,5.214,12.007,4.11,cpdA-fliC-,PaQa,1,1
Track_305,305,14,3,5,0,0,0,21,327,348,13.573,305,304.803,183.416,0,0.923,1.829,0.086,0.762,0.504,17.712,19.555,15.566,18.069000000000006,1.161,cpdA-fliC-,PaQa,1,1
Track_306,306,29,5,3,0,0,0,36,329,365,21.669,306,299.983,176.924,0,1.052,2.095,0.274,1.07,0.49,13.858,19.555,5.214,15.666,4.93,cpdA-fliC-,PaQa,1,1
Track_307,307,14,2,2,0,0,0,16,329,345,6.657,307,314.166,303.9240000000001,0,0.813,1.528,0.207,0.777,0.399,17.31,18.393,15.895,17.497,0.69,cpdA-fliC-,PaQa,1,1
Track_308,308,9,3,2,0,0,0,13,329,342,6.91,308,52.356,91.339,0,0.706,1.158,0.21600000000000005,0.785,0.338,10.589,15.017,5.214,11.355,3.687,cpdA-fliC-,PaQa,1,1
Track_309,309,76,2,2,0,0,0,78,330,408,6.917999999999998,309,315.426,85.243,0,0.978,3.25,0.122,0.858,0.635,16.33,19.731,5.214,17.217,3.1260000000000003,cpdA-fliC-,PaQa,1,1
Track_310,310,5,0,0,0,0,0,4,331,335,0.935,310,312.661,88.164,0,0.737,0.78,0.7120000000000001,0.7290000000000001,0.03,8.533999999999999,13.187,5.214,7.6960000000000015,3.237,cpdA-fliC-,PaQa,1,1
Track_311,311,13,2,4,0,0,0,18,332,350,2.66,311,226.674,14.734000000000002,0,0.7809999999999999,1.557,0.235,0.92,0.444,13.427,18.754,5.214,14.702,3.3760000000000003,cpdA-fliC-,PaQa,1,1
Track_312,312,10,4,2,0,0,0,16,333,349,2.5780000000000003,312,178.236,76.113,0,0.431,0.918,0.0,0.434,0.29,6.5070000000000014,9.525,5.214,5.214,1.976,cpdA-fliC-,PaQa,1,1
Track_313,313,2,0,0,0,0,0,1,333,334,0.919,313,177.43900000000005,75.41,0,0.919,0.919,0.919,0.919,,7.37,9.525,5.214,9.525,2.156,cpdA-fliC-,PaQa,1,1
Track_314,314,3,0,0,0,0,0,2,334,336,0.319,314,288.596,114.722,0,0.484,0.643,0.324,0.643,0.226,14.439,16.094,12.371,14.853,1.548,cpdA-fliC-,PaQa,1,1
Track_315,315,2,0,0,0,0,0,1,334,335,1.163,315,223.428,255.448,0,1.163,1.163,1.163,1.163,,15.18,16.675,13.686,16.675,1.495,cpdA-fliC-,PaQa,1,1
Track_316,316,2,0,0,0,0,0,1,337,338,0.65,316,276.56,299.654,0,0.65,0.65,0.65,0.65,,13.814,13.814,13.814,13.814,0.0,cpdA-fliC-,PaQa,1,1
Track_317,317,19,3,6,0,0,0,27,337,364,12.06,317,326.692,162.955,0,0.903,2.542,0.108,0.785,0.623,13.775,22.338,5.214,14.853,4.563,cpdA-fliC-,PaQa,1,1
Track_318,318,2,0,0,0,0,0,1,337,338,0.65,318,276.56,299.646,0,0.65,0.65,0.65,0.65,,13.814,13.814,13.814,13.814,0.0,cpdA-fliC-,PaQa,1,1
Track_319,319,45,6,2,0,0,0,51,338,389,9.418,319,174.797,81.817,0,0.878,3.196,5.684e-14,0.6729999999999999,0.696,10.274,16.899,5.214,10.178,3.45,cpdA-fliC-,PaQa,1,1
Track_320,320,6,3,2,0,0,0,10,339,349,2.702,320,178.429,76.491,0,0.388,0.6729999999999999,0.022,0.434,0.24,6.651,9.525,5.214,5.214,2.032,cpdA-fliC-,PaQa,1,1
Track_321,321,40,1,1,0,0,0,40,341,381,12.89,321,327.158,178.956,0,0.914,2.318,0.0,0.894,0.515,15.556,19.746,5.214,16.207,3.367,cpdA-fliC-,PaQa,1,1
Track_322,322,3,0,0,0,0,0,2,341,343,0.65,322,332.15,175.717,0,0.325,0.65,0.0,0.65,0.46,10.813,13.387,7.6960000000000015,11.355,2.355,cpdA-fliC-,PaQa,1,1
Track_323,323,9,5,4,0,0,0,17,341,358,1.538,323,201.328,32.684,0,0.78,1.983,0.135,0.693,0.552,17.159000000000002,19.323,15.022,17.309,1.255,cpdA-fliC-,PaQa,1,1
Track_324,324,29,2,1,0,0,0,30,344,374,19.757,324,69.971,94.727,0,1.431,4.817,2.341e-07,1.154,1.229,17.265,19.731,9.525,17.652,1.902,cpdA-fliC-,PaQa,1,1
Track_325,325,10,1,7,0,0,0,16,346,362,7.367000000000001,325,330.119,161.094,0,0.767,1.95,0.0,0.65,0.653,14.688,23.455,5.214,17.116,5.5779999999999985,cpdA-fliC-,PaQa,1,1
Track_326,326,2,0,0,0,0,0,1,349,350,0.65,326,332.15,307.125,0,0.65,0.65,0.65,0.65,,14.782,14.948,14.616,14.948,0.166,cpdA-fliC-,PaQa,1,1
Track_327,327,11,3,3,0,0,0,15,349,364,3.747,327,327.0440000000001,308.0440000000001,0,0.936,2.148,0.187,1.011,0.643,16.778,18.172,14.817,16.685,0.865,cpdA-fliC-,PaQa,1,1
Track_328,328,10,2,2,0,0,0,12,350,362,1.023,328,223.485,258.148,0,0.999,2.533,0.408,0.65,0.6809999999999999,9.768,17.574,5.214,10.178,4.069,cpdA-fliC-,PaQa,1,1
Track_329,329,2,0,0,0,0,0,1,350,351,1.396,329,328.159,172.571,0,1.396,1.396,1.396,1.396,,9.142,13.07,5.214,13.07,3.928,cpdA-fliC-,PaQa,1,1
Track_330,330,7,2,2,0,0,0,9,352,361,3.942,330,200.79,31.105,0,1.077,3.2430000000000003,0.228,0.809,1.086,16.998,18.189,15.151,17.323,1.08,cpdA-fliC-,PaQa,1,1
Track_331,331,40,4,3,0,0,0,47,353,400,2.625e-07,331,141.994,229.528,0,0.051,0.243,0.0,4.175e-07,0.087,14.640999999999998,15.316,13.836,15.316,0.6940000000000001,cpdA-fliC-,PaQa,1,1
Track_332,332,24,5,3,0,0,0,33,354,387,10.470999999999998,332,291.46,168.706,0,0.75,1.929,1.765e-07,0.545,0.478,10.502,16.708,5.214,11.355,4.066,cpdA-fliC-,PaQa,1,1
Track_333,333,32,3,4,0,0,0,39,357,396,0.335,333,252.116,101.446,0,0.887,3.6,0.091,0.653,0.7829999999999999,12.658,17.765,5.214,14.853,4.217,cpdA-fliC-,PaQa,1,1
Track_334,334,5,2,1,0,0,0,6,357,363,1.4340000000000002,334,249.598,99.63,0,0.691,0.919,0.325,0.8,0.257,6.809,13.187,5.214,5.214,3.189,cpdA-fliC-,PaQa,1,1
Track_335,335,7,3,2,0,0,0,11,357,368,3.249,335,250.366,100.433,0,0.5,0.919,0.312,0.539,0.232,8.293,13.836,5.214,5.214,3.797,cpdA-fliC-,PaQa,1,1
Track_336,336,15,0,0,0,0,0,14,360,374,1.368,336,224.99,258.867,0,1.096,2.527,0.294,0.87,0.6920000000000001,13.319,17.578,5.214,15.316,4.158,cpdA-fliC-,PaQa,1,1
Track_337,337,10,2,4,0,0,0,16,361,377,5.3610000000000015,337,281.575,121.658,0,1.021,3.352,0.446,0.713,0.921,11.433,16.749000000000002,5.214,12.371,3.823,cpdA-fliC-,PaQa,1,1
Track_338,338,10,0,0,0,0,0,9,361,370,3.624,338,223.606,12.573,0,0.784,1.3530000000000002,0.378,0.77,0.28600000000000003,10.241,15.630999999999998,5.214,10.178,3.633,cpdA-fliC-,PaQa,1,1
Track_339,339,16,5,5,0,0,0,25,364,389,5.899,339,200.764,32.668,0,0.83,1.739,0.084,0.802,0.43,17.774,18.488,17.05,17.857,0.4320000000000001,cpdA-fliC-,PaQa,1,1
Track_340,340,5,2,3,0,0,0,10,364,374,1.277,340,282.302,122.794,0,0.556,0.65,0.46,0.65,0.109,9.508,12.371,5.214,12.371,3.506,cpdA-fliC-,PaQa,1,1
Track_341,341,3,1,1,0,0,0,3,364,367,3.34,341,282.451,122.519,0,1.003,1.3330000000000002,0.674,1.3330000000000002,0.466,13.148,14.702,12.371,12.371,1.099,cpdA-fliC-,PaQa,1,1
Track_342,342,8,3,4,0,0,0,16,364,380,2.9730000000000003,342,282.926,121.429,0,0.836,1.305,0.464,0.728,0.348,12.312,16.96,5.214,15.017,4.367,cpdA-fliC-,PaQa,1,1
Track_343,343,22,1,2,0,0,0,23,367,390,7.935,343,224.15,8.682,0,0.926,2.333,0.05,0.7979999999999999,0.525,15.064,19.257,5.214,17.11,4.357,cpdA-fliC-,PaQa,1,1
Track_344,344,3,0,0,0,0,0,2,369,371,1.625,344,291.958,170.408,0,1.218,1.977,0.46,1.977,1.073,13.126,20.328,7.6960000000000015,11.355,5.307,cpdA-fliC-,PaQa,1,1
Track_345,345,11,0,0,0,0,0,10,373,383,6.664,345,310.221,280.391,0,1.222,3.0,0.456,1.162,0.696,18.139,19.105,17.248,18.069000000000006,0.588,cpdA-fliC-,PaQa,1,1
Track_346,346,26,3,3,0,0,0,32,375,407,5.867000000000001,346,230.672,254.199,0,1.08,2.003,0.336,1.149,0.4920000000000001,14.225,19.148,5.214,16.863,4.765,cpdA-fliC-,PaQa,1,1
Track_347,347,2,0,0,0,0,0,1,378,379,0.65,347,170.31099999999995,84.836,0,0.65,0.65,0.65,0.65,,5.214,5.214,5.214,5.214,0.0,cpdA-fliC-,PaQa,1,1
Track_348,348,15,1,4,0,0,0,18,378,396,12.349,348,317.798,273.437,0,1.202,2.076,1.845e-07,1.262,0.67,18.499,19.24,16.691,18.802,0.7809999999999999,cpdA-fliC-,PaQa,1,1
Track_349,349,2,0,0,0,0,0,1,378,379,0.65,349,170.28900000000004,84.825,0,0.65,0.65,0.65,0.65,,5.214,5.214,5.214,5.214,0.0,cpdA-fliC-,PaQa,1,1
Track_350,350,14,0,0,0,0,0,13,380,393,9.854,350,73.53699999999998,104.82,0,1.032,2.789,0.423,0.972,0.6,16.772000000000002,19.555,10.178,17.569000000000006,2.782,cpdA-fliC-,PaQa,1,1
Track_351,351,83,4,4,0,0,0,90,381,471,22.214,351,85.77,210.064,0,1.005,3.294,3.311e-07,0.8,0.7120000000000001,15.236,19.555,5.214,16.566,3.023,cpdA-fliC-,PaQa,1,1
Track_352,352,7,2,3,0,0,0,11,381,392,2.028,352,293.011,121.988,0,0.765,1.3030000000000002,0.257,0.818,0.349,15.144,17.574,9.525,15.897,2.536,cpdA-fliC-,PaQa,1,1
Track_353,353,9,2,2,0,0,0,11,383,394,2.922,353,322.223,182.667,0,0.669,1.04,0.364,0.653,0.192,17.235,18.214,15.026,17.462,0.945,cpdA-fliC-,PaQa,1,1
Track_354,354,17,4,4,0,0,0,26,387,413,8.141,354,320.513,180.302,0,0.706,1.257,0.194,0.647,0.363,14.976,18.191,9.525,16.675,2.948,cpdA-fliC-,PaQa,1,1
Track_355,355,20,1,1,0,0,0,20,389,409,13.241,355,290.482,170.929,0,1.295,3.204,0.123,1.3630000000000002,0.682,16.272000000000002,19.017,11.355,17.06,2.334,cpdA-fliC-,PaQa,1,1
Track_356,356,30,5,5,0,0,0,39,389,428,0.006999999999999999,356,141.984,229.528,0,0.113,0.243,1.6469999999999998e-08,0.006999999999999999,0.118,14.222,15.316,12.007,13.836,1.196,cpdA-fliC-,PaQa,1,1
Track_357,357,16,3,1,0,0,0,18,389,407,7.002999999999999,357,220.674,5.971,0,0.8759999999999999,2.786,0.19,0.647,0.682,14.826,22.07,5.214,15.577,3.865,cpdA-fliC-,PaQa,1,1
Track_358,358,46,1,1,0,0,0,46,391,437,15.903,358,207.813,89.259,0,1.154,4.348,0.105,0.936,0.988,14.655,18.94,5.214,15.316,2.3280000000000003,cpdA-fliC-,PaQa,1,1
Track_359,359,2,0,0,0,0,0,1,392,393,1.453,359,287.95,167.05,0,1.453,1.453,1.453,1.453,,13.686,13.984000000000002,13.387,13.984000000000002,0.298,cpdA-fliC-,PaQa,1,1
Track_360,360,11,5,3,0,0,0,20,392,412,2.345,360,228.698,251.391,0,0.7040000000000001,1.45,0.197,0.7120000000000001,0.364,8.514,17.275,5.214,7.6960000000000015,4.137,cpdA-fliC-,PaQa,1,1
Track_361,361,5,1,2,0,0,0,6,393,399,0.7859999999999999,361,221.112,7.849,0,0.519,1.055,0.278,0.417,0.362,14.57,17.274,10.178,16.899,3.131,cpdA-fliC-,PaQa,1,1
Track_362,362,18,0,0,0,0,0,17,394,411,9.301,362,313.493,131.602,0,0.9,1.795,0.246,0.884,0.486,15.92,18.754,7.157,16.094,2.528,cpdA-fliC-,PaQa,1,1
Track_363,363,8,2,5,0,0,0,13,397,410,7.51,363,208.368,36.001,0,1.149,1.825,0.45,1.269,0.561,17.173,17.889,16.088,17.436,0.589,cpdA-fliC-,PaQa,1,1
Track_364,364,13,5,2,0,0,0,19,397,416,9.061,364,207.814,35.897,0,0.872,2.139,0.202,0.6940000000000001,0.581,17.358,18.167,15.164,17.514,0.748,cpdA-fliC-,PaQa,1,1
Track_365,365,5,0,0,0,0,0,4,397,401,8.81,365,327.194,266.269,0,2.492,3.651,1.24,3.177,1.115,16.881,19.011,13.569,17.36,1.924,cpdA-fliC-,PaQa,1,1
Track_366,366,18,0,0,0,0,0,17,398,415,4.98,366,257.058,108.067,0,0.787,1.949,0.105,0.77,0.434,16.169,17.502,14.702,16.497,0.8690000000000001,cpdA-fliC-,PaQa,1,1
Track_367,367,21,0,0,0,0,0,20,402,422,1.433,367,328.63699999999994,259.963,0,1.137,4.04,0.24,0.992,0.84,16.359,20.005,12.523,16.855999999999998,1.945,cpdA-fliC-,PaQa,1,1
Track_368,368,4,1,1,0,0,0,4,403,407,2.672,368,257.724,108.81,0,0.8079999999999999,1.115,0.389,0.919,0.376,17.05,17.502,16.899,16.899,0.261,cpdA-fliC-,PaQa,1,1
Track_369,369,24,6,4,0,0,0,33,406,439,17.452,369,62.073,90.289,0,0.935,1.869,0.022,0.919,0.516,12.179,20.16,5.214,13.401,3.994,cpdA-fliC-,PaQa,1,1
Track_370,370,3,0,0,0,0,0,2,408,410,0.934,370,64.881,96.095,0,0.47,0.918,0.022,0.918,0.634,6.651,9.525,5.214,5.214,2.032,cpdA-fliC-,PaQa,1,1
Track_371,371,12,2,1,0,0,0,13,408,421,9.369,371,309.391,136.184,0,0.958,1.396,0.28800000000000003,1.014,0.418,13.594,17.574,5.214,14.853,3.2430000000000003,cpdA-fliC-,PaQa,1,1
Track_372,372,12,2,1,0,0,0,13,409,422,3.2430000000000007e-08,372,318.836,292.164,0,1.179e-07,3.739e-07,0.0,1.621e-08,1.6230000000000002e-07,5.214,5.214,5.214,5.214,0.0,cpdA-fliC-,PaQa,1,1
Track_373,373,62,3,6,0,0,0,71,409,480,10.174,373,320.569,100.905,0,0.908,3.854,2.267e-07,0.746,0.665,14.283,18.832,5.214,15.316,3.645,cpdA-fliC-,PaQa,1,1
Track_374,374,10,3,2,0,0,0,13,409,422,0.0,374,318.814,292.164,0,1.2609999999999998e-08,3.2430000000000007e-08,0.0,0.0,1.5759999999999997e-08,5.214,5.214,5.214,5.214,0.0,cpdA-fliC-,PaQa,1,1
Track_375,375,3,0,0,0,0,0,2,409,411,0.915,375,64.98100000000001,95.793,0,0.471,0.92,0.022,0.92,0.635,6.869,10.178,5.214,5.214,2.34,cpdA-fliC-,PaQa,1,1
Track_376,376,2,0,0,0,0,0,1,409,410,0.022,376,64.664,95.875,0,0.022,0.022,0.022,0.022,,5.214,5.214,5.214,5.214,0.0,cpdA-fliC-,PaQa,1,1
Track_377,377,12,2,1,0,0,0,13,409,422,6.074e-08,377,318.836,292.186,0,3.377e-08,6.485e-08,0.0,3.689e-08,2.844e-08,5.214,5.214,5.214,5.214,0.0,cpdA-fliC-,PaQa,1,1
Track_378,378,12,2,1,0,0,0,13,409,422,6.485e-08,378,318.814,292.186,0,1.248e-07,3.496e-07,0.0,6.485e-08,1.441e-07,5.214,5.214,5.214,5.214,0.0,cpdA-fliC-,PaQa,1,1
Track_379,379,48,9,2,0,0,0,57,409,466,0.243,379,141.986,229.505,0,0.097,0.266,0.0,0.002,0.119,13.299,15.316,12.007,13.836,1.348,cpdA-fliC-,PaQa,1,1
Track_380,380,5,0,0,0,0,0,4,411,415,1.3,380,218.441,0.348,0,1.0490000000000002,1.794,0.0,1.75,0.877,20.592,23.449,15.036,21.746,2.977,cpdA-fliC-,PaQa,1,1
Track_381,381,20,4,3,0,0,0,26,413,439,5.417000000000002,381,289.414,179.136,0,0.879,1.965,0.0,0.639,0.614,12.355,18.733,5.214,13.836,4.641,cpdA-fliC-,PaQa,1,1
Track_382,382,5,2,8,0,0,0,13,415,428,3.806,382,212.821,38.247,0,0.626,1.239,0.093,0.875,0.526,16.816,18.11,15.522,17.168,0.942,cpdA-fliC-,PaQa,1,1
Track_383,383,6,0,0,0,0,0,5,416,421,5.327000000000001,383,264.247,106.616,0,1.317,2.335,0.331,1.4680000000000002,0.779,15.845999999999998,16.497,15.316,16.033,0.42,cpdA-fliC-,PaQa,1,1
Track_384,384,39,1,9,0,0,0,47,420,467,19.305,384,260.987,95.632,0,0.888,2.597,0.000956,0.904,0.505,14.421,16.899,5.214,15.316,2.472,cpdA-fliC-,PaQa,1,1
Track_385,385,54,1,2,0,0,0,55,420,475,11.244000000000002,385,315.005,183.324,0,0.895,2.565,0.022,0.8109999999999999,0.507,15.987,20.029,5.214,17.158,3.491,cpdA-fliC-,PaQa,1,1
Track_386,386,40,2,2,0,0,0,42,422,464,11.408,386,227.702,243.806,0,0.946,2.443,0.104,0.816,0.513,14.675,18.75,5.214,16.522000000000002,4.131,cpdA-fliC-,PaQa,1,1
Track_387,387,17,2,3,0,0,0,20,425,445,10.526,387,311.686,135.109,0,1.241,4.248,0.119,0.9,1.108,14.42,18.782,5.214,16.333,4.334,cpdA-fliC-,PaQa,1,1
Track_388,388,6,0,0,0,0,0,5,425,430,3.9,388,217.967,0.0,0,0.78,1.95,0.0,0.65,0.7120000000000001,13.96,16.582,12.715,13.337,1.577,cpdA-fliC-,PaQa,1,1
Track_389,389,3,0,0,0,0,0,2,434,436,2.373,389,319.26,99.342,0,1.218,1.459,0.976,1.459,0.341,15.724,17.692,13.387,16.094,1.776,cpdA-fliC-,PaQa,1,1
Track_390,390,12,1,8,0,0,0,19,435,454,3.2430000000000007e-08,390,318.836,292.164,0,8.272e-08,3.559000000000001e-07,0.0,3.2430000000000007e-08,1.373e-07,5.214,5.214,5.214,5.214,1.192e-07,cpdA-fliC-,PaQa,1,1
Track_391,391,12,1,8,0,0,0,19,435,454,3.2430000000000007e-08,391,318.814,292.164,0,6.602e-08,3.559000000000001e-07,0.0,0.0,1.432e-07,5.214,5.214,5.214,5.214,1.192e-07,cpdA-fliC-,PaQa,1,1
Track_392,392,11,2,8,0,0,0,19,435,454,0.0,392,318.836,292.186,0,1.135e-08,3.2430000000000007e-08,0.0,0.0,1.538e-08,5.214,5.214,5.214,5.214,0.0,cpdA-fliC-,PaQa,1,1
Track_393,393,11,2,8,0,0,0,19,435,454,3.2430000000000007e-08,393,318.814,292.186,0,2.27e-08,1.297e-07,0.0,0.0,4.337e-08,5.214,5.214,5.214,5.214,0.0,cpdA-fliC-,PaQa,1,1
Track_394,394,10,0,0,0,0,0,9,437,446,8.071,394,60.705,81.542,0,1.366,2.437,0.331,1.3259999999999998,0.845,16.271,20.16,13.686,16.61,2.157,cpdA-fliC-,PaQa,1,1
Track_395,395,23,0,0,0,0,0,22,439,461,14.508,395,244.872,97.378,0,1.067,3.937,0.12,0.908,0.955,14.784,18.94,11.355,15.017,1.721,cpdA-fliC-,PaQa,1,1
Track_396,396,44,7,2,0,0,0,53,441,494,0.241,396,141.988,229.509,0,0.051,0.265,4.939e-08,0.002,0.096,12.924,15.316,12.007,12.007,1.18,cpdA-fliC-,PaQa,1,1
Track_397,397,2,0,0,0,0,0,1,441,442,1.6909999999999998,397,210.116,43.257,0,1.6909999999999998,1.6909999999999998,1.6909999999999998,1.6909999999999998,,15.488,15.885,15.09,15.885,0.397,cpdA-fliC-,PaQa,1,1
Track_398,398,2,0,0,0,0,0,1,441,442,1.338,398,213.418,43.252,0,1.338,1.338,1.338,1.338,,15.74,15.826,15.655,15.826,0.086,cpdA-fliC-,PaQa,1,1
Track_399,399,13,0,0,0,0,0,12,444,456,5.3420000000000005,399,285.914,180.5,0,1.21,3.207,0.375,1.135,0.777,16.117,19.092,5.214,17.36,4.204,cpdA-fliC-,PaQa,1,1
Track_400,400,3,0,0,0,0,0,2,444,446,0.721,400,285.785,179.287,0,1.203,1.442,0.964,1.442,0.338,10.062,17.275,5.214,7.6960000000000015,5.2,cpdA-fliC-,PaQa,1,1
Track_401,401,7,3,2,0,0,0,11,446,457,5.419,401,214.883,42.987,0,0.85,1.396,0.51,0.805,0.33,18.274,19.509,15.993,18.106,1.188,cpdA-fliC-,PaQa,1,1
Track_402,402,13,0,0,0,0,0,12,447,459,9.622,402,61.863,80.15899999999998,0,1.45,2.26,0.442,1.5319999999999998,0.503,15.42,17.371,13.187,15.316,1.4280000000000002,cpdA-fliC-,PaQa,1,1
Track_403,403,6,1,1,0,0,0,6,448,454,4.886,403,316.743,136.404,0,0.843,1.493,0.159,0.921,0.486,14.715,18.24,7.6960000000000015,16.735,3.622,cpdA-fliC-,PaQa,1,1
Track_404,404,20,5,2,0,0,0,26,450,476,16.131,404,310.305,134.312,0,0.809,1.5630000000000002,0.1,0.76,0.4320000000000001,15.0,18.24,7.6960000000000015,16.033,2.66,cpdA-fliC-,PaQa,1,1
Track_405,405,38,1,1,0,0,0,38,453,491,15.039,405,268.089,83.334,0,1.021,3.611,0.191,0.919,0.71,15.452,18.94,7.669,16.033,2.209,cpdA-fliC-,PaQa,1,1
Track_406,406,35,1,2,0,0,0,36,458,494,14.661,406,305.2990000000001,187.624,0,1.089,2.861,0.191,0.942,0.626,15.591,19.038,7.6960000000000015,16.97,3.008,cpdA-fliC-,PaQa,1,1
Track_407,407,5,0,0,0,0,0,4,458,462,1.95,407,228.72,0.45,0,1.496,2.422,0.65,2.262,0.979,10.371,14.193,5.692,10.655,3.0010000000000003,cpdA-fliC-,PaQa,1,1
Track_408,408,17,3,2,0,0,0,20,458,478,4.494,408,230.921,1.5530000000000002,0,0.911,1.962,0.0,0.8059999999999999,0.655,13.498,21.462,4.9430000000000005,12.715,4.585,cpdA-fliC-,PaQa,1,1
Track_409,409,2,0,0,0,0,0,1,458,459,1.168,409,317.367,105.944,0,1.168,1.168,1.168,1.168,,8.611,12.007,5.214,12.007,3.3960000000000004,cpdA-fliC-,PaQa,1,1
Track_410,410,2,0,0,0,0,0,1,460,461,0.997,410,61.174,84.79,0,0.997,0.997,0.997,0.997,,16.866,17.084,16.649,17.084,0.218,cpdA-fliC-,PaQa,1,1
Track_411,411,26,2,7,0,0,0,33,462,495,14.476,411,70.086,94.712,0,1.203,3.292,0.197,1.074,0.753,14.73,18.75,5.214,16.017,3.72,cpdA-fliC-,PaQa,1,1
Track_412,412,9,3,3,0,0,0,13,465,478,5.932,412,305.0540000000001,133.85299999999998,0,0.645,1.1909999999999998,0.302,0.619,0.309,14.588,17.765,11.355,14.054,2.1630000000000003,cpdA-fliC-,PaQa,1,1
Track_413,413,11,0,0,0,0,0,10,465,475,6.635,413,228.814,235.073,0,0.968,1.608,0.254,1.027,0.429,14.843,18.352,5.214,15.562,3.519,cpdA-fliC-,PaQa,1,1
Track_414,414,10,1,1,0,0,0,10,465,475,5.81,414,74.693,94.128,0,1.069,1.889,0.517,1.086,0.529,16.929000000000002,18.75,13.686,17.569000000000006,1.774,cpdA-fliC-,PaQa,1,1
Track_415,415,37,0,0,0,0,0,36,468,504,6.718,415,267.446,87.374,0,1.018,4.02,0.319,0.8170000000000001,0.732,12.977,17.46,4.95,13.187,2.567,cpdA-fliC-,PaQa,1,1
Track_416,416,2,0,0,0,0,0,1,469,470,0.458,416,229.287,234.487,0,0.458,0.458,0.458,0.458,,14.418,14.853,13.984000000000002,14.853,0.435,cpdA-fliC-,PaQa,1,1
Track_417,417,26,1,1,0,0,0,26,470,496,18.411,417,95.406,197.166,0,1.136,4.147,0.16699999999999998,1.023,0.862,16.875999999999998,19.148,13.984000000000002,17.195999999999998,1.459,cpdA-fliC-,PaQa,1,1
Track_418,418,45,2,3,0,0,0,48,474,522,13.771,418,228.005,244.027,0,1.069,2.549,0.228,0.956,0.5529999999999999,14.33,19.148,5.214,15.316,3.6010000000000004,cpdA-fliC-,PaQa,1,1
Track_419,419,38,3,4,0,0,0,47,475,522,0.0007184,419,142.028,229.479,0,0.108,0.266,3.715e-08,0.002,0.125,12.764,15.316,12.007,12.007,1.105,cpdA-fliC-,PaQa,1,1
Track_420,420,6,4,3,0,0,0,15,478,493,1.295,420,223.177,39.471,0,0.49,0.779,0.099,0.472,0.271,16.965999999999998,17.857,15.67,17.319000000000006,0.743,cpdA-fliC-,PaQa,1,1
Track_421,421,22,0,0,0,0,0,21,479,500,8.392999999999999,421,313.774,139.531,0,0.974,2.918,0.202,0.8290000000000001,0.6809999999999999,16.529,18.24,15.316,16.333,0.742,cpdA-fliC-,PaQa,1,1
Track_422,422,22,4,1,0,0,0,25,482,507,7.393,422,319.681,98.864,0,0.82,1.581,0.26,0.823,0.385,13.02,18.94,5.214,14.853,4.231,cpdA-fliC-,PaQa,1,1
Track_423,423,3,1,1,0,0,0,3,489,492,0.0,423,318.814,292.186,0,0.0,0.0,0.0,0.0,0.0,5.214,5.214,5.214,5.214,0.0,cpdA-fliC-,PaQa,1,1
Track_424,424,3,1,1,0,0,0,3,489,492,0.0,424,318.836,292.164,0,2.432e-08,3.2430000000000007e-08,1.621e-08,3.2430000000000007e-08,1.146e-08,5.214,5.214,5.214,5.214,0.0,cpdA-fliC-,PaQa,1,1
Track_425,425,3,1,1,0,0,0,3,489,492,3.2430000000000007e-08,425,318.836,292.186,0,8.107e-09,1.621e-08,0.0,1.621e-08,1.146e-08,5.214,5.214,5.214,5.214,0.0,cpdA-fliC-,PaQa,1,1
Track_426,426,3,1,1,0,0,0,3,489,492,3.2430000000000007e-08,426,318.814,292.164,0,1.621e-08,3.2430000000000007e-08,0.0,3.2430000000000007e-08,2.293e-08,5.214,5.214,5.214,5.214,0.0,cpdA-fliC-,PaQa,1,1
Track_427,427,42,6,2,0,0,0,50,490,540,12.981,427,310.242,195.692,0,0.964,2.542,0.09,0.8390000000000001,0.6459999999999999,14.292,23.894,4.907,16.497,4.904,cpdA-fliC-,PaQa,1,1
Track_428,428,13,1,1,0,0,0,13,493,506,12.133,428,289.877,78.54899999999998,0,1.361,3.56,0.361,1.44,0.861,14.53,16.899,7.157,15.883,2.689,cpdA-fliC-,PaQa,1,1
Track_429,429,5,0,0,0,0,0,4,496,500,7.246,429,74.831,98.22,0,1.983,3.075,0.265,2.765,1.262,15.851,18.352,13.836,16.017,1.4880000000000002,cpdA-fliC-,PaQa,1,1
Track_430,430,58,1,1,0,0,0,58,497,555,23.734,430,119.354,191.564,0,1.05,3.325,0.238,0.77,0.722,17.090999999999998,20.588,11.355,17.338,1.733,cpdA-fliC-,PaQa,1,1
Track_431,431,5,2,3,0,0,0,9,500,509,5.435,431,229.478,39.012,0,1.093,2.614,0.325,0.972,1.051,17.772000000000006,18.225,17.05,17.846,0.448,cpdA-fliC-,PaQa,1,1
Track_432,432,22,4,3,0,0,0,28,500,528,14.279000000000002,432,294.132,86.787,0,0.727,1.538,1.163e-08,0.628,0.448,10.501,16.899,5.214,10.827,3.681,cpdA-fliC-,PaQa,1,1
Track_433,433,2,0,0,0,0,0,1,503,504,1.548,433,79.081,101.946,0,1.548,1.548,1.548,1.548,,11.361,17.508,5.214,17.508,6.147,cpdA-fliC-,PaQa,1,1
Track_434,434,84,2,1,0,0,0,85,504,589,19.537,434,323.6090000000001,130.97799999999998,0,0.884,3.671,0.0,0.784,0.655,15.47,23.632,5.214,16.033,2.813,cpdA-fliC-,PaQa,1,1
Track_435,435,3,0,0,0,0,0,2,504,506,0.459,435,318.071,138.446,0,0.518,0.721,0.314,0.721,0.28800000000000003,8.306000000000001,12.007,5.214,7.6960000000000015,2.807,cpdA-fliC-,PaQa,1,1
Track_436,436,23,0,0,0,0,0,22,506,528,4.816,436,283.413,83.01,0,0.999,3.321,0.25,0.8029999999999999,0.8059999999999999,14.776,17.146,5.214,15.316,2.523,cpdA-fliC-,PaQa,1,1
Track_437,437,54,6,4,0,0,0,63,506,569,12.447,437,313.731,96.739,0,0.7559999999999999,1.997,0.0006136000000000001,0.6920000000000001,0.389,15.299,19.257,5.214,16.033,2.741,cpdA-fliC-,PaQa,1,1
Track_438,438,15,0,0,0,0,0,14,506,520,22.106,438,90.581,98.944,0,2.006,3.939,0.309,1.98,1.204,15.394,20.029,5.214,17.275,3.95,cpdA-fliC-,PaQa,1,1
Track_439,439,3,0,0,0,0,0,2,511,513,2.805,439,232.385,39.869,0,1.457,1.775,1.14,1.775,0.449,18.063,18.223,17.846,18.119,0.159,cpdA-fliC-,PaQa,1,1
Track_440,440,2,0,0,0,0,0,1,511,512,1.456,440,226.848,250.9,0,1.456,1.456,1.456,1.456,,14.352,15.316,13.387,15.316,0.964,cpdA-fliC-,PaQa,1,1
Track_441,441,13,3,3,0,0,0,18,512,530,10.197,441,238.673,40.924,0,0.701,1.268,0.142,0.7659999999999999,0.35700000000000004,17.694000000000006,19.423,15.892,17.857,0.8220000000000001,cpdA-fliC-,PaQa,1,1
Track_442,442,31,6,3,0,0,0,39,518,557,0.0007184,442,142.072,229.446,0,0.11,0.458,2.295e-11,0.002,0.139,13.181,14.853,12.007,13.836,1.193,cpdA-fliC-,PaQa,1,1
Track_443,443,4,1,3,0,0,0,6,521,527,1.332,443,293.5540000000001,90.342,0,0.22,0.325,0.022,0.314,0.172,5.835,7.6960000000000015,5.214,5.214,1.075,cpdA-fliC-,PaQa,1,1
Track_444,444,7,4,1,0,0,0,10,522,532,2.0,444,293.915,90.788,0,0.333,0.738,1.621e-07,0.35600000000000004,0.28600000000000003,8.191,15.796,5.194,5.214,3.857,cpdA-fliC-,PaQa,1,1
Track_445,445,15,5,6,0,0,0,24,522,546,4.618,445,292.454,92.279,0,0.629,2.026,0.022,0.569,0.59,9.645,15.064,5.214,8.997,3.5410000000000004,cpdA-fliC-,PaQa,1,1
Track_446,446,2,0,0,0,0,0,1,523,524,1.804,446,100.86,94.086,0,1.804,1.804,1.804,1.804,,14.159,16.96,11.358,16.96,2.801,cpdA-fliC-,PaQa,1,1
Track_447,447,3,1,1,0,0,0,3,525,528,4.619,447,283.51,83.632,0,1.386,1.853,0.919,1.853,0.66,16.535999999999998,17.146,15.316,17.146,0.862,cpdA-fliC-,PaQa,1,1
Track_448,448,6,1,5,0,0,0,10,528,538,5.674,448,95.862,91.42,0,0.728,1.895,0.258,0.511,0.6709999999999999,10.389,14.054,7.6960000000000015,11.355,2.23,cpdA-fliC-,PaQa,1,1
Track_449,449,2,0,0,0,0,0,1,529,530,1.895,449,96.363,92.463,0,1.895,1.895,1.895,1.895,,10.875,14.054,7.6960000000000015,14.054,3.179,cpdA-fliC-,PaQa,1,1
Track_450,450,13,0,0,0,0,0,12,529,541,0.6459999999999999,450,292.152,83.697,0,1.098,4.074,0.325,0.923,1.007,13.970999999999998,17.46,10.178,14.604,2.338,cpdA-fliC-,PaQa,1,1
Track_451,451,31,5,5,0,0,0,39,530,569,0.002,451,142.025,229.45,0,0.085,0.266,1.011e-09,0.001,0.123,12.82,14.853,12.007,12.007,1.137,cpdA-fliC-,PaQa,1,1
Track_452,452,2,0,0,0,0,0,1,537,538,1.7819999999999998,452,253.906,47.753,0,1.7819999999999998,1.7819999999999998,1.7819999999999998,1.7819999999999998,,17.91,19.787,16.033,19.787,1.877,cpdA-fliC-,PaQa,1,1
Track_453,453,48,5,2,0,0,0,55,539,594,3.207,453,302.485,197.69,0,0.973,2.918,0.098,0.727,0.698,15.415,20.418,5.214,16.237000000000002,3.401,cpdA-fliC-,PaQa,1,1
Track_454,454,5,0,0,0,0,0,4,542,546,0.919,454,297.959,83.785,0,0.232,0.4970000000000001,0.006999999999999999,0.211,0.201,15.788,16.497,15.316,15.316,0.578,cpdA-fliC-,PaQa,1,1
Track_455,455,9,1,4,0,0,0,12,542,554,0.911,455,307.35,196.908,0,0.659,2.195,0.08199999999999999,0.4320000000000001,0.701,10.595,16.037,4.544,10.178,4.421,cpdA-fliC-,PaQa,1,1
Track_456,456,30,1,1,0,0,0,30,545,575,14.712,456,299.763,78.64399999999998,0,1.032,3.412,0.006999999999999999,0.926,0.705,13.515,17.146,10.178,13.187,2.266,cpdA-fliC-,PaQa,1,1
Track_457,457,2,0,0,0,0,0,1,547,548,0.7979999999999999,457,254.135,48.092,0,0.7979999999999999,0.7979999999999999,0.7979999999999999,0.7979999999999999,,17.840999999999994,17.881,17.801,17.881,0.04,cpdA-fliC-,PaQa,1,1
Track_458,458,17,2,5,0,0,0,23,548,571,1.157,458,229.863,250.678,0,0.94,1.604,0.022,1.16,0.484,12.929,20.328,5.214,16.094,5.256,cpdA-fliC-,PaQa,1,1
Track_459,459,8,3,3,0,0,0,13,550,563,3.5,459,286.619,94.322,0,0.464,0.919,0.0,0.46,0.292,5.524,7.6960000000000015,5.214,5.214,0.821,cpdA-fliC-,PaQa,1,1
Track_460,460,8,3,3,0,0,0,13,550,563,3.488,460,286.603,94.324,0,0.467,0.919,0.0,0.46,0.29,5.524,7.6960000000000015,5.214,5.214,0.821,cpdA-fliC-,PaQa,1,1
Track_461,461,9,5,3,0,0,0,17,550,567,4.0280000000000005,461,286.218,94.295,0,0.412,0.935,3.2430000000000007e-08,0.46,0.295,5.91,8.997,5.214,5.214,1.338,cpdA-fliC-,PaQa,1,1
Track_462,462,12,3,3,0,0,0,18,550,568,5.125,462,286.128,94.371,0,0.6459999999999999,1.172,0.0,0.727,0.385,7.119,13.187,5.214,5.214,2.652,cpdA-fliC-,PaQa,1,1
Track_463,463,3,1,1,0,0,0,3,554,557,1.38,463,92.738,86.04799999999999,0,0.541,0.6729999999999999,0.41,0.6729999999999999,0.18600000000000005,13.286,15.316,12.007,12.535,1.452,cpdA-fliC-,PaQa,1,1
Track_464,464,7,1,2,0,0,0,8,555,563,3.417,464,252.735,52.448,0,0.7090000000000001,1.352,0.066,0.753,0.444,18.071,18.53,17.167,18.276,0.458,cpdA-fliC-,PaQa,1,1
Track_465,465,2,0,0,0,0,0,1,555,556,0.469,465,231.893,250.085,0,0.469,0.469,0.469,0.469,,17.825,18.75,16.899,18.75,0.925,cpdA-fliC-,PaQa,1,1
Track_466,466,16,1,1,0,0,0,16,556,572,7.602,466,127.897,180.7,0,0.853,1.715,0.049,0.897,0.467,16.021,18.534,9.525,16.558,2.236,cpdA-fliC-,PaQa,1,1
Track_467,467,3,0,0,0,0,0,2,557,559,1.784,467,320.151,194.376,0,0.94,1.6230000000000002,0.258,1.6230000000000002,0.965,11.322,16.094,7.6960000000000015,10.178,3.523,cpdA-fliC-,PaQa,1,1
Track_468,468,20,1,1,0,0,0,20,561,581,6.522,468,325.184,196.149,0,1.143,3.072,0.155,0.828,0.836,16.63,18.69,9.525,17.508,2.224,cpdA-fliC-,PaQa,1,1
Track_469,469,11,3,4,0,0,0,17,561,578,1.764,469,228.49,250.533,0,0.499,1.058,0.022,0.458,0.317,8.341000000000001,16.094,5.214,7.6960000000000015,3.2510000000000003,cpdA-fliC-,PaQa,1,1
Track_470,470,31,3,3,0,0,0,35,565,600,0.002,470,142.049,229.475,0,0.125,0.458,7.431e-08,0.066,0.139,12.873,14.853,12.007,12.007,1.056,cpdA-fliC-,PaQa,1,1
Track_471,471,32,2,2,0,0,0,34,566,600,17.58,471,128.971,189.988,0,1.114,3.651,0.17800000000000002,0.997,0.757,17.11,20.588,12.007,17.569000000000006,1.7009999999999998,cpdA-fliC-,PaQa,1,1
Track_472,472,2,0,0,0,0,0,1,569,570,0.649,472,93.275,86.12700000000002,0,0.649,0.649,0.649,0.649,,16.533,18.214,14.853,18.214,1.681,cpdA-fliC-,PaQa,1,1
Track_473,473,12,1,3,0,0,0,14,569,583,6.824,473,90.938,84.335,0,1.012,1.656,0.462,0.873,0.391,15.117,18.391,5.214,16.167,3.63,cpdA-fliC-,PaQa,1,1
Track_474,474,9,0,0,0,0,0,8,570,578,2.541,474,316.863,97.031,0,1.1840000000000002,2.04,0.49,1.355,0.507,15.747,17.765,13.836,15.656,1.044,cpdA-fliC-,PaQa,1,1
Track_475,475,2,0,0,0,0,0,1,571,572,1.4509999999999998,475,325.972,195.652,0,1.4509999999999998,1.4509999999999998,1.4509999999999998,1.4509999999999998,,16.625999999999998,17.158,16.094,17.158,0.532,cpdA-fliC-,PaQa,1,1
Track_476,476,5,0,0,0,0,0,4,571,575,6.251,476,305.09,74.83,0,1.856,3.405,0.581,1.983,1.1840000000000002,13.933,17.146,12.007,13.187,2.01,cpdA-fliC-,PaQa,1,1
Track_477,477,26,1,3,0,0,0,28,571,599,10.952,477,307.308,105.878,0,0.866,1.91,6.357e-07,0.81,0.458,16.254,19.731,5.214,17.05,2.849,cpdA-fliC-,PaQa,1,1
Track_478,478,13,4,4,0,0,0,20,576,596,2.3680000000000003,478,324.545,200.708,0,0.6859999999999999,1.75,0.17,0.662,0.428,11.349,18.191,5.214,12.007,3.779,cpdA-fliC-,PaQa,1,1
Track_479,479,20,0,0,0,0,0,19,576,595,8.802999999999997,479,305.935,74.562,0,1.136,4.867,0.212,0.88,1.143,12.906,16.497,8.997,13.836,2.3280000000000003,cpdA-fliC-,PaQa,1,1
Track_480,480,3,0,0,0,0,0,2,577,579,2.407,480,316.123,96.341,0,1.6740000000000002,2.324,1.024,2.324,0.92,15.637,16.28,15.316,15.316,0.454,cpdA-fliC-,PaQa,1,1
Track_481,481,9,1,5,0,0,0,13,577,590,7.607,481,227.811,248.158,0,0.858,2.105,0.314,0.741,0.5539999999999999,8.535,14.068,5.214,7.6960000000000015,3.276,cpdA-fliC-,PaQa,1,1
Track_482,482,13,5,3,0,0,0,20,580,600,7.285000000000001e-08,482,142.065,229.441,0,0.073,0.266,3.268e-07,0.002,0.118,12.507,14.853,12.007,12.007,0.942,cpdA-fliC-,PaQa,1,1
Track_483,483,3,0,0,0,0,0,2,581,583,1.255,483,325.648,99.374,0,0.627,0.836,0.419,0.836,0.295,17.152,17.759,16.796,16.899,0.4320000000000001,cpdA-fliC-,PaQa,1,1
Track_484,484,3,1,1,0,0,0,3,585,588,3.205,484,243.016,66.217,0,0.95,1.3769999999999998,0.523,1.3769999999999998,0.604,17.288,18.223,16.587,17.054000000000002,0.688,cpdA-fliC-,PaQa,1,1
Track_485,485,10,1,3,0,0,0,12,588,600,3.865,485,228.127,244.387,0,0.6659999999999999,1.134,0.28,0.693,0.304,14.135,18.352,5.214,15.562,4.207,cpdA-fliC-,PaQa,1,1
Track_486,486,2,0,0,0,0,0,1,592,593,1.028,486,307.938,73.613,0,1.028,1.028,1.028,1.028,,12.704,14.054,11.355,14.054,1.349,cpdA-fliC-,PaQa,1,1
Track_487,487,8,1,1,0,0,0,8,592,600,5.886,487,305.858,204.556,0,1.145,2.149,0.723,0.8859999999999999,0.542,16.128,19.513,13.644,16.625,2.029,cpdA-fliC-,PaQa,1,1
Track_488,488,2,0,0,0,0,0,1,593,594,1.158,488,242.281,57.856,0,1.158,1.158,1.158,1.158,,8.611,12.007,5.214,12.007,3.3960000000000004,cpdA-fliC-,PaQa,1,1
Track_489,489,3,0,0,0,0,0,2,594,596,1.038,489,84.25299999999999,83.459,0,0.628,1.0,0.255,1.0,0.527,10.963,12.535,10.178,10.178,1.111,cpdA-fliC-,PaQa,1,1
Track_490,490,5,0,0,0,0,0,4,596,600,1.279,490,313.744,73.264,0,0.366,1.36,9.113e-09,0.105,0.664,15.483,15.883,15.017,15.316,0.344,cpdA-fliC-,PaQa,1,1
Track_491,491,2,0,0,0,0,0,1,597,598,1.081,491,242.6,56.291,0,1.081,1.081,1.081,1.081,,12.591,17.485,7.6960000000000015,17.485,4.895,cpdA-fliC-,PaQa,1,1
