Frame,CellID,Area,CellLength,CellSinuosity,ConnectedWith,MaxCellIntensity_mNeonGreen,MeanCellIntensity_mNeonGreen,MedianCellIntensity_mNeonGreen,MinCellIntensity_mNeonGreen,Strain,Growth,Bio_Rep
1,1,2.3322,3.1668877078629905,1.05691446204153,,152,52.0271739130435,51.0,2,mNG_pilT_cyaB-,Solid,1
1,2,1.9604,2.6380142312685,1.03927111196983,,132,62.2844827586207,59.0,0,mNG_pilT_cyaB-,Solid,1
1,3,3.468725,4.74579256507328,1.08098023814786,,119,48.5432399512789,47.0,0,mNG_pilT_cyaB-,Solid,1
1,4,3.046225,4.68881158941724,1.04369067818101,,151,72.04438280166441,71.0,0,mNG_pilT_cyaB-,Solid,1
1,5,2.285725,3.25079256507328,1.05458398895247,,165,59.454713493530505,59.0,1,mNG_pilT_cyaB-,Solid,1
1,6,3.172975,4.12654328932551,1.03574405987365,,137,63.2649800266312,62.0,0,mNG_pilT_cyaB-,Solid,1
1,7,2.1632,2.97650711563425,1.0719194075423901,,158,72.02734375,73.0,10,mNG_pilT_cyaB-,Solid,1
1,8,2.1632,2.9903653389480196,1.0407552584752,,169,56.435546875,53.0,5,mNG_pilT_cyaB-,Solid,1
1,9,5.429125,7.57695526217004,1.0823117459700502,,237,61.4575875486381,60.0,0,mNG_pilT_cyaB-,Solid,1
1,10,1.8759,2.59808657865102,1.08028547968857,,156,56.8783783783784,55.0,5,mNG_pilT_cyaB-,Solid,1
1,11,2.42515,3.44031870505149,1.0748044320035401,,214,86.3954703832753,85.0,5,mNG_pilT_cyaB-,Solid,1
1,13,2.235025,3.4138220496225093,1.07724114201123,,132,62.7958412098299,61.0,6,mNG_pilT_cyaB-,Solid,1
1,14,2.099825,3.73462986797652,1.0811896094670999,,169,64.18511066398389,62.0,13,mNG_pilT_cyaB-,Solid,1
1,15,2.133625,2.85346717087976,1.0554471029397,,143,62.695049504950504,60.0,11,mNG_pilT_cyaB-,Solid,1
1,16,2.1801,3.27962986797652,1.0823846213519699,,133,51.0581395348837,49.0,0,mNG_pilT_cyaB-,Solid,1
1,17,2.260375,3.03497428651401,1.1278108035569399,,136,51.1775700934579,49.0,1,mNG_pilT_cyaB-,Solid,1
1,18,2.8392,4.18039105243401,1.04925960953997,,162,51.199404761904795,50.0,0,mNG_pilT_cyaB-,Solid,1
1,19,3.274375,4.50262317883449,1.09078243305811,,204,56.1509677419355,54.0,6,mNG_pilT_cyaB-,Solid,1
1,20,1.9942,2.98069929728024,1.0734291236934699,,171,65.8241525423729,65.0,0,mNG_pilT_cyaB-,Solid,1
1,21,2.56035,3.6138686835190295,1.06604259790424,,238,68.0181518151815,66.0,5,mNG_pilT_cyaB-,Solid,1
1,22,5.015075,7.363477631085019,1.05984293919473,,163,53.71609098567821,51.0,0,mNG_pilT_cyaB-,Solid,1
1,23,3.21945,4.617705986422269,1.07282311451841,,133,65.4107611548556,64.5,0,mNG_pilT_cyaB-,Solid,1
1,25,3.18565,4.77228922050227,1.07923674655925,,153,68.2679045092838,65.0,8,mNG_pilT_cyaB-,Solid,1
1,26,2.13785,2.9815537495307702,1.09059968982933,,175,51.503952569169996,49.0,2,mNG_pilT_cyaB-,Solid,1
1,27,2.4167,3.3307097574855,1.04947067358321,,91,39.1835664335664,39.0,0,mNG_pilT_cyaB-,Solid,1
1,28,2.530775,3.254557520594,1.0372910589248399,,146,77.3005008347245,76.0,5,mNG_pilT_cyaB-,Solid,1
1,29,3.139175,4.29923881554251,1.0618479933815699,,101,39.0578734858681,38.0,0,mNG_pilT_cyaB-,Solid,1
1,30,2.657525,3.709557520594,1.07602877899718,,301,54.429252782194006,50.0,2,mNG_pilT_cyaB-,Solid,1
1,31,3.05045,4.393868683519029,1.07966912753363,,306,79.9695290858726,74.0,8,mNG_pilT_cyaB-,Solid,1
1,34,2.366,3.1738477631085003,1.01725889843221,,106,38.405357142857106,36.0,0,mNG_pilT_cyaB-,Solid,1
1,35,1.812525,2.48109034971425,1.03126181995361,,200,55.89510489510489,53.0,1,mNG_pilT_cyaB-,Solid,1
1,36,2.23925,3.1603548787427505,1.0751667862455,,342,75.2283018867925,70.0,13,mNG_pilT_cyaB-,Solid,1
1,37,2.05335,2.8042388155425098,1.0715443046841,,283,63.5987654320988,58.5,8,mNG_pilT_cyaB-,Solid,1
1,38,1.770275,2.4003187050514905,1.0602911889159399,,87,31.6443914081146,29.0,0,mNG_pilT_cyaB-,Solid,1
1,39,3.0082,4.09770598642227,1.07720199648359,,142,75.872191011236,75.0,17,mNG_pilT_cyaB-,Solid,1
1,40,3.080025,3.95883250982777,1.0536964904814201,,280,84.0137174211248,82.0,9,mNG_pilT_cyaB-,Solid,1
1,41,3.772925,4.7749952069245305,1.03559338372587,,121,49.54311310190371,49.0,2,mNG_pilT_cyaB-,Solid,1
1,42,3.18565,4.18039105243401,1.04537139221418,,154,49.840848806366,48.0,0,mNG_pilT_cyaB-,Solid,1
1,43,3.705325,4.51654328932551,1.03663200038358,,184,67.7445838084379,66.0,7,mNG_pilT_cyaB-,Solid,1
1,45,2.412475,3.11993811282275,1.07733896405877,,119,52.4553415061296,53.0,2,mNG_pilT_cyaB-,Solid,1
1,46,2.260375,3.04002092041053,1.06625402057869,,279,64.1476635514019,61.0,0,mNG_pilT_cyaB-,Solid,1
1,48,3.325075,4.3930142312685,1.11108783205933,,177,59.918678526048296,57.0,1,mNG_pilT_cyaB-,Solid,1
1,49,3.4307,4.391162697096759,1.07218794117342,,155,56.25,54.0,2,mNG_pilT_cyaB-,Solid,1
1,50,3.485625,4.56613698361077,1.0757887081989301,,144,52.139393939393905,50.0,0,mNG_pilT_cyaB-,Solid,1
1,51,2.556125,3.36921310205652,1.05345922252289,,158,68.1123966942149,68.0,15,mNG_pilT_cyaB-,Solid,1
1,52,3.18565,4.16960415449053,1.05033310539497,,212,59.675066312997295,57.5,0,mNG_pilT_cyaB-,Solid,1
1,53,2.851875,3.7457821048680198,1.07813720622286,,126,48.531851851851904,47.0,0,mNG_pilT_cyaB-,Solid,1
1,54,3.764475,4.94811795926681,1.01563070046691,,280,74.60269360269359,72.0,1,mNG_pilT_cyaB-,Solid,1
1,55,3.5659,4.64228922050227,1.07865749297459,,338,82.1018957345972,75.0,9,mNG_pilT_cyaB-,Solid,1
1,56,2.81385,3.79309703885628,1.0782535853761899,,147,48.370870870870895,46.5,0,mNG_pilT_cyaB-,Solid,1
1,57,4.36865,5.32611127012477,1.04190237166449,,125,62.8617021276596,62.0,10,mNG_pilT_cyaB-,Solid,1
1,58,3.637725,4.5750104602052595,1.06181463866535,,188,83.3344947735192,84.0,15,mNG_pilT_cyaB-,Solid,1
1,59,2.564575,3.4542388155425097,1.06263020768144,,131,48.6490939044481,47.0,0,mNG_pilT_cyaB-,Solid,1
1,60,2.294175,2.83769552621701,1.03476668459675,,173,67.292817679558,65.0,8,mNG_pilT_cyaB-,Solid,1
1,62,3.6504,5.34847763108502,1.07343544978795,,129,47.90972222222221,46.0,0,mNG_pilT_cyaB-,Solid,1
1,63,3.392675,4.548086578651009,1.0585816085925999,,172,79.4433374844334,78.0,18,mNG_pilT_cyaB-,Solid,1
1,65,2.387125,3.13847763108502,1.07966912753363,,100,42.6088495575221,42.0,0,mNG_pilT_cyaB-,Solid,1
1,66,3.308175,4.6399485730280094,1.0587296962005,,139,54.1021711366539,53.0,0,mNG_pilT_cyaB-,Solid,1
1,67,1.98575,2.6784309971885,1.07658492284648,,166,85.44680851063829,84.0,26,mNG_pilT_cyaB-,Solid,1
1,68,2.496975,3.0215432893255096,1.04679588990053,,186,67.2470389170897,66.0,0,mNG_pilT_cyaB-,Solid,1
1,69,2.32375,2.86881158941724,1.05655218960875,,113,42.341818181818205,40.0,0,mNG_pilT_cyaB-,Solid,1
1,70,1.829425,2.48847763108502,1.06181463866535,,135,76.49422632794459,78.0,13,mNG_pilT_cyaB-,Solid,1
1,71,3.03355,3.81306086516502,1.06238436067384,,271,62.3398328690808,60.0,2,mNG_pilT_cyaB-,Solid,1
1,72,2.13785,2.9207459311767594,1.0853630062908,,163,58.871541501976296,58.0,0,mNG_pilT_cyaB-,Solid,1
1,74,2.15475,3.0238220496225097,1.09619045589966,,186,62.8254901960784,60.0,8,mNG_pilT_cyaB-,Solid,1
1,75,3.0082,3.86420264185125,1.07381952660071,,184,73.8370786516854,73.0,13,mNG_pilT_cyaB-,Solid,1
1,76,2.175875,2.93651757583951,1.06483666202544,,111,50.53203883495149,49.0,4,mNG_pilT_cyaB-,Solid,1
1,77,3.333525,4.18962986797652,1.08872523470452,,125,48.2243346007605,47.0,7,mNG_pilT_cyaB-,Solid,1
1,78,3.08425,4.34002092041053,1.11874603406799,,173,78.1,77.0,12,mNG_pilT_cyaB-,Solid,1
1,79,3.0758,4.12733585439879,1.06153980926978,,111,50.4024725274725,50.0,3,mNG_pilT_cyaB-,Solid,1
1,80,3.4138,4.61302469147376,1.05736522944485,,177,66.3440594059406,64.0,4,mNG_pilT_cyaB-,Solid,1
1,81,2.218125,2.8107716446627498,1.0269701942148,,123,44.1238095238095,42.0,5,mNG_pilT_cyaB-,Solid,1
1,82,2.116725,2.79031870505149,1.06491212307805,,137,66.6986027944112,66.0,10,mNG_pilT_cyaB-,Solid,1
1,83,2.927925,3.9788582233137704,1.07375061921325,,103,48.072150072150095,47.0,4,mNG_pilT_cyaB-,Solid,1
1,85,2.260375,2.92031870505149,1.06820099232931,,123,51.93271028037379,49.0,10,mNG_pilT_cyaB-,Solid,1
1,86,2.235025,2.97459369428526,1.0576972473784398,,130,55.572778827977295,55.0,7,mNG_pilT_cyaB-,Solid,1
2,1,1.956175,2.9811265234055,1.07802234883277,,172,53.60691144708421,51.0,0,mNG_pilT_cyaB-,Solid,1
2,2,2.56035,3.7300104602052597,1.07966113206283,,216,79.3300330033003,78.0,11,mNG_pilT_cyaB-,Solid,1
2,3,2.066025,3.09997428651401,1.07697578349417,,114,50.104294478527606,49.0,6,mNG_pilT_cyaB-,Solid,1
2,4,3.05045,4.4319448019647805,1.08105700875117,,148,69.9265927977839,68.0,11,mNG_pilT_cyaB-,Solid,1
2,5,3.950375,5.26849855149555,1.06063776076333,,126,47.6085561497326,47.0,0,mNG_pilT_cyaB-,Solid,1
2,6,2.218125,3.2211626970967595,1.06975529699975,,104,37.5047619047619,37.0,0,mNG_pilT_cyaB-,Solid,1
2,7,3.1096,4.3907354709715,1.05533644005795,,117,42.644021739130395,43.0,0,mNG_pilT_cyaB-,Solid,1
2,8,2.197,3.0526593525257497,1.08170617768327,,181,51.6076923076923,49.0,5,mNG_pilT_cyaB-,Solid,1
2,9,2.023775,3.52656420973604,1.05096882167725,,163,74.40501043841341,73.0,6,mNG_pilT_cyaB-,Solid,1
2,10,2.032225,2.9249381128227503,1.06004897772028,,156,70.5322245322245,68.0,12,mNG_pilT_cyaB-,Solid,1
2,11,3.21945,4.17577164466275,1.01857026770862,,133,53.685039370078705,53.0,0,mNG_pilT_cyaB-,Solid,1
2,13,2.9406,4.53040151263927,1.08036946009204,,145,41.316091954023,39.0,0,mNG_pilT_cyaB-,Solid,1
2,14,1.871675,2.7392388155425094,1.07248911335735,,107,49.9119638826185,48.0,5,mNG_pilT_cyaB-,Solid,1
2,15,1.95195,2.78150711563425,1.07384492648425,,202,82.85497835497841,79.0,9,mNG_pilT_cyaB-,Solid,1
2,16,1.7407,2.44535487874275,1.0770816387495301,,144,53.5388349514563,51.0,0,mNG_pilT_cyaB-,Solid,1
2,17,2.116725,2.8757716446627497,1.0264036452259,,127,49.2215568862275,47.0,0,mNG_pilT_cyaB-,Solid,1
2,18,1.5379,2.2526955262170096,1.0425766664390799,,232,65.5604395604396,59.0,3,mNG_pilT_cyaB-,Solid,1
2,19,2.564575,3.9519343417595203,1.07127507751837,,146,42.3591433278418,40.0,1,mNG_pilT_cyaB-,Solid,1
2,20,2.96595,4.108858223313771,1.07248911335735,,142,59.3888888888889,57.5,0,mNG_pilT_cyaB-,Solid,1
2,21,2.015325,2.8826698127310095,1.0807133093342,,162,62.859538784067105,62.0,9,mNG_pilT_cyaB-,Solid,1
2,22,2.091375,2.87151757583951,1.04680590172657,,189,61.4,61.0,0,mNG_pilT_cyaB-,Solid,1
2,23,2.59415,3.86690862827352,1.0508398569104398,,151,57.16286644951139,56.0,0,mNG_pilT_cyaB-,Solid,1
2,24,2.851875,3.92771644662753,1.06753105299777,,185,57.5925925925926,57.0,7,mNG_pilT_cyaB-,Solid,1
2,26,2.20545,3.17002092041053,1.07713922440038,,243,56.423371647509605,50.5,1,mNG_pilT_cyaB-,Solid,1
2,27,2.243475,3.3153653389480198,1.05689852510132,,116,41.3596986817326,39.0,0,mNG_pilT_cyaB-,Solid,1
2,28,2.370225,3.30846717087976,1.04930685331752,,173,53.210338680926895,51.0,0,mNG_pilT_cyaB-,Solid,1
2,29,2.0787,2.82611606320024,1.03054422928237,,146,68.7357723577236,69.0,5,mNG_pilT_cyaB-,Solid,1
2,30,3.181425,4.27502092041053,1.08109870010437,,217,61.321381142098296,58.0,7,mNG_pilT_cyaB-,Solid,1
2,31,4.19965,6.00999520692453,1.0850819785727701,,203,71.1428571428571,68.0,9,mNG_pilT_cyaB-,Solid,1
2,32,3.620825,4.9834880912902895,1.08426406871193,,188,50.6254375729288,48.0,0,mNG_pilT_cyaB-,Solid,1
2,33,2.61105,3.5146194077712596,1.03963600453622,,122,48.752427184466,47.0,0,mNG_pilT_cyaB-,Solid,1
2,34,2.62795,3.5753653389480196,1.0946527633357,,335,77.78778135048229,69.0,0,mNG_pilT_cyaB-,Solid,1
2,35,2.530775,3.4361265234055094,1.07794908904186,,321,66.06176961602671,59.0,7,mNG_pilT_cyaB-,Solid,1
2,36,2.9913,4.24958323408,1.07162984164171,,183,57.8700564971751,56.0,2,mNG_pilT_cyaB-,Solid,1
2,37,2.05335,2.7949381128227504,1.04288009558667,,132,54.5514403292181,54.0,0,mNG_pilT_cyaB-,Solid,1
2,39,2.3153,3.48535487874275,1.072416885767,,110,42.2700729927007,41.0,0,mNG_pilT_cyaB-,Solid,1
2,40,2.8561,4.06233585439879,1.05564636874831,,154,44.43343195266271,42.0,0,mNG_pilT_cyaB-,Solid,1
2,41,4.322175,5.8592388155425095,1.04562267481902,,224,70.9560117302053,69.0,13,mNG_pilT_cyaB-,Solid,1
2,42,3.4983,4.7523253941935195,1.08033904827525,,231,56.3357487922705,53.5,0,mNG_pilT_cyaB-,Solid,1
2,43,1.9942,2.7837858759312497,1.0228960754249101,,142,45.010593220339004,42.0,0,mNG_pilT_cyaB-,Solid,1
2,44,2.5857,3.471861994377,1.0629636319020699,,135,64.9575163398693,65.0,4,mNG_pilT_cyaB-,Solid,1
2,45,3.950375,5.20769073314154,1.03596462828245,,157,63.685561497326205,60.0,7,mNG_pilT_cyaB-,Solid,1
2,46,3.257475,4.498430997188501,1.08016754874405,,207,45.747081712062304,42.0,1,mNG_pilT_cyaB-,Solid,1
2,47,1.989975,2.5284671708797597,1.06067619111425,,170,45.1273885350318,43.0,0,mNG_pilT_cyaB-,Solid,1
2,48,1.9435,2.602278760297,1.07731726807732,,134,60.3195652173913,60.0,0,mNG_pilT_cyaB-,Solid,1
2,49,3.1096,3.9696194077712597,1.03140577250886,,228,60.726902173913004,59.0,9,mNG_pilT_cyaB-,Solid,1
2,50,2.535,3.52656420973604,1.04626822940238,,278,74.1616666666667,71.0,10,mNG_pilT_cyaB-,Solid,1
2,51,2.3322,2.7791664681599997,1.07701833807387,,182,85.6195652173913,84.0,9,mNG_pilT_cyaB-,Solid,1
2,52,2.1463,3.0819238815542502,1.0085847904463001,,146,63.488188976378005,63.0,0,mNG_pilT_cyaB-,Solid,1
2,53,1.8252,2.405,1.0,,143,57.5069444444444,59.0,0,mNG_pilT_cyaB-,Solid,1
2,54,2.471625,3.2699638263087403,1.0471567329104698,,221,57.89743589743589,53.0,9,mNG_pilT_cyaB-,Solid,1
2,55,2.1632,2.94028253136024,1.04521785116047,,117,42.939453125,42.0,0,mNG_pilT_cyaB-,Solid,1
2,56,1.736475,2.4411626970967597,1.07966912753363,,118,52.491484184914796,51.0,5,mNG_pilT_cyaB-,Solid,1
2,57,2.758925,3.3284309971885,1.07123091845751,,105,48.70137825421129,48.0,0,mNG_pilT_cyaB-,Solid,1
2,58,2.927925,3.81768027293628,1.03697674565467,,135,54.766233766233796,53.0,3,mNG_pilT_cyaB-,Solid,1
2,59,3.257475,4.45616269709676,1.05571302960786,,182,59.2866407263294,57.0,13,mNG_pilT_cyaB-,Solid,1
2,60,2.5181,3.5753653389480196,1.06551228727554,,181,81.94798657718121,82.0,10,mNG_pilT_cyaB-,Solid,1
2,61,2.725125,3.812695526217,1.02843473543813,,191,53.5705426356589,51.0,0,mNG_pilT_cyaB-,Solid,1
2,62,1.9435,2.7346194077712593,1.04365474598587,,214,51.2978260869565,47.0,6,mNG_pilT_cyaB-,Solid,1
2,63,2.868775,3.6111626970967596,1.0648529502314301,,114,50.575846833578794,49.0,5,mNG_pilT_cyaB-,Solid,1
2,64,3.012425,4.33959369428526,1.07949340415098,,172,41.6760168302945,40.0,0,mNG_pilT_cyaB-,Solid,1
2,65,3.063125,4.06190862827352,1.05780125928339,,154,46.5641379310345,46.0,0,mNG_pilT_cyaB-,Solid,1
2,66,4.381325,5.463071325370281,1.07190571051019,,202,67.3355834136933,65.0,8,mNG_pilT_cyaB-,Solid,1
2,67,4.63905,5.740391052434009,1.0364059648134,,214,74.7859744990892,74.0,10,mNG_pilT_cyaB-,Solid,1
2,68,2.556125,3.5795575205940002,1.05033688984281,,190,62.758677685950396,61.0,0,mNG_pilT_cyaB-,Solid,1
2,69,2.978625,4.19886868351903,1.10898840686778,,139,53.4439716312057,50.0,0,mNG_pilT_cyaB-,Solid,1
2,70,2.3322,3.10964032818179,1.02322637110623,,245,70.5054347826087,68.0,0,mNG_pilT_cyaB-,Solid,1
2,71,1.770275,2.537278760297,1.0768547913064201,,221,67.1670644391408,65.0,1,mNG_pilT_cyaB-,Solid,1
2,72,3.882775,5.42420264185125,1.0747313248882602,,134,49.6637649619151,49.0,0,mNG_pilT_cyaB-,Solid,1
2,73,3.857425,4.98306086516502,1.0780436812799201,,283,70.6352683461117,68.0,2,mNG_pilT_cyaB-,Solid,1
2,74,2.175875,2.83116269709676,1.07489215798247,,138,64.8932038834951,64.0,7,mNG_pilT_cyaB-,Solid,1
2,75,2.116725,2.92308657865101,1.07684967654196,,135,53.7964071856287,52.0,5,mNG_pilT_cyaB-,Solid,1
2,76,3.105375,4.02765935252575,1.0583247893918,,174,65.7959183673469,64.0,0,mNG_pilT_cyaB-,Solid,1
2,77,3.94615,5.06765935252575,1.05012126457639,,227,86.69914346895081,84.0,12,mNG_pilT_cyaB-,Solid,1
2,78,3.291275,4.575375799153281,1.04745758850857,,271,56.2349165596919,53.0,2,mNG_pilT_cyaB-,Solid,1
2,79,3.4983,4.49417692836526,1.07980387307044,,169,51.770531400966206,49.0,0,mNG_pilT_cyaB-,Solid,1
2,80,2.885675,4.05962986797652,1.07923372629621,,151,46.308931185944395,45.0,0,mNG_pilT_cyaB-,Solid,1
2,81,2.775825,3.74763363903975,1.06027399478677,,171,77.5936073059361,76.0,5,mNG_pilT_cyaB-,Solid,1
2,82,2.028,2.61577164466275,1.02882321552617,,111,46.125,46.0,0,mNG_pilT_cyaB-,Solid,1
2,83,1.91815,2.60461940777126,1.04549032392238,,482,79.8986784140969,68.0,6,mNG_pilT_cyaB-,Solid,1
2,85,5.0362,6.43615790402129,1.05975680016735,,265,64.3464765100671,63.0,0,mNG_pilT_cyaB-,Solid,1
2,86,2.125175,2.6584671708797596,1.05849312387088,,171,49.44930417495029,46.0,0,mNG_pilT_cyaB-,Solid,1
2,87,2.30685,2.9676955262169997,1.0333943403580799,,160,73.1135531135531,71.0,10,mNG_pilT_cyaB-,Solid,1
2,89,3.240575,4.48998474671927,1.08758588373362,,286,61.23989569752279,57.0,0,mNG_pilT_cyaB-,Solid,1
2,90,3.3124,4.2342388155425095,1.05383707536974,,136,67.0051020408163,66.0,9,mNG_pilT_cyaB-,Solid,1
2,91,3.32085,4.27040151263927,1.08153896502846,,214,70.87913486005091,67.0,5,mNG_pilT_cyaB-,Solid,1
2,92,2.404025,3.33028253136023,1.05532914311251,,145,70.61335676625659,71.0,2,mNG_pilT_cyaB-,Solid,1
2,93,3.730675,4.837289220502269,1.1384717315783899,,189,64.1109852774632,60.0,4,mNG_pilT_cyaB-,Solid,1
2,94,3.003975,3.9138582233137704,1.07437962789608,,121,47.811533052039394,46.0,5,mNG_pilT_cyaB-,Solid,1
2,95,2.6533,3.34271644662753,1.0512713580786501,,147,62.1799363057325,60.0,0,mNG_pilT_cyaB-,Solid,1
2,97,2.62795,3.56840528370251,1.04308796013441,,125,50.104501607717,50.0,0,mNG_pilT_cyaB-,Solid,1
2,98,2.758925,3.76340528370251,1.0590212537324002,,146,58.62174578866771,56.0,7,mNG_pilT_cyaB-,Solid,1
2,99,9.28655,11.4658030252786,1.0726242889575601,,162,59.1606005459509,58.0,2,mNG_pilT_cyaB-,Solid,1
2,100,1.521,2.04192388155425,1.0128348955875,,125,53.1138888888889,52.0,10,mNG_pilT_cyaB-,Solid,1
2,101,3.8025,4.90420264185125,1.0652045179645502,,140,59.2911111111111,57.0,11,mNG_pilT_cyaB-,Solid,1
2,102,4.9517,6.30998474671927,1.10657899766542,,166,81.49061433447099,79.0,22,mNG_pilT_cyaB-,Solid,1
2,104,2.2646,3.0261626970967597,1.07231711963401,,142,60.070895522388106,58.0,6,mNG_pilT_cyaB-,Solid,1
2,105,2.750475,3.66728922050227,1.0645251728598701,,149,69.3256528417819,67.0,21,mNG_pilT_cyaB-,Solid,1
2,106,3.671525,5.0053653389480095,1.11790350257438,,154,57.487917146145,56.0,7,mNG_pilT_cyaB-,Solid,1
2,109,2.7378,4.02993811282275,1.0745536967065001,,172,52.149691358024704,50.0,3,mNG_pilT_cyaB-,Solid,1
2,110,1.8083,2.56420264185125,1.07566699806411,,223,64.5023364485981,62.5,6,mNG_pilT_cyaB-,Solid,1
2,111,2.81385,3.682695526217,1.02741108590655,,148,60.719219219219205,59.0,9,mNG_pilT_cyaB-,Solid,1
2,112,1.93505,2.64916646816,1.0495308817052902,,132,61.7161572052402,61.5,4,mNG_pilT_cyaB-,Solid,1
2,113,3.908125,5.54958323408,1.04446472531742,,204,87.06162162162158,85.0,9,mNG_pilT_cyaB-,Solid,1
2,114,1.989975,2.90035487874275,1.07684361151495,,204,57.4097664543524,55.0,0,mNG_pilT_cyaB-,Solid,1
2,116,2.074475,3.42731493398826,1.0583754760153499,,352,101.613034623218,97.0,31,mNG_pilT_cyaB-,Solid,1
2,117,2.9913,3.95840528370251,1.07352924790207,,177,72.87429378531071,72.5,2,mNG_pilT_cyaB-,Solid,1
2,118,3.992625,5.01417692836526,1.09488980325512,,134,59.7195767195767,59.0,8,mNG_pilT_cyaB-,Solid,1
2,119,2.40825,3.21605417602299,1.04424361083471,,108,52.0964912280702,51.0,6,mNG_pilT_cyaB-,Solid,1
2,120,2.54345,3.04150711563425,1.0712388016858199,,233,82.7275747508306,82.0,16,mNG_pilT_cyaB-,Solid,1
2,121,2.911025,3.9092388155425097,1.07328243434802,,125,53.111756168359896,52.0,0,mNG_pilT_cyaB-,Solid,1
2,122,5.82205,8.204650788387049,1.08742289588571,,146,53.5732946298984,50.0,2,mNG_pilT_cyaB-,Solid,1
2,123,2.589925,3.36921310205652,1.04913465901775,,128,55.156606851549796,54.0,0,mNG_pilT_cyaB-,Solid,1
2,126,3.443375,4.600020920410531,1.08225001847847,,113,42.0331288343558,41.0,0,mNG_pilT_cyaB-,Solid,1
2,127,3.147625,3.97503138061579,1.02842133270071,,123,58.3557046979866,58.0,4,mNG_pilT_cyaB-,Solid,1
3,1,2.420925,3.70770598642227,1.08010922269215,,110,47.6195462478185,46.0,0,mNG_pilT_cyaB-,Solid,1
3,2,1.2506,2.01961940777126,1.06572883372038,,116,53.969594594594604,52.0,7,mNG_pilT_cyaB-,Solid,1
3,3,2.84765,4.32233585439879,1.07915755182225,,203,70.2937685459941,68.0,0,mNG_pilT_cyaB-,Solid,1
3,4,3.409575,4.69422356226178,1.05241266814636,,137,51.110285006195795,49.0,4,mNG_pilT_cyaB-,Solid,1
3,5,4.888325,6.9400209204105305,1.09313358003427,,201,52.6629213483146,50.0,0,mNG_pilT_cyaB-,Solid,1
3,6,2.7378,4.58844145739376,1.12690508617697,,155,57.433641975308596,56.0,0,mNG_pilT_cyaB-,Solid,1
3,9,2.015325,2.9342388155425096,1.06967080230637,,150,55.4528301886792,53.0,0,mNG_pilT_cyaB-,Solid,1
3,10,2.7209,4.40964032818178,1.07453647935373,,130,48.2189440993789,45.0,0,mNG_pilT_cyaB-,Solid,1
3,11,2.378675,3.10878587593125,1.05633221082774,,131,48.8134991119005,48.0,0,mNG_pilT_cyaB-,Solid,1
3,12,2.826525,4.1404015126392695,1.08196901238392,,260,34.8594917787743,31.0,0,mNG_pilT_cyaB-,Solid,1
3,13,4.094025,6.13309703885628,1.07660798611242,,130,53.4757481940145,53.0,1,mNG_pilT_cyaB-,Solid,1
3,14,3.198325,4.41346717087976,1.0386023117473802,,160,64.6367239101717,63.0,0,mNG_pilT_cyaB-,Solid,1
3,15,2.42515,3.317278760297,1.07591348884495,,110,51.3484320557491,50.0,0,mNG_pilT_cyaB-,Solid,1
3,16,2.49275,3.29269552621701,1.03038586360076,,113,47.6084745762712,48.0,0,mNG_pilT_cyaB-,Solid,1
3,17,2.319525,3.03731493398826,1.0636477221210199,,240,88.34790528233151,87.0,11,mNG_pilT_cyaB-,Solid,1
3,18,3.426475,4.748498551495549,1.02984683114015,,215,102.014796547472,100.0,20,mNG_pilT_cyaB-,Solid,1
3,19,3.122275,4.92268027293627,1.06921790353412,,195,49.05953991880921,45.0,0,mNG_pilT_cyaB-,Solid,1
3,20,2.488525,3.3669343417595203,1.0772769705285201,,192,65.8573853989813,63.0,0,mNG_pilT_cyaB-,Solid,1
3,21,2.049125,3.1761265234055,1.07842504002355,,132,46.521649484536105,45.0,2,mNG_pilT_cyaB-,Solid,1
3,22,2.00265,2.8942492757477796,1.06318240851159,,124,49.3248945147679,48.0,3,mNG_pilT_cyaB-,Solid,1
3,23,3.042,5.11114744381603,1.05970979669296,,136,57.6722222222222,56.0,6,mNG_pilT_cyaB-,Solid,1
3,24,2.67865,3.66962986797652,1.0814978291017,,166,64.1750788643533,62.0,12,mNG_pilT_cyaB-,Solid,1
3,25,4.1912,5.569912399336751,1.0683030786359,,181,72.7217741935484,72.0,3,mNG_pilT_cyaB-,Solid,1
3,26,2.15475,3.0911626970967596,1.0915921483264799,,134,44.6921568627451,43.0,0,mNG_pilT_cyaB-,Solid,1
3,27,1.96885,3.12732539419352,1.09093760401949,,185,47.993562231759704,45.0,6,mNG_pilT_cyaB-,Solid,1
3,28,1.73225,2.58650711563425,1.07547073415145,,184,75.1951219512195,72.0,13,mNG_pilT_cyaB-,Solid,1
3,29,2.1463,3.34462986797652,1.08238181606303,,215,54.041338582677206,50.0,5,mNG_pilT_cyaB-,Solid,1
3,31,1.64775,2.67423881554251,1.07343544978795,,129,58.8589743589744,57.0,9,mNG_pilT_cyaB-,Solid,1
3,32,2.7885,3.83536533894802,1.0714136555649,,184,90.7848484848485,90.5,1,mNG_pilT_cyaB-,Solid,1
3,33,3.688425,4.90462986797652,1.07269939685489,,161,63.709049255440995,61.0,2,mNG_pilT_cyaB-,Solid,1
3,34,1.592825,2.9815537495307702,1.07966912753363,,123,55.047745358090204,54.0,2,mNG_pilT_cyaB-,Solid,1
3,35,2.7039999999999997,3.61578210486802,1.07917808426059,,145,60.5625,59.0,9,mNG_pilT_cyaB-,Solid,1
3,36,2.691325,3.61769552621701,1.02786640847251,,105,40.174254317111505,39.0,1,mNG_pilT_cyaB-,Solid,1
3,37,2.1294,2.78803994475449,1.0433794595212098,,216,83.63492063492059,82.0,13,mNG_pilT_cyaB-,Solid,1
3,38,1.85055,2.5888477631085,1.0199015083374499,,144,48.4908675799087,46.5,0,mNG_pilT_cyaB-,Solid,1
3,39,3.595475,5.176574669941299,1.05782592270575,,161,76.3607520564042,74.0,15,mNG_pilT_cyaB-,Solid,1
3,40,1.871675,2.8830970388562798,1.06181336567902,,150,44.0406320541761,41.0,0,mNG_pilT_cyaB-,Solid,1
3,41,1.829425,2.6445470603887404,1.07029628900027,,195,55.459584295612004,51.0,0,mNG_pilT_cyaB-,Solid,1
3,42,2.27305,3.11531870505149,1.07170221478027,,174,58.5074349442379,56.0,6,mNG_pilT_cyaB-,Solid,1
3,43,3.722225,4.79231493398826,1.04802892011364,,223,72.7684449489217,69.0,5,mNG_pilT_cyaB-,Solid,1
3,44,1.8928,2.5711626970967596,1.0781859596313002,,144,66.953125,65.0,3,mNG_pilT_cyaB-,Solid,1
3,45,2.015325,2.642695526217,1.0370431784541,,135,48.5723270440252,46.0,0,mNG_pilT_cyaB-,Solid,1
3,46,2.23925,3.19189816806826,1.1134631996439799,,292,75.2849056603774,71.5,8,mNG_pilT_cyaB-,Solid,1
3,47,3.37155,4.566564209736041,1.0747557208668002,,174,81.0689223057644,78.0,13,mNG_pilT_cyaB-,Solid,1
3,48,3.561675,4.76305040495976,1.07114655231629,,180,55.806642941874294,55.0,0,mNG_pilT_cyaB-,Solid,1
3,49,3.401125,4.48302469147376,1.0536160096612701,,206,83.51055900621121,83.0,5,mNG_pilT_cyaB-,Solid,1
3,50,3.003975,4.0861265234055,1.07415799559109,,139,57.7201125175809,56.0,2,mNG_pilT_cyaB-,Solid,1
3,51,3.15185,4.36651757583951,1.11192481798477,,177,51.1099195710456,47.0,0,mNG_pilT_cyaB-,Solid,1
3,52,3.54055,4.80340528370251,1.07279753370887,,169,75.48329355608591,73.0,5,mNG_pilT_cyaB-,Solid,1
3,53,2.936375,3.7276698127310097,1.0774590983698,,176,57.5669064748201,56.0,10,mNG_pilT_cyaB-,Solid,1
3,54,2.108275,2.91846717087976,1.05449021401443,,160,67.32464929859721,63.0,6,mNG_pilT_cyaB-,Solid,1
3,56,2.4674,3.2592388155425094,1.0651676036548101,,240,60.3681506849315,57.0,4,mNG_pilT_cyaB-,Solid,1
3,57,3.519425,4.581908628273519,1.07025753429978,,370,85.23769507803121,81.0,12,mNG_pilT_cyaB-,Solid,1
3,58,3.2110000000000003,4.19610080991951,1.04777843305911,,202,56.5223684210526,54.0,0,mNG_pilT_cyaB-,Solid,1
3,59,3.06735,4.23374970223999,1.07124078033521,,270,99.28374655647379,97.0,21,mNG_pilT_cyaB-,Solid,1
3,60,2.7716,3.71189816806826,1.07901167112795,,228,57.9740853658537,55.0,0,mNG_pilT_cyaB-,Solid,1
3,61,2.366,3.1561626970967596,1.07060404539402,,181,52.075,50.0,0,mNG_pilT_cyaB-,Solid,1
3,62,1.71535,2.55681536048048,1.0569662580932702,,166,62.48275862068971,59.0,2,mNG_pilT_cyaB-,Solid,1
3,65,2.49275,3.2764347682517303,1.0610171155244301,,158,60.4949152542373,60.0,3,mNG_pilT_cyaB-,Solid,1
3,66,2.792725,3.6065432893255096,1.04689210140073,,268,59.231467473525,58.0,7,mNG_pilT_cyaB-,Solid,1
3,67,2.404025,3.1018877078629905,1.0478722492267099,,181,59.75746924428821,56.0,0,mNG_pilT_cyaB-,Solid,1
3,68,2.6364,3.40039105243401,1.05367589863188,,186,62.913461538461505,62.0,1,mNG_pilT_cyaB-,Solid,1
3,69,2.327975,3.19651757583951,1.08614250469239,,153,55.1143375680581,54.0,4,mNG_pilT_cyaB-,Solid,1
3,70,3.3631,4.48345191759903,1.0540854738481,,273,55.790201005025104,52.0,0,mNG_pilT_cyaB-,Solid,1
3,71,2.927925,3.93616269709676,1.06108653953442,,316,82.00432900432901,79.0,0,mNG_pilT_cyaB-,Solid,1
3,72,2.2815,3.1807459311767596,1.0807834684191,,159,63.674074074074106,59.0,8,mNG_pilT_cyaB-,Solid,1
3,75,4.905225,6.3611265234055,1.05713454816418,,215,43.671834625323,42.0,0,mNG_pilT_cyaB-,Solid,1
3,76,2.0956,2.86881158941724,1.05655218960875,,147,54.8770161290323,53.0,0,mNG_pilT_cyaB-,Solid,1
3,78,3.046225,4.21883250982777,1.05890824481577,,146,63.50901525658811,62.0,7,mNG_pilT_cyaB-,Solid,1
3,79,2.302625,3.07724258660574,1.06880598223121,,164,48.3908256880734,47.0,2,mNG_pilT_cyaB-,Solid,1
3,80,2.235025,3.0865432893255096,1.05522847498308,,211,84.82797731569,80.0,15,mNG_pilT_cyaB-,Solid,1
3,81,3.30395,4.41802469147376,1.0515515412560401,,303,72.02301790281331,68.0,0,mNG_pilT_cyaB-,Solid,1
3,82,1.804075,2.4661731573020296,1.03110021546863,,176,48.8313817330211,45.0,0,mNG_pilT_cyaB-,Solid,1
3,83,2.640625,3.43846717087976,1.04777156427428,,190,71.4944,70.0,3,mNG_pilT_cyaB-,Solid,1
3,84,2.27305,3.0553653389480195,1.0445693466488901,,109,51.3810408921933,50.0,0,mNG_pilT_cyaB-,Solid,1
3,85,2.843425,3.70579256507328,1.0649510742789499,,222,56.1634472511144,53.0,6,mNG_pilT_cyaB-,Solid,1
3,86,2.640625,3.8088686835190297,1.07109818872567,,161,75.5264,73.0,17,mNG_pilT_cyaB-,Solid,1
3,87,2.67865,3.61997428651401,1.07880642011176,,156,62.2681388012618,61.0,0,mNG_pilT_cyaB-,Solid,1
3,88,3.27015,3.9384414573937594,1.08302596541264,,141,54.6434108527132,54.0,0,mNG_pilT_cyaB-,Solid,1
3,89,2.2308,2.9161265234055,1.0776896823479498,,155,72.2784090909091,71.0,14,mNG_pilT_cyaB-,Solid,1
3,90,2.94905,3.4765432893255097,1.04154783370988,,136,67.11604584527221,65.0,0,mNG_pilT_cyaB-,Solid,1
3,91,2.235025,3.01643476825173,1.05225446794489,,117,43.482041587901705,43.0,3,mNG_pilT_cyaB-,Solid,1
3,92,3.82785,4.77733585439879,1.08154713950987,,210,86.2362030905077,85.0,0,mNG_pilT_cyaB-,Solid,1
3,93,2.725125,3.5911369836107703,1.07021247301478,,192,50.7860465116279,48.0,0,mNG_pilT_cyaB-,Solid,1
3,96,1.69845,2.4003187050514905,1.05508514507758,,124,59.353233830845795,59.0,12,mNG_pilT_cyaB-,Solid,1
3,97,1.9942,2.80381158941724,1.05744748571569,,477,93.89830508474579,79.0,0,mNG_pilT_cyaB-,Solid,1
3,98,2.420925,3.18770598642227,1.13927139118014,,138,67.5951134380454,67.0,9,mNG_pilT_cyaB-,Solid,1
3,100,2.32375,3.13109034971425,1.06391103260667,,156,57.643636363636396,54.0,0,mNG_pilT_cyaB-,Solid,1
3,101,2.6533,3.8957459311767595,1.0790701648579202,,142,56.0796178343949,54.0,5,mNG_pilT_cyaB-,Solid,1
3,103,4.905225,5.917705986422269,1.06229252938308,,287,115.20930232558099,111.0,40,mNG_pilT_cyaB-,Solid,1
3,104,3.0082,3.95846717087976,1.04611133161226,,164,55.818820224719104,54.0,0,mNG_pilT_cyaB-,Solid,1
3,105,3.69265,4.90037579915328,1.06141554661108,,186,63.0732265446224,61.0,4,mNG_pilT_cyaB-,Solid,1
3,107,2.632175,3.3214709419429904,1.07488717497935,,148,73.40770465489571,71.0,12,mNG_pilT_cyaB-,Solid,1
3,109,3.28705,4.17109034971425,1.07640951675534,,146,57.0591259640103,54.0,0,mNG_pilT_cyaB-,Solid,1
3,110,2.522325,3.3488220496225094,1.0766163544221399,,133,56.643216080402006,56.0,4,mNG_pilT_cyaB-,Solid,1
3,111,3.781375,4.73691908847879,1.02876760788398,,188,64.131843575419,62.0,0,mNG_pilT_cyaB-,Solid,1
3,112,3.722225,4.82385822331377,1.06574937440846,,169,70.6730987514188,69.0,1,mNG_pilT_cyaB-,Solid,1
3,113,2.0449,2.7638220496225094,1.06400645469515,,117,54.1611570247934,54.0,0,mNG_pilT_cyaB-,Solid,1
3,114,2.167425,2.8692388155425097,1.07060404539402,,102,46.7602339181287,45.0,4,mNG_pilT_cyaB-,Solid,1
3,115,2.54345,3.10921310205652,1.04060853579932,,105,45.58803986710961,44.0,0,mNG_pilT_cyaB-,Solid,1
3,116,3.0927,3.9083224761147304,1.05228999389587,,172,73.8224043715847,73.0,10,mNG_pilT_cyaB-,Solid,1
3,117,4.75735,6.769604154490531,1.08054301653296,,143,56.4786856127886,54.0,10,mNG_pilT_cyaB-,Solid,1
3,118,2.52655,3.39109034971425,1.06984307327047,,147,72.5702341137124,73.0,17,mNG_pilT_cyaB-,Solid,1
3,119,2.471625,3.097695526217,1.03212375019718,,131,54.6102564102564,53.0,8,mNG_pilT_cyaB-,Solid,1
3,120,2.32375,3.1157459311767597,1.07051188047834,,124,57.7436363636364,57.0,5,mNG_pilT_cyaB-,Solid,1
3,121,2.404025,2.9519238815542503,1.0089556517268001,,163,56.5413005272408,54.0,6,mNG_pilT_cyaB-,Solid,1
3,122,2.006875,2.71502092041053,1.03490213183576,,119,47.395789473684204,47.0,0,mNG_pilT_cyaB-,Solid,1
3,123,2.72935,3.82464032818178,1.0733837229254302,,137,64.23374613003101,63.5,9,mNG_pilT_cyaB-,Solid,1
3,124,2.801175,3.5730865786510098,1.06905354398685,,140,67.3257918552036,66.0,15,mNG_pilT_cyaB-,Solid,1
3,127,2.378675,2.78803994475449,1.03847518109071,,116,48.3001776198934,48.0,0,mNG_pilT_cyaB-,Solid,1
3,129,2.366,3.23693434175952,1.1306278231273,,108,49.298214285714295,50.0,9,mNG_pilT_cyaB-,Solid,1
4,1,1.846325,2.6119448019647797,1.0141467703476401,,103,44.741418764302104,44.0,0,mNG_pilT_cyaB-,Solid,1
4,2,2.88145,4.33348809129029,1.06783298858801,,123,57.7184750733138,57.0,4,mNG_pilT_cyaB-,Solid,1
4,3,2.006875,2.642695526217,1.0370431784541,,225,55.4378947368421,53.0,3,mNG_pilT_cyaB-,Solid,1
4,4,2.716675,4.393868683519029,1.09428270086061,,104,45.169517884914505,45.0,0,mNG_pilT_cyaB-,Solid,1
4,5,1.66465,2.6073253941935297,1.07014768352549,,107,50.083756345177704,50.0,0,mNG_pilT_cyaB-,Solid,1
4,6,2.07025,3.3269448019647796,1.0745212060701101,,102,43.5183673469388,42.0,0,mNG_pilT_cyaB-,Solid,1
4,7,2.446275,3.5284776310850203,1.08222781927339,,159,47.3678756476684,45.0,0,mNG_pilT_cyaB-,Solid,1
4,8,2.1801,3.2411265234055002,1.07839726507371,,173,43.240310077519396,41.0,0,mNG_pilT_cyaB-,Solid,1
4,9,4.3771,6.513858223313769,1.05887247223217,,251,55.76254826254829,50.0,0,mNG_pilT_cyaB-,Solid,1
4,10,2.784275,3.6603910524340098,1.05062157607039,,255,52.493171471927205,49.0,0,mNG_pilT_cyaB-,Solid,1
4,11,3.01665,4.86846717087976,1.0401704427649499,,184,48.310924369747895,47.0,0,mNG_pilT_cyaB-,Solid,1
4,12,2.530775,3.471861994377,1.0629636319020699,,102,44.9565943238731,44.0,0,mNG_pilT_cyaB-,Solid,1
4,13,3.20255,4.942705986422269,1.0964248818186402,,207,67.8430079155673,67.0,8,mNG_pilT_cyaB-,Solid,1
4,14,3.11805,4.41346717087976,1.04153070753601,,244,56.18970189701899,51.0,0,mNG_pilT_cyaB-,Solid,1
4,15,3.8532,5.0030865786510095,1.0544902140144201,,231,66.6337719298246,65.0,4,mNG_pilT_cyaB-,Solid,1
4,16,2.66175,3.64689816806826,1.08990173295425,,180,54.1031746031746,50.0,3,mNG_pilT_cyaB-,Solid,1
4,17,2.03645,2.602278760297,1.07731726807732,,163,63.6327800829876,63.0,0,mNG_pilT_cyaB-,Solid,1
4,18,2.294175,3.4180142312685002,1.0952797166916,,121,58.2246777163904,56.0,2,mNG_pilT_cyaB-,Solid,1
4,19,2.30685,3.30002092041053,1.0641851824526,,146,52.2783882783883,50.0,1,mNG_pilT_cyaB-,Solid,1
4,20,2.49275,3.8103548787427504,1.0693745174611802,,176,42.064406779661,40.0,0,mNG_pilT_cyaB-,Solid,1
4,21,2.860325,4.15808657865101,1.0624932159922098,,198,49.762186115214206,47.0,2,mNG_pilT_cyaB-,Solid,1
4,22,3.291275,4.5554119728445395,1.0915919104275,,122,46.3915275994865,44.0,0,mNG_pilT_cyaB-,Solid,1
4,23,2.581475,3.74386868351903,1.06956763273314,,168,60.6382978723404,60.0,7,mNG_pilT_cyaB-,Solid,1
4,24,2.074475,3.01920264185125,1.07817664539157,,127,52.5621181262729,50.0,2,mNG_pilT_cyaB-,Solid,1
4,25,2.91525,4.032278760296999,1.07004720099638,,183,60.0811594202899,58.0,0,mNG_pilT_cyaB-,Solid,1
4,26,5.741775,6.79418738857052,1.07078061611021,,233,54.083885209713,48.0,0,mNG_pilT_cyaB-,Solid,1
4,28,4.70665,6.08423402246704,1.05059905631559,,107,38.3159784560144,38.0,0,mNG_pilT_cyaB-,Solid,1
4,29,2.6533,3.8103548787427504,1.0693745174611802,,152,56.628980891719706,55.0,6,mNG_pilT_cyaB-,Solid,1
4,30,2.750475,4.27964032818178,1.07231711963401,,100,45.8817204301075,45.0,0,mNG_pilT_cyaB-,Solid,1
4,31,3.59125,4.89077164466275,1.01669961363148,,146,61.2176470588235,61.0,6,mNG_pilT_cyaB-,Solid,1
4,32,3.485625,4.59078210486802,1.07060404539402,,110,44.7406060606061,44.0,0,mNG_pilT_cyaB-,Solid,1
4,33,2.725125,3.8084414573937595,1.07331153157434,,149,58.162790697674396,57.0,3,mNG_pilT_cyaB-,Solid,1
4,34,1.5041,2.75962986797652,1.07872755187005,,156,65.3651685393258,64.5,8,mNG_pilT_cyaB-,Solid,1
4,35,2.361775,3.1403910524340097,1.05706368889328,,148,68.216457960644,68.0,4,mNG_pilT_cyaB-,Solid,1
4,36,1.7069,2.36692388155425,1.011115916491,,127,47.720297029703,45.5,4,mNG_pilT_cyaB-,Solid,1
4,37,2.961725,4.33035487874275,1.06446980449916,,248,57.1811697574893,52.0,3,mNG_pilT_cyaB-,Solid,1
4,38,2.336425,3.2076698127310097,1.06951891491688,,139,53.3688969258589,52.0,1,mNG_pilT_cyaB-,Solid,1
4,40,2.0787,2.9638686835190295,1.0352488014510601,,124,48.928861788617894,46.0,6,mNG_pilT_cyaB-,Solid,1
4,41,2.54345,4.14964032818178,1.06967080230637,,179,77.3936877076412,75.0,16,mNG_pilT_cyaB-,Solid,1
4,42,3.172975,4.94307132537028,1.05357306406756,,281,67.1105193075899,64.0,2,mNG_pilT_cyaB-,Solid,1
4,43,3.4814,4.774629867976519,1.07375061921325,,283,100.906553398058,99.0,15,mNG_pilT_cyaB-,Solid,1
4,44,2.197,3.2192492757477797,1.08153862691743,,139,66.2346153846154,66.0,7,mNG_pilT_cyaB-,Solid,1
4,45,2.15475,3.23502092041053,1.06181463866535,,124,59.974509803921606,60.0,4,mNG_pilT_cyaB-,Solid,1
4,46,1.8252,2.6580399447544902,1.04002409672764,,125,52.224537037037,51.0,2,mNG_pilT_cyaB-,Solid,1
4,47,1.7745,2.54147094194299,1.0844264847665401,,180,71.9761904761905,71.5,17,mNG_pilT_cyaB-,Solid,1
4,48,2.108275,3.0034309971885,1.07428234324048,,117,57.314629258517,57.0,6,mNG_pilT_cyaB-,Solid,1
4,49,1.95195,3.10650711563425,1.0705460335758499,,232,55.28571428571429,52.0,8,mNG_pilT_cyaB-,Solid,1
4,50,3.2617,4.78116269709676,1.0527403721667,,138,39.054404145077704,37.0,0,mNG_pilT_cyaB-,Solid,1
4,51,2.463175,3.40728922050227,1.05581342732378,,156,56.2195540308748,55.0,6,mNG_pilT_cyaB-,Solid,1
4,53,2.25615,3.3557821048680196,1.08098023814786,,262,74.4644194756554,66.0,8,mNG_pilT_cyaB-,Solid,1
4,54,1.964625,2.8418877078629907,1.05116406410913,,270,67.02795698924729,64.0,0,mNG_pilT_cyaB-,Solid,1
4,55,2.294175,3.1715071156342503,1.1043644722811599,,132,53.3406998158379,53.0,4,mNG_pilT_cyaB-,Solid,1
4,56,3.05045,3.82846717087976,1.0436547459858598,,144,61.297783933518,61.0,1,mNG_pilT_cyaB-,Solid,1
4,57,2.2984,3.4695832340800004,1.06289756655674,,152,61.3069852941176,59.0,1,mNG_pilT_cyaB-,Solid,1
4,58,1.9266,2.95001046020526,1.0790617118338002,,424,52.9956140350877,43.0,0,mNG_pilT_cyaB-,Solid,1
4,59,2.6026,3.49964032818179,1.0510615294408199,,171,59.5649350649351,57.0,7,mNG_pilT_cyaB-,Solid,1
4,60,2.8054,3.77874970223999,1.05265207200075,,176,67.69126506024101,64.0,7,mNG_pilT_cyaB-,Solid,1
4,61,2.843425,3.4876955262169997,1.02882321552617,,157,53.9791976225854,52.0,1,mNG_pilT_cyaB-,Solid,1
4,62,2.40825,3.40877541572599,1.06936875842639,,212,64.2491228070175,62.0,9,mNG_pilT_cyaB-,Solid,1
4,63,2.2646,2.82192388155425,1.0093599629091499,,209,86.9421641791045,84.0,16,mNG_pilT_cyaB-,Solid,1
4,64,2.45895,3.46305040495976,1.0785754800588199,,174,43.2560137457045,41.0,0,mNG_pilT_cyaB-,Solid,1
4,65,2.632175,3.7388220496225095,1.07897008007299,,187,69.091492776886,67.0,0,mNG_pilT_cyaB-,Solid,1
4,66,2.76315,3.7142388155425095,1.0773866789784101,,237,55.761467889908296,52.0,4,mNG_pilT_cyaB-,Solid,1
4,67,1.863225,2.66074593117676,1.05411836390987,,97,35.882086167800495,34.0,0,mNG_pilT_cyaB-,Solid,1
4,68,1.9942,2.7053548787427504,1.0775228141732,,125,56.531779661016905,55.0,12,mNG_pilT_cyaB-,Solid,1
4,69,3.012425,3.9046194077712597,1.0318808851444599,,320,49.2244039270687,44.0,0,mNG_pilT_cyaB-,Solid,1
4,71,3.03355,3.67148140214826,1.04943061182632,,207,68.6016713091922,65.5,2,mNG_pilT_cyaB-,Solid,1
4,72,2.79695,3.90541197284454,1.0568608750975799,,264,76.0921450151057,72.0,9,mNG_pilT_cyaB-,Solid,1
4,73,2.8223,3.9519343417595203,1.09392465274069,,259,71.34281437125749,67.0,1,mNG_pilT_cyaB-,Solid,1
4,74,3.89545,5.57040151263927,1.07375061921325,,123,49.9088937093276,48.0,0,mNG_pilT_cyaB-,Solid,1
4,75,2.150525,2.93381158941724,1.07343989698006,,162,56.418467583497105,53.0,3,mNG_pilT_cyaB-,Solid,1
4,77,2.725125,3.89346717087976,1.0430324855036899,,268,48.7302325581395,46.0,0,mNG_pilT_cyaB-,Solid,1
4,78,1.78295,2.53265935252575,1.07042312908572,,129,51.5876777251185,50.5,0,mNG_pilT_cyaB-,Solid,1
4,79,2.99975,4.2480970388562795,1.08176926914207,,148,71.4816901408451,70.0,8,mNG_pilT_cyaB-,Solid,1
4,80,2.2646,3.29263363903975,1.05304850734712,,166,55.7276119402985,54.5,1,mNG_pilT_cyaB-,Solid,1
4,81,2.353325,3.3915175758395097,1.07473384118549,,112,51.635547576301605,51.0,6,mNG_pilT_cyaB-,Solid,1
4,82,3.147625,4.40687245458226,1.05357270132085,,216,77.9758389261745,77.0,8,mNG_pilT_cyaB-,Solid,1
4,83,1.787175,2.6454015126392703,1.06330884998426,,107,45.985815602836894,44.0,0,mNG_pilT_cyaB-,Solid,1
4,85,2.454725,3.26151757583951,1.06375437415181,,132,52.4148020654045,51.0,3,mNG_pilT_cyaB-,Solid,1
4,86,3.3293,4.57962986797652,1.08651073703808,,194,53.8883248730964,52.0,5,mNG_pilT_cyaB-,Solid,1
4,87,2.1632,3.0261626970967597,1.1235535318995502,,111,50.48046875,49.0,3,mNG_pilT_cyaB-,Solid,1
4,88,2.89835,4.07725304681101,1.06255866702422,,259,92.402332361516,86.0,9,mNG_pilT_cyaB-,Solid,1
4,89,2.59415,3.63069929728024,1.08119153701175,,260,67.6270358306189,65.0,8,mNG_pilT_cyaB-,Solid,1
4,90,2.6195,3.6334671708797597,1.0456269584503002,,161,58.63870967741939,58.0,2,mNG_pilT_cyaB-,Solid,1
4,91,1.829425,2.42077164466275,1.03094432229408,,159,61.5727482678984,59.0,12,mNG_pilT_cyaB-,Solid,1
4,92,2.27305,3.18770598642227,1.08235674198041,,128,47.29368029739779,45.0,0,mNG_pilT_cyaB-,Solid,1
4,93,2.606825,3.98539105243401,1.05152142574161,,154,52.001620745543,49.0,0,mNG_pilT_cyaB-,Solid,1
4,94,4.229225,5.704166468159991,1.09379788708213,,161,77.0989010989011,76.0,12,mNG_pilT_cyaB-,Solid,1
4,95,2.327975,3.1561626970967596,1.07060404539402,,331,69.3883847549909,64.0,1,mNG_pilT_cyaB-,Solid,1
4,96,3.392675,4.88423881554251,1.05168495430602,,123,46.9140722291407,45.0,0,mNG_pilT_cyaB-,Solid,1
4,97,2.133625,2.7346194077712593,1.04365474598587,,160,65.81980198019801,64.0,9,mNG_pilT_cyaB-,Solid,1
4,98,2.3322,3.0261626970967597,1.07231711963401,,123,57.813405797101495,56.0,0,mNG_pilT_cyaB-,Solid,1
4,99,2.7039999999999997,3.70117315730203,1.07898013100774,,147,55.565625,55.0,0,mNG_pilT_cyaB-,Solid,1
4,100,4.795375,6.339249275747781,1.0867899746328902,,261,73.3145374449339,71.0,8,mNG_pilT_cyaB-,Solid,1
4,101,2.150525,2.8646194077712597,1.0419536563912501,,214,66.1080550098232,63.0,8,mNG_pilT_cyaB-,Solid,1
4,102,2.0449,2.89844145739377,1.05044612411549,,109,42.62809917355371,40.0,2,mNG_pilT_cyaB-,Solid,1
4,103,2.437825,3.3761731573020297,1.08874262740979,,236,62.4055459272097,60.0,0,mNG_pilT_cyaB-,Solid,1
4,104,2.057575,2.577695526217,1.04215899233642,,125,62.145790554414795,61.0,3,mNG_pilT_cyaB-,Solid,1
4,105,2.13785,2.81539105243401,1.06181463866535,,153,66.49604743083,66.5,9,mNG_pilT_cyaB-,Solid,1
4,106,2.420925,3.3557821048680196,1.08098023814786,,178,67.6788830715532,66.0,0,mNG_pilT_cyaB-,Solid,1
4,107,2.1801,3.03731493398826,1.0636477221210199,,114,58.476744186046496,58.5,4,mNG_pilT_cyaB-,Solid,1
4,108,1.8252,2.58373924203473,1.0533685073254,,155,80.05787037037041,80.0,14,mNG_pilT_cyaB-,Solid,1
4,109,2.268825,3.0438477631085004,1.01704844576215,,160,63.364990689013005,63.0,6,mNG_pilT_cyaB-,Solid,1
4,110,3.257475,4.46497428651401,1.07515011405706,,236,61.342412451361895,57.0,0,mNG_pilT_cyaB-,Solid,1
4,111,2.34065,3.3534414573937594,1.0626679467534,,281,79.43862815884479,75.0,10,mNG_pilT_cyaB-,Solid,1
4,112,2.366,3.3645936942852597,1.0700679124902501,,156,64.0410714285714,62.5,0,mNG_pilT_cyaB-,Solid,1
4,113,2.9744,3.95840528370251,1.06463380849759,,188,66.1022727272727,65.0,5,mNG_pilT_cyaB-,Solid,1
4,114,3.747575,5.046574669941299,1.05264976304462,,321,55.7350620067644,51.0,0,mNG_pilT_cyaB-,Solid,1
4,115,3.01665,3.9165642097360402,1.06433385667483,,162,78.6680672268908,78.0,22,mNG_pilT_cyaB-,Solid,1
4,116,2.505425,3.50255083145197,1.0557649169979302,,115,52.82799325463739,50.0,0,mNG_pilT_cyaB-,Solid,1
4,117,3.1603,4.55874970223999,1.08065784374967,,166,84.78074866310159,85.0,13,mNG_pilT_cyaB-,Solid,1
4,118,1.837875,2.2638477631085,1.02259783107727,,137,60.1954022988506,59.0,1,mNG_pilT_cyaB-,Solid,1
4,119,3.3631,4.5323149339882605,1.05059121942266,,159,71.5640703517588,72.0,0,mNG_pilT_cyaB-,Solid,1
4,120,3.6166,4.60655374953077,1.08607535205221,,281,67.9252336448598,64.0,1,mNG_pilT_cyaB-,Solid,1
4,121,2.387125,3.0484671708797597,1.05265949037412,,130,51.4141592920354,49.0,0,mNG_pilT_cyaB-,Solid,1
4,122,4.296825,5.31231493398826,1.04359977007582,,180,72.5073746312684,72.0,6,mNG_pilT_cyaB-,Solid,1
4,123,2.936375,3.95846717087976,1.04611133161227,,139,71.8187050359712,72.0,11,mNG_pilT_cyaB-,Solid,1
4,124,2.03645,2.53961940777126,1.0464630391785699,,113,49.0746887966805,48.0,0,mNG_pilT_cyaB-,Solid,1
4,125,2.395575,3.13109034971425,1.06391103260667,,175,74.2081128747795,74.0,14,mNG_pilT_cyaB-,Solid,1
4,126,2.8054,3.9611731573020297,1.0811896094670999,,157,73.210843373494,72.0,9,mNG_pilT_cyaB-,Solid,1
4,127,2.3998,3.18493811282275,1.05772503198282,,196,84.5281690140845,83.0,1,mNG_pilT_cyaB-,Solid,1
4,129,2.49275,3.162695526217,1.03431618513601,,128,59.26610169491529,58.0,1,mNG_pilT_cyaB-,Solid,1
4,131,2.378675,3.3645936942852597,1.09663392465858,,320,87.61634103019541,84.0,4,mNG_pilT_cyaB-,Solid,1
4,132,2.361775,3.3599742865140096,1.0785545109434,,131,48.704830053667294,47.0,6,mNG_pilT_cyaB-,Solid,1
4,133,1.78295,2.40961940777126,1.05530383402148,,169,80.5450236966825,79.0,0,mNG_pilT_cyaB-,Solid,1
4,134,3.23635,4.20725304681101,1.0560018509661802,,151,69.0078328981723,69.0,8,mNG_pilT_cyaB-,Solid,1
4,135,3.206775,4.2342388155425095,1.05383707536974,,231,71.832674571805,70.0,5,mNG_pilT_cyaB-,Solid,1
4,136,2.5012,3.3111731573020298,1.1019611281626498,,128,51.040540540540505,50.0,0,mNG_pilT_cyaB-,Solid,1
4,137,1.7914,2.58416646816,1.0458591652454798,,216,71.64858490566041,68.0,7,mNG_pilT_cyaB-,Solid,1
4,138,3.375775,4.28346717087976,1.03962597048738,,199,66.7659574468085,64.0,7,mNG_pilT_cyaB-,Solid,1
4,139,1.888575,2.6357354709715,1.0648893004772502,,317,70.60402684563759,65.0,7,mNG_pilT_cyaB-,Solid,1
4,140,2.809625,4.1130504049597505,1.07575314822187,,355,83.46616541353379,79.0,12,mNG_pilT_cyaB-,Solid,1
4,141,2.192775,3.20347763108502,1.08036946009204,,242,83.4643545279383,82.0,7,mNG_pilT_cyaB-,Solid,1
4,142,1.88435,2.6315432893255095,1.05954823920362,,323,56.2959641255605,52.0,0,mNG_pilT_cyaB-,Solid,1
4,143,2.83075,3.70536533894802,1.0687510211138,,275,66.4328358208955,65.0,1,mNG_pilT_cyaB-,Solid,1
4,144,2.28995,3.0892492757477794,1.0699809714612298,,158,79.6254612546125,78.0,12,mNG_pilT_cyaB-,Solid,1
4,145,2.488525,3.1403910524340097,1.05706368889328,,133,61.2597623089983,60.0,9,mNG_pilT_cyaB-,Solid,1
4,146,2.209675,2.8799638263087406,1.05373776699588,,196,67.11854684512429,65.0,0,mNG_pilT_cyaB-,Solid,1
4,147,2.023775,2.8399742865140096,1.07334613567113,,162,82.44258872651359,85.0,17,mNG_pilT_cyaB-,Solid,1
4,148,2.2646,3.0172892205022697,1.0418935009388999,,129,54.003731343283604,54.0,0,mNG_pilT_cyaB-,Solid,1
4,149,1.820975,2.72155374953077,1.07500570449734,,225,67.1252900232019,66.0,5,mNG_pilT_cyaB-,Solid,1
4,150,2.733575,3.56378587593125,1.08681181806092,,198,75.7527047913447,75.0,19,mNG_pilT_cyaB-,Solid,1
4,151,2.378675,3.33809703885628,1.06943883159658,,134,50.3996447602131,48.0,0,mNG_pilT_cyaB-,Solid,1
4,152,2.049125,2.74151757583951,1.04244545009378,,118,47.859793814433004,45.0,0,mNG_pilT_cyaB-,Solid,1
4,153,1.9773,2.8734309971885,1.0753356982774598,,227,83.1474358974359,78.0,20,mNG_pilT_cyaB-,Solid,1
4,154,4.1236,5.4515537495307695,1.0769400773056899,,159,59.605532786885206,58.0,1,mNG_pilT_cyaB-,Solid,1
4,155,4.195425,5.66041197284454,1.08138338877828,,146,69.94159113796579,69.0,10,mNG_pilT_cyaB-,Solid,1
4,157,2.294175,2.9649276526174804,1.06774933481809,,158,55.6445672191529,53.0,4,mNG_pilT_cyaB-,Solid,1
4,158,2.277275,2.8757716446627497,1.0264036452259,,107,45.0538033395176,44.0,0,mNG_pilT_cyaB-,Solid,1
4,159,2.463175,3.13109034971425,1.06391103260667,,202,93.00171526586621,90.0,17,mNG_pilT_cyaB-,Solid,1
4,160,2.366,3.2411265234055096,1.07839726507371,,196,76.8767857142857,76.0,4,mNG_pilT_cyaB-,Solid,1
4,161,2.818075,3.36964032818178,1.04056521067641,,105,43.3133433283358,42.0,0,mNG_pilT_cyaB-,Solid,1
4,162,2.2139,2.8957354709715,1.06131078446288,,126,54.4599236641221,53.0,7,mNG_pilT_cyaB-,Solid,1
4,163,3.096925,3.91379633613651,1.01343876630227,,110,45.305593451568896,44.0,0,mNG_pilT_cyaB-,Solid,1
4,165,2.632175,3.21192388155425,1.00824339664216,,142,66.6741573033708,64.0,0,mNG_pilT_cyaB-,Solid,1
4,166,1.96885,2.75458323408,1.07123652551123,,127,60.1030042918455,58.0,12,mNG_pilT_cyaB-,Solid,1
4,167,3.33775,4.38001046020526,1.07998963929149,,145,65.6924050632911,63.0,4,mNG_pilT_cyaB-,Solid,1
4,168,2.361775,3.2722425866057403,1.0720815915780502,,238,80.5813953488372,79.0,19,mNG_pilT_cyaB-,Solid,1
4,169,2.125175,2.74577164466275,1.0275612227030602,,127,54.8131212723658,55.0,7,mNG_pilT_cyaB-,Solid,1
4,170,3.502525,4.52578210486802,1.09153191718103,,185,65.09891435464421,62.0,7,mNG_pilT_cyaB-,Solid,1
4,171,3.603925,5.091183617507291,1.08182470647382,,169,69.3681125439625,68.0,5,mNG_pilT_cyaB-,Solid,1
5,2,2.378675,3.2954015126392697,1.07966912753363,,106,39.531083481349896,38.0,0,mNG_pilT_cyaB-,Solid,1
5,3,3.409575,4.71190862827352,1.07232246253598,,151,54.365551425031,53.0,3,mNG_pilT_cyaB-,Solid,1
5,4,2.7885,3.8149742865140097,1.07841453165572,,151,46.8,46.0,0,mNG_pilT_cyaB-,Solid,1
5,5,2.682875,3.9119448019647796,1.0757396908452401,,119,50.815748031496106,50.0,2,mNG_pilT_cyaB-,Solid,1
5,6,2.818075,3.7746194077712594,1.03681805795796,,210,56.925037481259395,54.0,2,mNG_pilT_cyaB-,Solid,1
5,7,2.4674,3.6218877078629905,1.04229465953984,,123,48.044520547945204,46.0,3,mNG_pilT_cyaB-,Solid,1
5,8,3.603925,4.9534309971885,1.0732263826548,,139,54.42790152403279,54.0,2,mNG_pilT_cyaB-,Solid,1
5,9,2.2477,3.1380504049597597,1.07817527945244,,176,58.815789473684205,56.0,3,mNG_pilT_cyaB-,Solid,1
5,10,2.44205,3.33262317883449,1.07352017650004,,191,44.6920415224914,43.0,3,mNG_pilT_cyaB-,Solid,1
5,11,4.710875,6.36155374953077,1.06399355373411,,133,38.641255605381204,38.0,0,mNG_pilT_cyaB-,Solid,1
5,12,2.1801,2.8357821048680196,1.08226301763117,,108,52.9941860465116,53.0,0,mNG_pilT_cyaB-,Solid,1
5,13,3.40535,4.4334309971885,1.06030632867615,,211,45.528535980148895,42.0,0,mNG_pilT_cyaB-,Solid,1
5,14,2.446275,3.0819238815542502,1.0085847904463001,,214,66.25906735751289,63.0,5,mNG_pilT_cyaB-,Solid,1
5,16,2.4674,3.48806086516502,1.05362413927573,,141,53.3698630136986,50.0,0,mNG_pilT_cyaB-,Solid,1
5,17,2.79695,3.7096194077712594,1.03611559415527,,173,66.0694864048338,64.0,5,mNG_pilT_cyaB-,Solid,1
5,18,2.4336,3.45609034971425,1.08783657340165,,117,48.31597222222221,45.0,0,mNG_pilT_cyaB-,Solid,1
5,19,3.81095,5.04535487874275,1.07640743894789,,150,47.0875831485588,46.0,0,mNG_pilT_cyaB-,Solid,1
5,20,3.10115,4.308477631085021,1.08040274386444,,200,78.6525885558583,76.0,9,mNG_pilT_cyaB-,Solid,1
5,21,2.34065,3.07077164466275,1.02677133581307,,107,37.85559566787,35.5,0,mNG_pilT_cyaB-,Solid,1
5,22,2.39135,3.1938115894172503,1.0523681339709599,,114,41.162544169611294,40.0,0,mNG_pilT_cyaB-,Solid,1
5,23,2.361775,3.2495108866974802,1.07170484514192,,181,60.2522361359571,58.0,7,mNG_pilT_cyaB-,Solid,1
5,24,2.52655,3.41616269709676,1.06725775199068,,185,56.68060200668899,54.0,11,mNG_pilT_cyaB-,Solid,1
5,25,3.172975,4.33078210486802,1.07296230398034,,130,49.0772303595206,48.0,0,mNG_pilT_cyaB-,Solid,1
5,26,2.22235,2.91846717087976,1.05449021401443,,139,59.79467680608371,59.0,4,mNG_pilT_cyaB-,Solid,1
5,28,2.197,2.9638686835190295,1.0379273280533101,,174,59.1153846153846,58.0,7,mNG_pilT_cyaB-,Solid,1
5,29,1.956175,2.82654328932551,1.04943884835915,,123,52.17494600431971,51.0,0,mNG_pilT_cyaB-,Solid,1
5,30,2.742025,4.1404015126392695,1.08196901238391,,166,51.8258859784284,50.0,4,mNG_pilT_cyaB-,Solid,1
5,33,2.4167,3.13577164466275,1.02620691122477,,157,77.4825174825175,76.0,6,mNG_pilT_cyaB-,Solid,1
5,34,2.209675,3.07028253136024,1.0538408197437399,,110,52.7476099426386,52.0,4,mNG_pilT_cyaB-,Solid,1
5,35,1.964625,2.80232539419353,1.0778174593052,,174,47.750537634408595,46.0,0,mNG_pilT_cyaB-,Solid,1
5,36,2.632175,3.42731493398826,1.0583754760153499,,103,42.54093097913321,41.0,0,mNG_pilT_cyaB-,Solid,1
5,37,2.539225,3.50346717087976,1.0518100951073701,,215,40.251247920133096,37.0,0,mNG_pilT_cyaB-,Solid,1
5,38,2.632175,3.44265935252575,1.05906800835261,,215,64.892455858748,62.0,4,mNG_pilT_cyaB-,Solid,1
5,39,2.78005,3.7253910524340097,1.06063776076333,,127,54.9270516717325,54.0,2,mNG_pilT_cyaB-,Solid,1
5,40,1.905475,2.5280399447544903,1.04169166279694,,194,89.85144124168508,90.0,15,mNG_pilT_cyaB-,Solid,1
5,41,2.801175,3.97041197284454,1.066397455078,,181,79.25037707390649,77.0,17,mNG_pilT_cyaB-,Solid,1
5,42,2.809625,3.5796194077712595,1.03741614622426,,130,55.0481203007519,54.0,2,mNG_pilT_cyaB-,Solid,1
5,43,3.0927,4.2480970388562795,1.08176926914207,,285,57.4726775956284,53.0,2,mNG_pilT_cyaB-,Solid,1
5,44,2.873,3.8869343417595204,1.07194882797645,,121,46.604411764705894,45.0,1,mNG_pilT_cyaB-,Solid,1
5,45,2.79695,3.82846717087976,1.0436547459858598,,199,59.94108761329311,57.0,9,mNG_pilT_cyaB-,Solid,1
5,46,2.08715,2.6,1.0,,191,69.2044534412955,68.5,5,mNG_pilT_cyaB-,Solid,1
5,47,3.485625,4.521162697096759,1.06394583831349,,177,87.9915151515151,86.0,10,mNG_pilT_cyaB-,Solid,1
5,48,3.063125,4.08883250982777,1.07174471655661,,249,65.7034482758621,63.0,2,mNG_pilT_cyaB-,Solid,1
5,50,3.739125,5.098713528548731,1.05867116148251,,388,83.4440677966102,76.0,9,mNG_pilT_cyaB-,Solid,1
5,52,5.23055,6.845391052434009,1.03248733822534,,268,81.68174474959609,80.0,14,mNG_pilT_cyaB-,Solid,1
5,54,4.28415,5.648467170879759,1.03444449698855,,168,70.2051282051282,70.0,5,mNG_pilT_cyaB-,Solid,1
5,55,2.9068,3.82655374953077,1.08168780697771,,155,66.57558139534879,66.5,2,mNG_pilT_cyaB-,Solid,1
5,56,2.2477,3.11155374953077,1.08099865597707,,153,69.9586466165414,69.0,3,mNG_pilT_cyaB-,Solid,1
5,57,3.3293,4.30151757583951,1.07908754133786,,158,62.346446700507606,61.0,7,mNG_pilT_cyaB-,Solid,1
5,58,2.851875,3.7030865786510097,1.0923606755753499,,140,75.99407407407409,75.0,0,mNG_pilT_cyaB-,Solid,1
5,59,3.1941,4.21840528370251,1.06291122576794,,163,56.1547619047619,51.0,0,mNG_pilT_cyaB-,Solid,1
5,60,3.48985,4.6092597359530405,1.07392655278831,,150,63.3946731234867,63.0,7,mNG_pilT_cyaB-,Solid,1
5,61,2.4336,2.9946194077712596,1.0467994068125002,,147,63.7291666666667,63.0,4,mNG_pilT_cyaB-,Solid,1
5,62,3.358875,4.47150711563425,1.0564711484701501,,131,58.7358490566038,57.0,9,mNG_pilT_cyaB-,Solid,1
5,63,2.37445,3.08228922050227,1.04732893053574,,115,51.373665480427,51.0,0,mNG_pilT_cyaB-,Solid,1
5,64,1.83365,2.3288477631085,1.0220021313955698,,153,60.838709677419395,58.0,1,mNG_pilT_cyaB-,Solid,1
5,65,2.366,3.15424927574778,1.0717801881271,,142,43.9571428571429,43.0,0,mNG_pilT_cyaB-,Solid,1
5,66,2.5688,3.1738477631085003,1.01637700932112,,134,58.449013157894704,57.0,6,mNG_pilT_cyaB-,Solid,1
5,67,1.922375,2.72531870505149,1.09134172952122,,106,42.769230769230795,40.0,0,mNG_pilT_cyaB-,Solid,1
5,68,2.0618,2.56192388155425,1.01028880179665,,127,60.4364754098361,60.0,6,mNG_pilT_cyaB-,Solid,1
5,69,1.651975,2.16724258660575,1.0212111949189202,,125,57.8823529411765,58.0,0,mNG_pilT_cyaB-,Solid,1
