 ,Label,Area,Mean,Min,Max,X,Y,BiologicalReplicate,CellArea,CellMean,CellTotalFluorescence,CellMin,CellMax,CellStd,X_PoleDim,Y_PoleDim,AreaPoleDim,MeanPoleDim,TotalFluorescencePoleDim,MinPoleDim,MaxPoleDim,StdPoleDim,Nb_Pili_PoleDim,Nb_Flagella_PoleDim,X_PoleBright,Y_PoleBright,AreaPoleBright,MeanPoleBright,TotalFluorescencePoleBright,MinPoleBright,MaxPoleBright,StdPoleBright,Nb_Pili_PoleBright,Nb_Flagella_PoleBright,PolarRatio,Strain,Growth,Cell_ID,Pole_RadiusDim,Pole_RadiusBright
1,mNG_pilG_fliC-_sol_Gasket_0_event10_tirf_RAW_Stack.tif,792.0,255.0,255.0,255.0,36.07197,39.7298,1,889,53.03262,47146.0,24,189,21.55226,242.37306,241.14105,156,46.02564,7180.0,27,68,11.28342,0,0,210.00992,281.36444,156,66.52564,10378.0,21,189,43.68397,0,0,1.09744,mNG_pilG_fliC-,Solid,,,
1,mNG_pilG_fliC-_sol_Gasket_0_event11_tirf_RAW_Stack.tif,1101.0,255.0,255.0,255.0,45.59173,37.85604,1,1217,46.91783,57099.0,24,95,12.72307,203.63308,390.64704,208,49.20192,10234.0,25,83,15.47095,0,0,252.50034,357.54976,208,52.08654,10834.0,27,95,17.22997,0,0,1.12586,mNG_pilG_fliC-,Solid,,,
2,mNG_pilG_fliC-_sol_Gasket_0_event11_tirf_RAW_Stack.tif,993.0,255.0,255.0,255.0,35.93202,51.36606,1,1107,63.61247,70419.0,27,241,33.45182,225.81402000000003,81.81184,156,85.69230999999998,13368.0,30,215,49.86221,1,0,256.24085,138.61946,156,92.91667,14495.0,31,241,54.21748,0,0,1.66832,mNG_pilG_fliC-,Solid,,,
1,mNG_pilG_fliC-_sol_Gasket_0_event12_tirf_RAW_Stack.tif,714.0,255.0,255.0,255.0,34.61765,40.53782,1,801,41.29838,33080.0,23,85,11.73508,293.73274,420.57114,177,43.81356,7755.0,21,76,14.79459,0,0,267.72981,458.05562,177,44.91525,7950.0,25,85,17.01465,0,0,1.14135,mNG_pilG_fliC-,Solid,,,
2,mNG_pilG_fliC-_sol_Gasket_0_event12_tirf_RAW_Stack.tif,605.0,255.0,255.0,255.0,21.11818,42.91653,1,676,105.33284,71205.0,38,414,69.10597,165.45471,90.74456,156,120.65385,18822.0,35,323,78.56312,1,0,167.70041,127.13599,156,131.03846,20442.0,27,414,105.10805,0,0,1.43414,mNG_pilG_fliC-,Solid,,,
1,mNG_pilG_fliC-_sol_Gasket_0_event13_tirf_RAW_Stack.tif,832.0,255.0,255.0,255.0,35.003609999999995,42.54567,1,926,66.20841999999999,61309.0,29,195,28.70199,165.0429,331.64465,177,77.74576,13761.0,27,195,41.39057,0,0,139.23623,292.1728,177,84.0113,14870.0,36,186,37.93101,1,0,1.41571,mNG_pilG_fliC-,Solid,,,
2,mNG_pilG_fliC-_sol_Gasket_0_event13_tirf_RAW_Stack.tif,1244.0,255.0,255.0,255.0,56.26286,46.13424000000001,1,1394,62.41105,87001.0,27,341,38.49705,387.01266,229.98422,137,118.83942,16281.0,23,341,83.39367,2,0,388.73306,227.35866,137,122.25547,16749.0,26,341,81.37351,2,0,2.50159,mNG_pilG_fliC-,Solid,,,
1,mNG_pilG_fliC-_sol_Gasket_0_event14_tirf_RAW_Stack.tif,1189.0,255.0,255.0,255.0,22.98696,66.12489000000001,1,1312,63.07621999999999,82756.0,30,267,30.58445,295.93573,256.57258,137,81.23358,11129.0,26,198,49.09119000000001,2,0,299.41217,170.40081,137,93.29927,12782.0,22,267,65.46006,4,0,1.53934,mNG_pilG_fliC-,Solid,,,
1,mNG_pilG_fliC-_sol_Gasket_0_event15_tirf_RAW_Stack.tif,1173.0,255.0,255.0,255.0,45.95951,41.42072,1,1309,49.61115,64941.0,29,231,25.57326,298.7596200000001,244.64304,97,39.36082,3818.0,29,55,7.31606,1,0,300.50911,241.98638,97,41.54639,4030.0,32,55,6.59075,2,0,0.79004,mNG_pilG_fliC-,Solid,,,
1,mNG_pilG_fliC-_sol_Gasket_0_event16_tirf_RAW_Stack.tif,825.0,255.0,255.0,255.0,45.06121,21.3303,1,918,78.22766999999997,71813.0,24,228,30.18206,353.54483,226.69517,137,63.91241,8756.0,23,113,25.08646,1,0,301.43114,225.89047,137,91.82482,12580.0,35,228,52.20743,2,0,0.99347,mNG_pilG_fliC-,Solid,,,
1,mNG_pilG_fliC-_sol_Gasket_0_event17_tirf_RAW_Stack.tif,1362.0,255.0,255.0,255.0,51.2533,34.790009999999995,1,1478,81.85318000000002,120979.0,36,355,38.69579,335.50245,275.50115,225,81.61333,18363.0,42,144,27.55655,0,0,396.01255,297.8216,225,113.96444,25642.0,29,355,77.44029,0,0,1.30599,mNG_pilG_fliC-,Solid,,,
2,mNG_pilG_fliC-_sol_Gasket_0_event17_tirf_RAW_Stack.tif,647.0,255.0,255.0,255.0,25.02705,46.91422,1,726,43.93802,31899.0,24,108,13.76674,155.68115,69.77894,137,42.64964000000001,5843.0,23,72,13.13314,0,0,169.87511999999995,112.36908,137,53.64234,7349.0,21,108,24.80445,0,0,1.16331,mNG_pilG_fliC-,Solid,,,
1,mNG_pilG_fliC-_sol_Gasket_0_event18_tirf_RAW_Stack.tif,855.0,255.0,255.0,255.0,39.64152,33.61228,1,961,85.40583000000002,82075.0,32,487,63.09521,282.13492,340.5165,156,82.76923000000002,12912.0,26,213,46.62089,0,0,237.26049,303.01224,156,148.32692,23139.0,36,487,122.66215,3,0,1.6293799999999998,mNG_pilG_fliC-,Solid,,,
1,mNG_pilG_fliC-_sol_Gasket_0_event19_tirf_RAW_Stack.tif,1161.0,255.0,255.0,255.0,55.83678000000001,35.63092,1,1273,114.23252,145418.0,41,228,43.35541,275.66254,261.40557,225,99.76,22446.0,33,211,42.84154,0,0,335.10784,285.16692,225,106.80889,24032.0,28,228,53.08462,1,0,0.85914,mNG_pilG_fliC-,Solid,,,
1,mNG_pilG_fliC-_sol_Gasket_0_event20_tirf_RAW_Stack.tif,763.0,255.0,255.0,255.0,41.00983,31.03866,1,851,104.98002,89338.0,21,370,53.31958,274.88414,216.99027,137,122.40146,16769.0,34,370,79.08367,0,0,278.73523,211.26719,137,127.40146,17454.0,37,370,79.0287,0,0,1.3076,mNG_pilG_fliC-,Solid,,,
1,mNG_pilG_fliC-_sol_Gasket_0_event21_tirf_RAW_Stack.tif,1111.0,255.0,255.0,255.0,56.34428000000001,22.66112,1,1221,66.76167,81516.0,31,249,28.75398,279.24233,264.61433,156,76.82051,11984.0,26,179,38.21898,1,0,204.74214,263.76615,156,90.33333,14092.0,32,249,57.72687,0,0,1.37034,mNG_pilG_fliC-,Solid,,,
1,mNG_pilG_fliC-_sol_Gasket_0_event22_tirf_RAW_Stack.tif,797.0,255.0,255.0,255.0,43.9793,44.94918,1,893,141.84994,126672.0,43,829,114.19989,236.40236,231.52389,177,170.46328,30172.0,44,542,121.94908999999998,3,0,268.49107999999995,192.38871,177,225.0904,39841.0,44,829,192.67767,4,0,1.88146,mNG_pilG_fliC-,Solid,,,
1,mNG_pilG_fliC-_sol_Gasket_0_event24_tirf_RAW_Stack.tif,1051.0,255.0,255.0,255.0,51.86156,29.85395,1,1166,126.50429,147504.0,31,553,76.02617,389.78966,171.59045,137,177.52555,24321.0,30,410,101.14478,1,0,323.13594,190.14307,137,229.06569,31382.0,57,553,129.98921,2,0,1.97536,mNG_pilG_fliC-,Solid,,,
1,mNG_pilG_fliC-_sol_Gasket_0_event25_tirf_RAW_Stack.tif,768.0,255.0,255.0,255.0,36.3099,39.96354,1,859,93.44237,80267.0,34,336,50.97222,250.60056,220.89716,177,112.49153,19911.0,31,260,58.31499,0,0,219.77409,252.49144,177,118.43503,20963.0,32,336,81.22686999999998,1,0,1.48019,mNG_pilG_fliC-,Solid,,,
1,mNG_pilG_fliC-_sol_Gasket_0_event26_tirf_RAW_Stack.tif,1200.0,255.0,255.0,255.0,46.21083,53.95667,1,1338,53.27877,71287.0,23,184,23.80711,68.4851,252.79149,156,68.41667,10673.0,26,184,38.75414,2,0,118.01883,189.60313,156,76.5641,11944.0,27,179,39.32695,1,0,1.52815,mNG_pilG_fliC-,Solid,,,
2,mNG_pilG_fliC-_sol_Gasket_0_event26_tirf_RAW_Stack.tif,1233.0,255.0,255.0,255.0,46.118,59.28589,1,1375,44.62836,61364.0,24,141,14.19917,425.65253,166.68171,156,42.87179,6688.0,19,86,16.82997,0,0,475.73032,235.7662,156,59.25,9243.0,26,141,28.74125,1,0,1.19468,mNG_pilG_fliC-,Solid,,,
1,mNG_pilG_fliC-_sol_Gasket_0_event27_tirf_RAW_Stack.tif,916.0,255.0,255.0,255.0,40.70633,52.6452,1,1022,53.13014,54299.0,25,201,21.74822,362.16559,309.80077,156,45.53846,7104.0,18,86,17.163870000000006,0,0,328.92001,359.25673,156,73.87821,11525.0,25,201,43.38981,1,0,1.18848,mNG_pilG_fliC-,Solid,,,
1,mNG_pilG_fliC-_sol_Gasket_0_event28_tirf_RAW_Stack.tif,1064.0,255.0,255.0,255.0,34.18891,55.890980000000006,1,1189,69.57359,82723.0,29,420,48.33418,152.49524,394.08271,137,86.9927,11918.0,29,228,51.08708,0,0,179.88178,323.06248,137,134.93431,18486.0,38,420,103.75028,2,0,1.94063,mNG_pilG_fliC-,Solid,,,
1,mNG_pilG_fliC-_sol_Gasket_0_event29_tirf_RAW_Stack.tif,781.0,255.0,255.0,255.0,25.22855,54.092830000000006,1,864,77.98264,67377.0,31,398,50.59198,245.05916,254.06106,177,72.85311,12895.0,32,122,22.04698,0,0,251.94084,299.93894,177,123.84181,21920.0,34,398,93.49118,2,0,1.54036,mNG_pilG_fliC-,Solid,,,
1,mNG_pilG_fliC-_sol_Gasket_0_event2_tirf_RAW_Stack.tif,1102.0,255.0,255.0,255.0,57.51906,31.92922,1,1213,63.23743,76707.0,29,219,28.04787,171.40692,230.60173,156,73.33333,11440.0,28,178,41.53931,1,0,236.91343,252.43723,156,87.3141,13621.0,29,219,49.22022,0,0,1.4013,mNG_pilG_fliC-,Solid,,,
2,mNG_pilG_fliC-_sol_Gasket_0_event2_tirf_RAW_Stack.tif,757.0,255.0,255.0,255.0,29.09974,45.48811,1,839,71.26579,59792.0,30,281,37.37825,345.54912,386.02897,177,64.75706,11462.0,30,108,22.74545,0,0,357.5198,345.69654,177,106.0226,18766.0,36,281,63.56474,1,0,1.40083,mNG_pilG_fliC-,Solid,,,
1,mNG_pilG_fliC-_sol_Gasket_0_event3_tirf_RAW_Stack.tif,950.0,255.0,255.0,255.0,44.85474,37.32211,1,1059,220.25873,233254.0,61,1265,181.76922,298.80412,268.0701,156,297.0641,46342.0,60,716,185.08002,2,0,252.99088,305.68097,156,378.29487,59014.0,44,1265,343.55904,5,0,1.97225,mNG_pilG_fliC-,Solid,,,
1,mNG_pilG_fliC-_sol_Gasket_0_event4_tirf_RAW_Stack.tif,1064.0,255.0,255.0,255.0,32.65226,55.60808000000001,1,1188,47.2399,56121.0,26,164,18.22615,141.19069,241.81549,177,44.78531,7927.0,26,71,13.1663,0,0,162.06663,311.1071,177,56.79096,10052.0,21,164,37.77304,0,0,1.1105200000000002,mNG_pilG_fliC-,Solid,,,
1,mNG_pilG_fliC-_sol_Gasket_0_event5_tirf_RAW_Stack.tif,1355.0,255.0,255.0,255.0,27.00701,64.16051999999999,1,1482,84.63428,125428.0,36,479,52.86691,237.41596,293.32475,156,110.35897,17216.0,29,289,69.7236,2,0,251.24644,207.78203,156,146.39103,22837.0,37,479,116.3388,0,0,1.75928,mNG_pilG_fliC-,Solid,,,
2,mNG_pilG_fliC-_sol_Gasket_0_event5_tirf_RAW_Stack.tif,1085.0,255.0,255.0,255.0,63.10092,23.57926,1,1212,53.01155,64250.0,27,193,26.65884,169.17352,466.97477,137,70.0219,9593.0,28,187,42.60773,0,0,251.82648,480.02523,137,79.86861,10942.0,22,193,46.56728,1,0,1.60811,mNG_pilG_fliC-,Solid,,,
1,mNG_pilG_fliC-_sol_Gasket_0_event6_tirf_RAW_Stack.tif,996.0,255.0,255.0,255.0,22.38253,54.96787,1,1095,57.04658000000001,62466.0,28,141,18.0087,322.66965,234.8731,177,61.16384,10826.0,17,120,25.49067,0,0,312.95819,174.1864,177,65.29379,11557.0,26,141,27.64001,0,0,1.16889,mNG_pilG_fliC-,Solid,,,
1,mNG_pilG_fliC-_sol_Gasket_0_event7_tirf_RAW_Stack.tif,925.0,255.0,255.0,255.0,43.14649,39.54865,1,1030,48.22039,49667.0,25,99,13.52272,230.36865,239.43531,208,49.45192,10286.0,26,78,14.69456,0,0,269.91293,275.13881000000003,208,50.25,10452.0,17,99,22.09783,1,0,1.05806,mNG_pilG_fliC-,Solid,,,
1,mNG_pilG_fliC-_sol_Gasket_0_event8_tirf_RAW_Stack.tif,1068.0,255.0,255.0,255.0,55.77715,25.33614,1,1180,54.672880000000006,64514.0,31,175,22.97913,395.31274,337.1296,156,65.01281999999999,10142.0,29,127,29.00678,3,0,465.35506,346.48036,156,74.66667,11648.0,22,175,40.22106,0,0,1.4189,mNG_pilG_fliC-,Solid,,,
2,mNG_pilG_fliC-_sol_Gasket_0_event8_tirf_RAW_Stack.tif,1201.0,255.0,255.0,255.0,49.42423,35.80308,1,1321,52.75019,69683.0,27,144,19.62531,185.75197,90.75216,225,39.69778,8932.0,23,56,7.86023,2,0,133.16065,131.43379,225,62.84889,14141.0,23,132,30.14703,2,0,0.95814,mNG_pilG_fliC-,Solid,,,
1,mNG_pilG_fliC-_sol_Gasket_0_event9_tirf_RAW_Stack.tif,798.0,255.0,255.0,255.0,38.2594,45.4787,1,897,55.49498000000001,49779.0,30,153,19.25598,246.10908,250.41196,156,53.11538,8286.0,27,79,15.46649,0,0,277.25413,294.33058,156,71.15385,11100.0,27,153,34.2543,0,0,1.19596,mNG_pilG_fliC-,Solid,,,
1,mNG_PilG_fliC-_sol_Microchannel_BR1_0_event1_tirf_RAW_Stack.tif,,,,,,,1,656,91.09451,59758.0,43,279,38.93251,234.0,215.0,137,101.39416,13891.0,42,198,43.34766,1,0,199.0,230.0,137,119.21168,16332.0,38,279,59.32592,4,0,1.42664,mNG_PilG_fliC-,Solid,1.0,12.64911,12.64911
1,mNG_PilG_fliC-_sol_Microchannel_BR1_0_event2_tirf_RAW_Stack.tif,,,,,,,1,821,95.03045,78020.0,39,217,29.51007,214.91435,229.3097,208,82.97596,17259.0,33,140,31.28233,0,0,241.97027000000003,198.58858,208,96.26442,20023.0,37,217,41.81998,1,0,0.89097,mNG_PilG_fliC-,Solid,1.0,15.03734,15.03734
2,mNG_PilG_fliC-_sol_Microchannel_BR1_0_event2_tirf_RAW_Stack.tif,,,,,,,1,1026,76.90253,78902.0,39,162,21.49183,270.0,317.0,156,82.51923000000002,12873.0,41,148,26.03235,1,0,287.0,378.0,156,87.26923000000002,13614.0,42,162,32.07116,2,0,1.1564299999999998,mNG_PilG_fliC-,Solid,2.0,13.17083,13.17083
1,mNG_PilG_fliC-_sol_Microchannel_BR1_1_event10_tirf_RAW_Stack.tif,,,,,,,1,675,156.84444,105870.0,57,409,56.39757,363.29245,183.36275,156,157.16026000000005,24517.0,50,313,63.18141,4,0,349.56812,216.5797,156,170.05128,26528.0,64,409,77.87714,1,0,1.08324,mNG_PilG_fliC-,Solid,1.0,13.82974,13.82974
1,mNG_PilG_fliC-_sol_Microchannel_BR1_1_event11_tirf_RAW_Stack.tif,,,,,,,1,602,82.95846999999998,49941.0,43,169,22.25439,328.0,296.0,69,84.37680999999998,5822.0,57,106,14.11726,0,0,296.0,296.0,69,114.62319,7909.0,65,169,27.43393,1,0,1.27501,mNG_PilG_fliC-,Solid,1.0,8.59897,8.59897
1,mNG_PilG_fliC-_sol_Microchannel_BR1_1_event12_tirf_RAW_Stack.tif,,,,,,,1,972,107.06379,104066.0,47,257,34.9777,232.00564,273.20949,177,98.88701,17503.0,36,180,38.62331,0,0,251.52286,224.00062000000003,177,128.09605,22673.0,53,257,50.6939,3,0,1.09779,mNG_PilG_fliC-,Solid,1.0,14.851920000000002,14.851920000000002
1,mNG_PilG_fliC-_sol_Microchannel_BR1_1_event13_tirf_RAW_Stack.tif,,,,,,,1,774,75.69896999999997,58591.0,37,182,22.76674,88.0,219.0,156,72.89103,11371.0,40,97,13.870170000000002,0,0,87.0,262.0,156,90.19231,14070.0,31,182,38.4322,3,0,1.13642,mNG_PilG_fliC-,Solid,1.0,13.0192,13.0192
1,mNG_PilG_fliC-_sol_Microchannel_BR1_1_event14_tirf_RAW_Stack.tif,,,,,,,1,1038,90.24566,93675.0,39,298,36.53857,364.13559,382.15626,177,85.61582,15154.0,30,175,39.5447,1,0,330.0,333.0,177,123.23163999999998,21812.0,47,298,60.30206,4,0,1.25951,mNG_PilG_fliC-,Solid,1.0,14.01184,14.01184
1,mNG_PilG_fliC-_sol_Microchannel_BR1_1_event15_tirf_RAW_Stack.tif,,,,,,,1,1001,109.64236,109752.0,47,466,54.53734,289.0,213.0,137,130.39416,17864.0,44,263,55.71188000000001,3,0,259.07529,266.57777000000004,137,175.16058,23997.0,48,466,105.39172,3,0,1.63599,mNG_PilG_fliC-,Solid,1.0,12.46724,12.46724
1,mNG_PilG_fliC-_sol_Microchannel_BR1_1_event16_tirf_RAW_Stack.tif,,,,,,,1,925,79.68973000000003,73713.0,21,215,35.60637,365.01798,128.43867,177,86.06215,15233.0,12,215,56.39765,2,0,334.0,90.0,177,97.0791,17183.0,31,191,41.51991,6,0,1.26612,mNG_PilG_fliC-,Solid,1.0,14.93303,14.93303
1,mNG_PilG_fliC-_sol_Microchannel_BR1_1_event17_tirf_RAW_Stack.tif,,,,,,,1,962,87.84407,84506.0,44,178,23.33016,327.0,314.0,156,84.01281999999998,13106.0,37,148,30.88292,2,0,342.0,256.0,156,92.1859,14381.0,38,178,33.79383,2,0,1.00431,mNG_PilG_fliC-,Solid,1.0,13.95094,13.95094
1,mNG_PilG_fliC-_sol_Microchannel_BR1_1_event18_tirf_RAW_Stack.tif,,,,,,,1,716,101.33659,72557.0,47,252,31.34335,228.08699,219.41525,69,99.50725,6866.0,50,134,25.94316,0,0,265.0,206.0,69,143.81159,9923.0,69,252,51.77845,2,0,1.26092,mNG_PilG_fliC-,Solid,1.0,8.76697,8.76697
1,mNG_PilG_fliC-_sol_Microchannel_BR1_1_event19_tirf_RAW_Stack.tif,,,,,,,1,803,92.52802,74300.0,41,298,37.38737,239.03736,213.32532,156,78.12179,12187.0,33,119,22.17739,2,0,200.38197,231.57485,156,125.57692,19590.0,46,298,64.00484,4,0,1.17602,mNG_PilG_fliC-,Solid,1.0,13.65443,13.65443
1,mNG_PilG_fliC-_sol_Microchannel_BR1_1_event2_tirf_RAW_Stack.tif,,,,,,,1,766,117.45561,89971.0,53,241,36.01793,272.69729,287.45519,177,120.28249,21290.0,46,241,51.2926,0,0,235.0,278.0,177,120.50847,21330.0,56,178,33.194520000000004,2,0,1.04756,mNG_PilG_fliC-,Solid,1.0,14.92864,14.92864
1,mNG_PilG_fliC-_sol_Microchannel_BR1_1_event20_tirf_RAW_Stack.tif,,,,,,,1,939,137.94888,129534.0,48,612,84.72431999999998,406.8409,245.44409,156,133.87821,20885.0,58,281,57.52243000000001,5,0,358.0,264.0,156,259.39103,40465.0,81,612,139.70201,6,0,1.80819,mNG_PilG_fliC-,Solid,1.0,13.252629999999998,13.252629999999998
1,mNG_PilG_fliC-_sol_Microchannel_BR1_1_event21_tirf_RAW_Stack.tif,,,,,,,1,824,111.44417,91830.0,52,201,30.881840000000004,357.42496,249.68656,156,102.27564,15955.0,38,189,37.33071,1,0,315.0,237.0,156,121.04487,18883.0,56,201,38.31253,3,0,1.00312,mNG_PilG_fliC-,Solid,1.0,13.94033,13.94033
1,mNG_PilG_fliC-_sol_Microchannel_BR1_1_event22_tirf_RAW_Stack.tif,,,,,,,1,974,84.97844,82769.0,28,317,44.53619000000001,228.0,300.0,177,84.53107,14962.0,14,223,52.50909,3,0,193.0,260.0,177,116.57062,20633.0,34,317,71.64041,0,0,1.32152,mNG_PilG_fliC-,Solid,1.0,14.01184,14.01184
1,mNG_PilG_fliC-_sol_Microchannel_BR1_1_event23_tirf_RAW_Stack.tif,,,,,,,1,1167,86.88946,101400.0,42,205,26.20042,128.5865,253.98598,177,90.93785,16096.0,43,181,35.62672,2,0,146.10088000000005,183.93591,177,95.15254,16842.0,37,205,40.94473,3,0,1.10493,mNG_PilG_fliC-,Solid,1.0,14.38241,14.38241
1,mNG_PilG_fliC-_sol_Microchannel_BR1_1_event27_tirf_RAW_Stack.tif,,,,,,,1,906,88.50773000000002,80188.0,47,312,36.36589,266.60144,348.46521,137,71.40146,9782.0,46,102,15.77529,2,0,240.0,303.0,137,141.83212,19431.0,61,312,61.58323000000001,3,0,1.32186,mNG_PilG_fliC-,Solid,1.0,12.98986,12.98986
1,mNG_PilG_fliC-_sol_Microchannel_BR1_1_event28_tirf_RAW_Stack.tif,,,,,,,1,783,67.6986,53008.0,38,160,19.59693,220.19572,395.95065,156,56.96795,8887.0,30,84,15.40566,0,0,241.0,435.0,156,83.20513000000003,12980.0,39,160,32.41042,3,0,1.06004,mNG_PilG_fliC-,Solid,1.0,13.50894,13.50894
1,mNG_PilG_fliC-_sol_Microchannel_BR1_1_event29_tirf_RAW_Stack.tif,,,,,,,1,1062,66.40019000000001,70517.0,23,174,24.59119,175.43795,211.34365,156,67.42308,10518.0,21,174,36.79832,5,0,216.0,260.0,156,67.78846,10575.0,18,139,35.75689000000001,2,0,1.0259,mNG_PilG_fliC-,Solid,1.0,13.89244,13.89244
1,mNG_PilG_fliC-_sol_Microchannel_BR1_1_event30_tirf_RAW_Stack.tif,,,,,,,1,932,92.12876,85864.0,37,197,30.52087,270.93126,198.6484,208,83.89904,17451.0,34,162,34.35471,2,0,234.01504,227.28232000000003,208,88.96635,18505.0,19,197,41.66735,1,0,0.8936299999999999,mNG_PilG_fliC-,Solid,1.0,15.28885,15.28885
2,mNG_PilG_fliC-_sol_Microchannel_BR1_1_event30_tirf_RAW_Stack.tif,,,,,,,1,1420,132.0331,187487.0,49,476,60.38535,289.36996,368.66092,156,123.85256,19321.0,30,290,58.0499,6,0,257.0,288.0,156,193.84615,30240.0,48,476,106.49447,3,0,1.27608,mNG_PilG_fliC-,Solid,2.0,13.72604,13.72604
1,mNG_PilG_fliC-_sol_Microchannel_BR1_1_event4_tirf_RAW_Stack.tif,,,,,,,1,842,93.03325,78334.0,45,198,25.65399,211.06657,188.7287,177,83.0,14691.0,42,127,26.8671,0,0,165.0,176.0,177,94.40678,16710.0,37,198,38.1859,2,0,0.92232,mNG_PilG_fliC-,Solid,1.0,14.59194,14.59194
1,mNG_PilG_fliC-_sol_Microchannel_BR1_1_event5_tirf_RAW_Stack.tif,,,,,,,1,1371,116.92779,160308.0,52,396,46.63461,261.34648,287.2101,177,137.72881,24378.0,46,337,73.6915,4,0,233.0,213.0,177,149.72316,26501.0,61,396,74.4123,5,0,1.33575,mNG_PilG_fliC-,Solid,1.0,14.57997,14.57997
1,mNG_PilG_fliC-_sol_Microchannel_BR1_1_event6_tirf_RAW_Stack.tif,,,,,,,1,2428,122.29283,296927.0,38,332,44.24688,293.0,181.0,177,155.90395,27595.0,59,293,57.09867,3,0,293.0,181.0,177,155.90395,27595.0,59,293,57.09867,4,0,1.33759,mNG_PilG_fliC-,Solid,1.0,14.43303,14.43303
1,mNG_PilG_fliC-_sol_Microchannel_BR1_1_event7_tirf_RAW_Stack.tif,,,,,,,1,827,106.38452,87980.0,51,211,28.96507,304.5295,156.04092,177,99.36158,17587.0,35,163,30.40436,3,0,288.95554,196.14852,177,109.0452,19301.0,45,211,40.99083,4,0,0.9647,mNG_PilG_fliC-,Solid,1.0,14.92353,14.92353
1,mNG_PilG_fliC-_sol_Microchannel_BR1_1_event9_tirf_RAW_Stack.tif,,,,,,,1,844,88.44668,74649.0,44,246,34.980259999999994,173.0,220.0,137,101.06569,13846.0,37,246,55.52228,2,0,124.0,204.0,137,118.06569,16175.0,50,243,47.19051,1,0,1.3994,mNG_PilG_fliC-,Solid,1.0,12.73378,12.73378
1,mNG_PilG_fliC-_sol_Microchannel_BR2_0_event10_tirf_RAW_Stack.tif,,,,,,,2,872,102.06193,88998.0,42,371,47.64231,202.0,233.0,80,130.775,10462.0,70,213,36.08709,2,0,142.0,249.0,80,210.475,16838.0,78,371,76.4742,4,0,1.96903,mNG_PilG_fliC-,Solid,1.0,9.94937,9.94937
1,mNG_PilG_fliC-_sol_Microchannel_BR2_0_event11_tirf_RAW_Stack.tif,,,,,,,2,850,110.03059,93526.0,63,466,53.8481,303.38476,240.30991,80,128.3,10264.0,66,215,39.77004,1,0,239.52068,214.92882000000003,80,154.725,12378.0,62,461,106.48551,3,0,1.37751,mNG_PilG_fliC-,Solid,1.0,9.82993,9.82993
1,mNG_PilG_fliC-_sol_Microchannel_BR2_0_event12_tirf_RAW_Stack.tif,,,,,,,2,789,192.28264,151711.0,95,277,46.55276,250.7977,265.34216000000004,156,171.30768999999995,26724.0,71,260,55.09495,0,0,299.2267,266.12603,156,185.33333,28912.0,71,274,63.90197,0,0,0.88534,mNG_PilG_fliC-,Solid,1.0,13.65891,13.65891
1,mNG_PilG_fliC-_sol_Microchannel_BR2_0_event13_tirf_RAW_Stack.tif,,,,,,,2,689,124.67489,85901.0,53,553,89.03765,237.62807,263.4809,137,75.48905,10342.0,41,100,16.08485,0,0,199.0,266.0,137,252.87591,34644.0,89,553,132.14166,3,0,1.6653,mNG_PilG_fliC-,Solid,1.0,12.78011,12.78011
1,mNG_PilG_fliC-_sol_Microchannel_BR2_0_event14_tirf_RAW_Stack.tif,,,,,,,2,1060,78.45189,83159.0,40,183,23.648000000000003,188.21207,334.65767,156,79.58974,12416.0,29,161,33.64096,1,0,126.0,304.0,156,91.91026,14338.0,39,183,36.50848,1,0,1.13715,mNG_PilG_fliC-,Solid,1.0,13.36732,13.36732
1,mNG_PilG_fliC-_sol_Microchannel_BR2_0_event15_tirf_RAW_Stack.tif,,,,,,,2,1024,158.58887,162395.0,55,515,81.39215,307.0,209.0,156,182.46795,28465.0,55,419,90.04769,2,0,366.0,217.0,156,263.30769,41076.0,66,515,129.4291,2,0,1.7090900000000002,mNG_PilG_fliC-,Solid,1.0,13.688670000000002,13.688670000000002
1,mNG_PilG_fliC-_sol_Microchannel_BR2_0_event16_tirf_RAW_Stack.tif,,,,,,,2,1303,87.32694000000002,113787.0,50,279,27.817970000000006,212.12025,228.17447,177,85.70056,15169.0,42,161,28.17469,1,0,295.0,236.0,177,111.35028,19709.0,47,279,58.0197,3,0,1.18492,mNG_PilG_fliC-,Solid,1.0,14.43292,14.43292
1,mNG_PilG_fliC-_sol_Microchannel_BR2_0_event18_tirf_RAW_Stack.tif,,,,,,,2,883,91.3137,80630.0,46,228,28.12876,295.30184,231.19329,137,92.64964,12693.0,49,150,27.2679,0,0,281.0,283.0,137,109.15328,14954.0,39,228,52.85286,2,0,1.15979,mNG_PilG_fliC-,Solid,1.0,12.84376,12.84376
1,mNG_PilG_fliC-_sol_Microchannel_BR2_0_event19_tirf_RAW_Stack.tif,,,,,,,2,1296,81.19676,105231.0,37,352,41.39467,268.0,313.0,112,126.46429,14164.0,46,268,58.35275,3,0,193.0,272.0,112,159.24107,17835.0,66,352,72.99676,2,0,2.09114,mNG_PilG_fliC-,Solid,1.0,11.85515,11.85515
1,mNG_PilG_fliC-_sol_Microchannel_BR2_0_event2_tirf_RAW_Stack.tif,,,,,,,2,954,87.68239,83649.0,38,268,32.31259,332.95974,211.04204,69,66.53623,4591.0,53,100,9.50941,0,0,399.0,220.0,69,99.72464,6881.0,43,159,33.58741,0,0,0.93983,mNG_PilG_fliC-,Solid,1.0,8.1891,8.1891
1,mNG_PilG_fliC-_sol_Microchannel_BR2_0_event20_tirf_RAW_Stack.tif,,,,,,,2,1021,90.19099,92085.0,43,258,33.2174,265.41341,335.76542,177,102.0113,18056.0,36,258,53.78345,3,0,266.0,275.0,177,103.38418,18299.0,33,224,46.12396,1,0,1.2291299999999998,mNG_PilG_fliC-,Solid,1.0,14.51665,14.51665
1,mNG_PilG_fliC-_sol_Microchannel_BR2_0_event23_tirf_RAW_Stack.tif,,,,,,,2,1841,85.43455,157285.0,41,434,46.60331,337.74251,200.09407,293,110.99659,32522.0,42,335,64.42158,2,0,246.0,208.0,293,113.8157,33348.0,39,434,81.82591,3,0,1.54318,mNG_PilG_fliC-,Solid,1.0,18.64383,18.64383
1,mNG_PilG_fliC-_sol_Microchannel_BR2_0_event24_tirf_RAW_Stack.tif,,,,,,,2,1160,81.30345,94312.0,38,256,30.910870000000006,390.78959,176.43937,177,84.68927,14990.0,33,180,38.98105,0,0,328.0,143.0,177,114.13559,20202.0,46,256,49.89391,3,0,1.35532,mNG_PilG_fliC-,Solid,1.0,14.31744,14.31744
2,mNG_PilG_fliC-_sol_Microchannel_BR2_0_event24_tirf_RAW_Stack.tif,,,,,,,2,1221,78.51597,95868.0,35,255,31.54938,183.19039,341.48529,112,104.51786,11706.0,35,221,50.5109,2,0,116.0,297.0,112,126.49107,14167.0,54,255,50.53498,3,0,1.64523,mNG_PilG_fliC-,Solid,2.0,11.91394,11.91394
1,mNG_PilG_fliC-_sol_Microchannel_BR2_0_event25_tirf_RAW_Stack.tif,,,,,,,2,1252,81.27796,101760.0,41,255,31.09575,250.06585,225.66204,156,101.14103,15778.0,39,231,48.03728,2,0,183.0,189.0,156,110.16667,17186.0,50,255,50.57908,3,0,1.44361,mNG_PilG_fliC-,Solid,1.0,13.61705,13.61705
1,mNG_PilG_fliC-_sol_Microchannel_BR2_0_event26_tirf_RAW_Stack.tif,,,,,,,2,946,88.57928000000003,83796.0,42,217,29.43982,228.41471,250.91349,156,99.14103,15466.0,41,217,44.34708,1,0,268.0,210.0,156,101.83333,15886.0,42,210,42.7925,2,0,1.2148,mNG_PilG_fliC-,Solid,1.0,13.4703,13.4703
1,mNG_PilG_fliC-_sol_Microchannel_BR2_0_event27_tirf_RAW_Stack.tif,,,,,,,2,953,81.54774,77715.0,39,346,40.37919,247.19034,349.15971,156,64.76923000000001,10104.0,29,94,18.55414,0,0,203.0,320.0,156,134.62821,21002.0,53,346,72.47489,5,0,1.37113,mNG_PilG_fliC-,Solid,1.0,13.92839,13.92839
1,mNG_PilG_fliC-_sol_Microchannel_BR2_0_event28_tirf_RAW_Stack.tif,,,,,,,2,984,87.36179,85964.0,44,219,28.21822,336.70228,258.21629,177,94.61017,16746.0,40,184,34.44842,1,0,283.3616600000001,265.26383,177,107.16949,18969.0,42,219,42.76674000000001,3,0,1.26491,mNG_PilG_fliC-,Solid,1.0,14.79676,14.79676
1,mNG_PilG_fliC-_sol_Microchannel_BR2_0_event3_tirf_RAW_Stack.tif,,,,,,,2,822,92.14477,75743.0,50,363,42.88056,207.0,163.0,80,108.4875,8679.0,48,176,35.94088,1,0,214.0,98.0,80,184.75,14780.0,89,363,79.06455,3,0,1.85643,mNG_PilG_fliC-,Solid,1.0,9.82993,9.82993
1,mNG_PilG_fliC-_sol_Microchannel_BR2_0_event30_tirf_RAW_Stack.tif,,,,,,,2,1093,82.56908,90248.0,37,345,39.28696,263.35179,264.2411,208,82.77885,17218.0,38,187,34.34282,0,0,217.39345,287.25727,208,115.90865,24109.0,38,345,68.79485,1,0,1.37478,mNG_PilG_fliC-,Solid,1.0,15.771579999999998,15.771579999999998
1,mNG_PilG_fliC-_sol_Microchannel_BR2_0_event4_tirf_RAW_Stack.tif,,,,,,,2,610,109.29672,66671.0,56,191,26.35289,236.8545,237.17047,137,102.0292,13978.0,35,178,37.76844000000001,1,0,273.07958,226.60345,137,110.40146,15125.0,50,191,38.16421,0,0,0.94997,mNG_PilG_fliC-,Solid,1.0,12.26742,12.26742
1,mNG_PilG_fliC-_sol_Microchannel_BR2_0_event5_tirf_RAW_Stack.tif,,,,,,,2,792,87.41162,69230.0,48,192,21.83549,188.0,228.0,137,91.62044,12552.0,48,133,21.44594,0,0,225.0,266.0,137,98.89781,13549.0,41,192,39.97504,0,0,1.14411,mNG_PilG_fliC-,Solid,1.0,12.38476,12.38476
1,mNG_PilG_fliC-_sol_Microchannel_BR2_0_event6_tirf_RAW_Stack.tif,,,,,,,2,634,112.17981,71122.0,57,379,48.07389000000001,331.12143,250.92005,97,122.40206,11873.0,61,199,36.97653,0,0,311.54163,293.38741,97,176.08247,17080.0,60,379,85.93829000000002,3,0,1.55722,mNG_PilG_fliC-,Solid,1.0,10.53298,10.53298
1,mNG_PilG_fliC-_sol_Microchannel_BR2_0_event7_tirf_RAW_Stack.tif,,,,,,,2,862,99.13805,85457.0,53,269,30.49523,303.0,281.0,112,109.16071,12226.0,54,183,32.560559999999995,0,0,365.15457,279.20112,112,134.83928999999998,15102.0,48,269,58.15954,0,0,1.33902,mNG_PilG_fliC-,Solid,1.0,11.93511,11.93511
1,mNG_PilG_fliC-_sol_Microchannel_BR2_0_event8_tirf_RAW_Stack.tif,,,,,,,2,670,76.3194,51134.0,42,187,22.82813,284.98123,255.17105,97,86.0,8342.0,49,128,23.56551,0,0,236.85334,269.26666,97,102.54639,9947.0,41,187,40.3908,1,0,1.36624,mNG_PilG_fliC-,Solid,1.0,10.30716,10.30716
1,mNG_PilG_fliC-_sol_Microchannel_BR3_0_event10_tirf_RAW_Stack.tif,,,,,,,3,1050,137.03619,143888.0,68,462,59.02886,335.3569,248.21332,156,137.07692,21384.0,53,258,56.70905,2,0,274.0,238.0,156,222.85256,34765.0,84,462,98.84963,2,0,1.51374,mNG_PilG_fliC-,Solid,1.0,13.37904,13.37904
1,mNG_PilG_fliC-_sol_Microchannel_BR3_0_event11_tirf_RAW_Stack.tif,,,,,,,3,792,77.84975,61657.0,36,157,22.46394,226.0,280.0,156,81.50641,12715.0,36,139,26.15426,1,0,190.11512,302.64268,156,87.69872,13681.0,42,157,29.46215,1,0,1.15168,mNG_PilG_fliC-,Solid,1.0,13.95224,13.95224
1,mNG_PilG_fliC-_sol_Microchannel_BR3_0_event12_tirf_RAW_Stack.tif,,,,,,,3,1140,59.95701999999999,68351.0,18,275,35.49597,241.0,280.0,156,102.78846,16035.0,29,275,61.3,1,0,241.0,280.0,156,102.78846,16035.0,29,275,61.3,2,0,2.34582,mNG_PilG_fliC-,Solid,1.0,13.45362,13.45362
1,mNG_PilG_fliC-_sol_Microchannel_BR3_0_event14_tirf_RAW_Stack.tif,,,,,,,3,1107,82.42367,91243.0,47,198,22.163220000000006,281.22253,209.43119,177,83.88701,14848.0,40,167,29.94253,2,0,337.09904,174.0786,177,92.77401,16421.0,43,198,37.45929,3,0,1.10903,mNG_PilG_fliC-,Solid,1.0,14.34661,14.34661
1,mNG_PilG_fliC-_sol_Microchannel_BR3_0_event15_tirf_RAW_Stack.tif,,,,,,,3,1081,70.50046,76211.0,32,174,24.05169,336.0,306.0,156,90.10256,14056.0,35,162,31.62016,1,0,277.0,331.0,156,91.61538,14292.0,37,174,35.08303,0,0,1.4598,mNG_PilG_fliC-,Solid,1.0,13.44622,13.44622
1,mNG_PilG_fliC-_sol_Microchannel_BR3_0_event16_tirf_RAW_Stack.tif,,,,,,,3,917,72.20829,66215.0,40,230,26.4269,160.76131,274.69649,156,74.27564,11587.0,38,112,19.55491,0,0,109.0,258.0,156,101.02564,15760.0,41,230,47.07015,2,0,1.3643299999999998,mNG_PilG_fliC-,Solid,1.0,13.30074,13.30074
1,mNG_PilG_fliC-_sol_Microchannel_BR3_0_event17_tirf_RAW_Stack.tif,,,,,,,3,1188,81.02189,96254.0,38,241,31.17064,204.0,246.0,156,104.39744,16286.0,39,224,44.03396,2,0,171.0,310.0,156,106.14744,16559.0,42,241,49.83933,3,0,1.45435,mNG_PilG_fliC-,Solid,1.0,13.26219,13.26219
1,mNG_PilG_fliC-_sol_Microchannel_BR3_0_event18_tirf_RAW_Stack.tif,,,,,,,3,974,78.56775999999998,76525.0,37,242,28.1328,246.95269,251.76187,177,80.49718,14248.0,39,160,30.7732,0,0,189.0,253.0,177,96.59887,17098.0,40,242,47.56673,0,0,1.21516,mNG_PilG_fliC-,Solid,1.0,14.17674,14.17674
1,mNG_PilG_fliC-_sol_Microchannel_BR3_0_event19_tirf_RAW_Stack.tif,,,,,,,3,811,79.90136,64800.0,37,251,31.19493,283.98385,308.53891,156,67.33974,10505.0,32,102,20.19629,0,0,247.0,330.0,156,112.62821,17570.0,45,251,49.84754,0,0,1.22265,mNG_PilG_fliC-,Solid,1.0,13.95965,13.95965
1,mNG_PilG_fliC-_sol_Microchannel_BR3_0_event2_tirf_RAW_Stack.tif,,,,,,,3,1149,94.03568,108047.0,43,284,38.96563,288.0,303.0,177,108.62712,19227.0,39,284,63.14645,0,0,227.0,274.0,177,121.60452,21524.0,46,271,55.29211,2,0,1.35992,mNG_PilG_fliC-,Solid,1.0,14.59194,14.59194
1,mNG_PilG_fliC-_sol_Microchannel_BR3_0_event20_tirf_RAW_Stack.tif,,,,,,,3,894,77.23154,69045.0,38,179,24.81445,199.0,236.0,156,87.88462,13710.0,38,168,32.9018,1,0,250.0,238.0,156,90.41667,14105.0,41,179,37.1242,0,0,1.25844,mNG_PilG_fliC-,Solid,1.0,13.59027,13.59027
1,mNG_PilG_fliC-_sol_Microchannel_BR3_0_event21_tirf_RAW_Stack.tif,,,,,,,3,763,73.61861,56171.0,38,228,27.2,252.0,237.0,137,71.37956,9779.0,31,109,19.22741,1,0,266.0,280.0,137,99.9635,13695.0,38,228,48.50355,3,0,1.28126,mNG_PilG_fliC-,Solid,1.0,12.76498,12.76498
1,mNG_PilG_fliC-_sol_Microchannel_BR3_0_event22_tirf_RAW_Stack.tif,,,,,,,3,1109,82.81335,91840.0,43,332,36.48743,221.0,237.0,137,93.23358,12773.0,40,174,31.17061,1,0,287.0,269.0,137,130.94891,17940.0,42,332,75.70456999999998,2,0,1.53118,mNG_PilG_fliC-,Solid,1.0,12.30651,12.30651
1,mNG_PilG_fliC-_sol_Microchannel_BR3_0_event23_tirf_RAW_Stack.tif,,,,,,,3,755,77.50993000000003,58520.0,37,178,23.29384,202.0,208.0,156,79.16026,12349.0,39,127,22.10401,1,0,227.90029,241.57392,156,85.05769000000002,13269.0,28,178,38.0199,2,0,1.10553,mNG_PilG_fliC-,Solid,1.0,13.60147,13.60147
1,mNG_PilG_fliC-_sol_Microchannel_BR3_0_event24_tirf_RAW_Stack.tif,,,,,,,3,1152,70.78125,81540.0,39,171,19.80936,292.8523,363.53675,156,76.49359,11933.0,38,148,29.10193,2,0,301.0,285.0,156,84.01923000000002,13107.0,36,171,32.88386,2,0,1.19319,mNG_PilG_fliC-,Solid,1.0,13.0384,13.0384
1,mNG_PilG_fliC-_sol_Microchannel_BR3_0_event25_tirf_RAW_Stack.tif,,,,,,,3,1097,72.60802,79651.0,34,206,25.36413,156.19558,274.94612,177,76.10734000000002,13471.0,30,170,35.80574,2,0,107.0,234.0,177,90.71186,16056.0,39,206,40.57627,1,0,1.2364,mNG_PilG_fliC-,Solid,1.0,14.15985,14.15985
1,mNG_PilG_fliC-_sol_Microchannel_BR3_0_event26_tirf_RAW_Stack.tif,,,,,,,3,1123,90.78094,101947.0,40,362,41.96378,209.0,229.0,156,111.42308,17382.0,56,214,39.37463,2,0,250.87501,277.38299,156,138.91666999999998,21671.0,44,362,78.26168,2,0,1.61403,mNG_PilG_fliC-,Solid,1.0,13.93791,13.93791
1,mNG_PilG_fliC-_sol_Microchannel_BR3_0_event27_tirf_RAW_Stack.tif,,,,,,,3,672,88.81101,59681.0,42,260,31.37103,249.3877,266.81843,137,76.83941999999998,10527.0,38,105,18.80012,0,0,259.0,230.0,137,115.51825,15826.0,39,260,51.89116,1,0,1.14856,mNG_PilG_fliC-,Solid,1.0,12.67083,12.67083
1,mNG_PilG_fliC-_sol_Microchannel_BR3_0_event28_tirf_RAW_Stack.tif,,,,,,,3,1164,73.0043,84977.0,36,214,24.74035,305.89792,325.71427,156,77.40385,12075.0,26,155,32.51377,3,0,244.0,287.0,156,101.47436,15830.0,46,214,39.72802,1,0,1.33519,mNG_PilG_fliC-,Solid,1.0,13.86094,13.86094
1,mNG_PilG_fliC-_sol_Microchannel_BR3_0_event29_tirf_RAW_Stack.tif,,,,,,,3,781,77.39820999999998,60448.0,41,137,17.79741,285.05625,259.3241,137,68.59854,9398.0,37,107,17.482120000000002,2,0,305.0,220.0,137,84.85401,11625.0,42,137,24.48936,2,0,0.98669,mNG_PilG_fliC-,Solid,1.0,12.89286,12.89286
1,mNG_PilG_fliC-_sol_Microchannel_BR3_0_event3_tirf_RAW_Stack.tif,,,,,,,3,530,90.01321,47707.0,52,152,20.13456,315.95396,258.36483,137,89.40146,12248.0,49,152,27.27298,0,0,302.0,234.0,137,98.79562,13535.0,59,137,18.72523,1,0,1.09876,mNG_PilG_fliC-,Solid,1.0,12.81148,12.81148
1,mNG_PilG_fliC-_sol_Microchannel_BR3_0_event30_tirf_RAW_Stack.tif,,,,,,,3,839,71.30274,59823.0,35,174,20.82445,268.0,311.0,177,65.22599,11545.0,35,93,15.976720000000002,1,0,277.0,267.0,177,78.9774,13979.0,35,174,33.079609999999995,2,0,1.01954,mNG_PilG_fliC-,Solid,1.0,14.2443,14.2443
1,mNG_PilG_fliC-_sol_Microchannel_BR3_0_event31_tirf_RAW_Stack.tif,,,,,,,3,1409,77.95245,109835.0,37,260,26.38795,212.39205,157.58997,177,76.0,13452.0,27,156,30.301890000000004,2,0,163.0,226.0,177,100.0565,17710.0,36,260,53.72676,3,0,1.18045,mNG_PilG_fliC-,Solid,1.0,14.48875,14.48875
1,mNG_PilG_fliC-_sol_Microchannel_BR3_0_event4_tirf_RAW_Stack.tif,,,,,,,3,814,80.51474,65539.0,25,400,51.53865,260.93059,251.08043,156,71.75,11193.0,22,157,34.42947,2,0,240.0,209.0,156,136.15385,21240.0,34,400,90.69148,4,0,1.57627,mNG_PilG_fliC-,Solid,1.0,13.33605,13.33605
1,mNG_PilG_fliC-_sol_Microchannel_BR3_0_event6_tirf_RAW_Stack.tif,,,,,,,3,782,72.23146,56485.0,39,188,26.54427,238.60841,274.3235,156,54.10896999999999,8441.0,35,168,20.76243,2,0,278.0,304.0,156,84.15385,13128.0,37,169,34.48911,0,0,0.93057,mNG_PilG_fliC-,Solid,1.0,13.0384,13.0384
2,mNG_PilG_fliC-_sol_Microchannel_BR3_0_event6_tirf_RAW_Stack.tif,,,,,,,3,658,75.87538,49926.0,40,204,25.32209,332.0,267.0,112,90.73214,10162.0,47,142,23.95603,2,0,364.0,246.0,112,100.4375,11249.0,45,204,39.13589,1,0,1.45481,mNG_PilG_fliC-,Solid,2.0,11.7424,11.7424
1,mNG_PilG_fliC-_sol_Microchannel_BR3_0_event7_tirf_RAW_Stack.tif,,,,,,,3,856,65.04907,55682.0,32,112,15.42353,173.67266,301.5815100000001,177,60.59887,10726.0,39,89,13.69815,1,0,135.08751,325.02448,177,68.72316,12164.0,34,112,21.17211,2,0,0.98987,mNG_PilG_fliC-,Solid,1.0,14.54132,14.54132
1,mNG_PilG_fliC-_sol_Microchannel_BR3_0_event8_tirf_RAW_Stack.tif,,,,,,,3,752,57.375,43146.0,12,141,22.12247,268.02619,285.14697,112,39.46429000000001,4420.0,18,89,13.54135,0,0,274.0,293.0,112,72.70536,8143.0,35,117,23.58448,2,0,0.96828,mNG_PilG_fliC-,Solid,1.0,11.88862,11.88862
1,mNG_PilG_fliC-_sol_Microchannel_BR3_0_event9_tirf_RAW_Stack.tif,,,,,,,3,1183,71.35672,84415.0,35,243,26.74631,357.1446,361.7983200000001,137,67.81752,9291.0,32,115,23.47033,2,0,349.0,286.0,137,116.64964,15981.0,49,243,47.80838,0,0,1.41759,mNG_PilG_fliC-,Solid,1.0,12.5208,12.5208
1,mNG_PilG_fliC-_sol_Microchannel_BR4_0_event10_tirf_RAW_Stack.tif,,,,,,,4,734,89.05722,65368.0,41,300,41.63994,216.0,238.0,80,112.675,9014.0,41,187,39.16592,6,0,162.0,227.0,80,173.3125,13865.0,86,300,61.51929000000001,4,0,1.93176,mNG_PilG_fliC-,Solid,1.0,9.5,9.5
1,mNG_PilG_fliC-_sol_Microchannel_BR4_0_event11_tirf_RAW_Stack.tif,,,,,,,4,914,67.69147,61870.0,24,371,48.39085,209.0,297.0,80,70.35,5628.0,30,130,28.24132,3,0,256.0,240.0,80,185.0375,14803.0,43,371,90.18974,4,0,2.32344,mNG_PilG_fliC-,Solid,1.0,9.2202,9.2202
1,mNG_PilG_fliC-_sol_Microchannel_BR4_0_event12_tirf_RAW_Stack.tif,,,,,,,4,1798,71.01835,127691.0,35,279,34.37286,239.0,328.0,97,94.60825,9177.0,37,176,35.56261,6,0,296.0,226.0,97,162.06186,15720.0,64,279,61.46269,5,0,2.00254,mNG_PilG_fliC-,Solid,1.0,10.51366,10.51366
1,mNG_PilG_fliC-_sol_Microchannel_BR4_0_event13_tirf_RAW_Stack.tif,,,,,,,4,921,62.14875,57239.0,31,129,16.59212,281.0,233.0,52,78.5,4082.0,48,101,15.89858,0,0,233.0,258.0,52,93.25,4849.0,54,129,21.19274,2,0,1.45234,mNG_PilG_fliC-,Solid,1.0,7.93342,7.93342
1,mNG_PilG_fliC-_sol_Microchannel_BR4_0_event14_tirf_RAW_Stack.tif,,,,,,,4,1060,63.42264,67228.0,20,230,32.46351,265.0,211.0,177,75.76271,13410.0,19,166,39.97002,2,0,218.0,185.0,177,92.74576,16416.0,18,230,49.85659,6,0,1.59038,mNG_PilG_fliC-,Solid,1.0,14.1774,14.1774
1,mNG_PilG_fliC-_sol_Microchannel_BR4_0_event15_tirf_RAW_Stack.tif,,,,,,,4,1005,63.60896,63927.0,32,140,17.894820000000006,238.93315,237.99616,177,60.96045,10790.0,29,117,21.4964,1,0,252.71032,297.85717,177,67.0565,11869.0,27,140,28.419490000000003,3,0,1.00973,mNG_PilG_fliC-,Solid,1.0,14.51665,14.51665
1,mNG_PilG_fliC-_sol_Microchannel_BR4_0_event16_tirf_RAW_Stack.tif,,,,,,,4,920,59.725,54947.0,32,169,20.90981,262.55678,296.82479,137,67.80292,9289.0,28,129,27.39843,1,0,214.0,270.0,137,80.85401,11077.0,34,169,33.43817,5,0,1.38851,mNG_PilG_fliC-,Solid,1.0,12.60328,12.60328
1,mNG_PilG_fliC-_sol_Microchannel_BR4_0_event17_tirf_RAW_Stack.tif,,,,,,,4,1097,49.34275,54129.0,27,88,11.01505,241.0,372.0,177,48.14124,8521.0,25,70,11.28642,0,0,240.0,433.0,177,53.97175,9553.0,26,88,15.96033,2,0,1.05214,mNG_PilG_fliC-,Solid,1.0,14.31782,14.31782
1,mNG_PilG_fliC-_sol_Microchannel_BR4_0_event19_tirf_RAW_Stack.tif,,,,,,,4,868,60.80991,52783.0,33,147,19.77397,236.49273,265.11531,177,66.50282,11771.0,30,144,27.96896,2,0,250.94052,221.02647,177,71.24294,12610.0,37,147,26.54826,1,0,1.24641,mNG_PilG_fliC-,Solid,1.0,14.64414,14.64414
1,mNG_PilG_fliC-_sol_Microchannel_BR4_0_event2_tirf_RAW_Stack.tif,,,,,,,4,1292,73.57972,95065.0,21,307,39.48545,265.83663,235.12413,156,80.5641,12568.0,18,202,47.40467,3,0,302.0,160.0,156,127.73718,19927.0,18,307,71.93330999999998,5,0,1.63126,mNG_PilG_fliC-,Solid,1.0,13.0495,13.0495
1,mNG_PilG_fliC-_sol_Microchannel_BR4_0_event20_tirf_RAW_Stack.tif,,,,,,,4,830,71.11686999999998,59027.0,34,155,23.51679,209.5462,315.57915,156,79.33333,12376.0,34,154,32.47974,0,0,230.0,273.0,156,83.85897,13082.0,35,155,30.67193,2,0,1.2591,mNG_PilG_fliC-,Solid,1.0,13.81454,13.81454
1,mNG_PilG_fliC-_sol_Microchannel_BR4_0_event22_tirf_RAW_Stack.tif,,,,,,,4,1335,67.29288000000001,89836.0,16,334,42.63322,251.0,315.0,112,95.26786,10670.0,28,190,45.37531,2,0,173.0,289.0,112,164.25893,18397.0,59,334,74.65871,5,0,2.37238,mNG_PilG_fliC-,Solid,1.0,11.6833,11.6833
1,mNG_PilG_fliC-_sol_Microchannel_BR4_0_event25_tirf_RAW_Stack.tif,,,,,,,4,753,94.29216,71002.0,31,404,68.5715,227.0,268.0,137,81.87591,11217.0,31,186,39.68172,6,0,278.97767000000005,265.57355,137,189.16788,25916.0,42,404,109.65639,6,0,1.91665,mNG_PilG_fliC-,Solid,1.0,12.09915,12.09915
1,mNG_PilG_fliC-_sol_Microchannel_BR4_0_event27_tirf_RAW_Stack.tif,,,,,,,4,860,74.67558000000002,64221.0,17,195,25.5991,276.11818,303.66136,137,51.0438,6993.0,15,171,33.45824,2,0,242.66136,337.11818,137,52.9854,7259.0,4,125,31.79437,3,0,0.6099899999999999,mNG_PilG_fliC-,Solid,1.0,12.20454,12.20454
1,mNG_PilG_fliC-_sol_Microchannel_BR4_0_event28_tirf_RAW_Stack.tif,,,,,,,4,831,77.1781,64135.0,42,257,34.09995,158.01193,279.54483,69,99.36232,6856.0,41,253,54.03974,3,0,229.0,284.0,69,121.53623,8386.0,55,207,42.82714,2,0,1.56549,mNG_PilG_fliC-,Solid,1.0,8.09752,8.09752
1,mNG_PilG_fliC-_sol_Microchannel_BR4_0_event29_tirf_RAW_Stack.tif,,,,,,,4,819,60.80464,49799.0,38,124,13.17824,292.0,296.0,137,56.75912,7776.0,30,77,13.11069,1,0,266.0,249.0,137,73.56204,10078.0,37,124,21.0108,3,0,1.11168,mNG_PilG_fliC-,Solid,1.0,12.15551,12.15551
1,mNG_PilG_fliC-_sol_Microchannel_BR4_0_event3_tirf_RAW_Stack.tif,,,,,,,4,582,83.61856,48666.0,29,260,40.96204,270.18934,230.6864,37,86.2973,3193.0,44,186,36.43172,4,0,223.77375,259.25356,37,121.0,4477.0,40,252,65.79851,2,0,1.28436,mNG_PilG_fliC-,Solid,1.0,6.55553,6.55553
1,mNG_PilG_fliC-_sol_Microchannel_BR4_0_event30_tirf_RAW_Stack.tif,,,,,,,4,798,69.6792,55604.0,39,183,19.70548,269.69435,248.24709,137,61.88321,8478.0,26,104,21.93576,1,0,215.0,246.0,137,84.81752,11620.0,37,183,36.9358,3,0,1.08251,mNG_PilG_fliC-,Solid,1.0,12.70088,12.70088
1,mNG_PilG_fliC-_sol_Microchannel_BR4_0_event31_tirf_RAW_Stack.tif,,,,,,,4,667,104.01049,69375.0,48,294,42.65602,329.0,212.0,97,125.50515,12174.0,55,219,43.41518,3,0,288.0,233.0,97,159.72165,15493.0,56,294,67.91796,4,0,1.61734,mNG_PilG_fliC-,Solid,1.0,10.53298,10.53298
1,mNG_PilG_fliC-_sol_Microchannel_BR4_0_event32_tirf_RAW_Stack.tif,,,,,,,4,788,69.42259,54705.0,43,232,26.63925,246.89668,267.36329,112,58.41964,6543.0,30,77,11.25514,1,0,199.0,243.0,112,115.0,12880.0,54,232,46.23637,4,0,1.3861,mNG_PilG_fliC-,Solid,1.0,11.48844,11.48844
1,mNG_PilG_fliC-_sol_Microchannel_BR4_0_event5_tirf_RAW_Stack.tif,,,,,,,4,752,79.98404000000002,60148.0,20,218,32.94938,185.0,247.0,112,92.78571,10392.0,22,211,43.19627,2,0,221.90994,280.72403,112,109.76786,12294.0,26,218,53.72167,4,0,1.42742,mNG_PilG_fliC-,Solid,1.0,11.83428,11.83428
1,mNG_PilG_fliC-_sol_Microchannel_BR4_0_event6_tirf_RAW_Stack.tif,,,,,,,4,695,77.26043,53696.0,26,304,41.50025,300.0,263.0,97,88.7732,8611.0,20,184,45.1893,4,0,250.0,253.0,97,137.02062,13291.0,40,304,71.03916,3,0,1.77899,mNG_PilG_fliC-,Solid,1.0,10.74342,10.74342
1,mNG_PilG_fliC-_sol_Microchannel_BR4_0_event7_tirf_RAW_Stack.tif,,,,,,,4,838,55.39141,46418.0,37,119,11.43438,297.0,200.0,112,55.22321,6185.0,31,70,9.90924,0,0,279.0,145.0,112,68.19643,7638.0,37,119,21.15061,2,0,1.16244,mNG_PilG_fliC-,Solid,1.0,11.56982,11.56982
1,mNG_PilG_fliC-_sol_Microchannel_BR4_0_event9_tirf_RAW_Stack.tif,,,,,,,4,854,70.27283,60013.0,38,202,21.92039,163.97442,292.89934,137,61.26277,8393.0,36,85,13.35118,1,0,109.0,290.0,137,98.75182,13529.0,51,202,38.07882,2,0,1.21825,mNG_PilG_fliC-,Solid,1.0,12.18466,12.18466
1,mNG_PilG_fliC-_sol_Microchannel_BR5_0_event1_tirf_RAW_Stack.tif,,,,,,,5,981,50.97044,50002.0,22,99,14.02731,246.63254,248.68195,112,40.05357,4486.0,18,75,14.15731,0,0,289.8463700000001,297.7735,112,52.82143000000001,5916.0,11,99,21.61715,3,0,0.88771,mNG_PilG_fliC-,Solid,1.0,11.85175,11.85175
1,mNG_PilG_fliC-_sol_Microchannel_BR5_0_event10_tirf_RAW_Stack.tif,,,,,,,5,1086,44.29742,48107.0,27,86,9.61704,183.18027,136.2463,137,36.62044,5017.0,24,75,10.39523,0,0,246.0,170.0,137,41.20438,5645.0,25,59,9.30776,4,0,0.8438200000000001,mNG_PilG_fliC-,Solid,1.0,12.22681,12.22681
1,mNG_PilG_fliC-_sol_Microchannel_BR5_0_event11_tirf_RAW_Stack.tif,,,,,,,5,2286,57.95144000000001,132477.0,11,326,40.0986,265.0,373.0,112,88.83929,9950.0,15,194,48.20649,5,0,265.58776,373.38999,112,88.83929,9950.0,15,194,48.20649,5,0,1.62721,mNG_PilG_fliC-,Solid,1.0,11.40175,11.40175
1,mNG_PilG_fliC-_sol_Microchannel_BR5_0_event12_tirf_RAW_Stack.tif,,,,,,,5,917,37.78844,34652.0,10,134,20.18471,201.0,232.0,112,53.5,5992.0,20,89,19.85488,2,0,253.0,256.0,112,63.52679000000001,7115.0,14,134,34.88487,3,0,1.8821,mNG_PilG_fliC-,Solid,1.0,11.67293,11.67293
1,mNG_PilG_fliC-_sol_Microchannel_BR5_0_event13_tirf_RAW_Stack.tif,,,,,,,5,1136,49.01496,55681.0,25,155,16.632929999999998,323.0,286.0,112,54.28571,6080.0,25,94,16.59123,4,0,273.0,342.0,112,80.86607,9057.0,43,155,29.49622,5,0,1.52006,mNG_PilG_fliC-,Solid,1.0,11.73288,11.73288
1,mNG_PilG_fliC-_sol_Microchannel_BR5_0_event14_tirf_RAW_Stack.tif,,,,,,,5,906,54.39073000000001,49278.0,27,137,17.53726,281.44759,279.60955,177,57.69492,10212.0,26,107,21.04453,2,0,242.0,312.0,177,65.06215,11516.0,28,137,27.774490000000004,1,0,1.2298,mNG_PilG_fliC-,Solid,1.0,14.4329,14.4329
1,mNG_PilG_fliC-_sol_Microchannel_BR5_0_event15_tirf_RAW_Stack.tif,,,,,,,5,1000,47.82899999999999,47829.0,27,94,11.2312,194.0,275.0,112,53.35714,5976.0,35,81,12.287,1,0,138.0,248.0,112,59.53571,6668.0,38,94,15.2019,2,0,1.24492,mNG_PilG_fliC-,Solid,1.0,11.84151,11.84151
1,mNG_PilG_fliC-_sol_Microchannel_BR5_0_event16_tirf_RAW_Stack.tif,,,,,,,5,1012,55.29941,55963.0,28,140,16.71931,196.0,290.0,156,59.60256,9298.0,29,107,18.5586,1,0,254.69,317.23397,156,68.91667,10751.0,27,140,29.70043,3,0,1.25248,mNG_PilG_fliC-,Solid,1.0,13.77927,13.77927
1,mNG_PilG_fliC-_sol_Microchannel_BR5_0_event2_tirf_RAW_Stack.tif,,,,,,,5,614,61.38111,37688.0,35,119,14.82254,349.33688,248.60045,112,63.64286,7128.0,38,86,14.21004,1,0,313.0,259.0,112,76.33036,8549.0,45,119,19.47204,4,0,1.24005,mNG_PilG_fliC-,Solid,1.0,11.76985,11.76985
1,mNG_PilG_fliC-_sol_Microchannel_BR5_0_event3_tirf_RAW_Stack.tif,,,,,,,5,1863,75.26302,140215.0,41,230,24.06386,184.0,243.0,112,100.40179,11245.0,52,178,33.896359999999994,3,0,311.0,301.0,112,124.21429,13912.0,45,230,51.66828,6,0,1.59983,mNG_PilG_fliC-,Solid,1.0,11.18941,11.18941
1,mNG_PilG_fliC-_sol_Microchannel_BR5_0_event5_tirf_RAW_Stack.tif,,,,,,,5,806,165.8933,133710.0,75,464,63.67531,258.55045,247.62276,137,135.0292,18499.0,42,247,53.72273000000001,0,0,232.0,207.0,137,259.76642000000004,35588.0,133,464,86.37378000000002,0,0,1.31891,mNG_PilG_fliC-,Solid,1.0,12.77717,12.77717
1,mNG_PilG_fliC-_sol_Microchannel_BR5_0_event7_tirf_RAW_Stack.tif,,,,,,,5,865,78.63931,68023.0,24,468,69.81026999999999,99.05743,205.85935,97,65.25773000000001,6330.0,26,105,18.12875,1,0,153.0,228.0,97,213.81443,20740.0,24,468,135.50133,9,0,2.28625,mNG_PilG_fliC-,Solid,1.0,10.77678,10.77678
1,mNG_PilG_fliC-_sol_Microchannel_BR5_0_event9_tirf_RAW_Stack.tif,,,,,,,5,1155,60.97922,70431.0,19,190,29.9075,152.11514,203.41181,80,35.6625,2853.0,22,51,6.06493,5,0,178.93221,218.19035,80,40.1625,3213.0,17,68,14.83022,0,0,0.58608,mNG_PilG_fliC-,Solid,1.0,9.24003,9.24003
1,mNG_PilG_fliC-_sol_Microchannel_BR6_0_event1_tirf_RAW_Stack.tif,,,,,,,6,1177,51.46134,60570.0,30,121,13.56449,243.0,377.0,156,55.95513,8729.0,28,97,17.71143,3,0,195.0,324.0,156,63.42949,9895.0,29,121,21.75527,3,0,1.23096,mNG_PilG_fliC-,Solid,1.0,13.90707,13.90707
1,mNG_PilG_fliC-_sol_Microchannel_BR6_0_event10_tirf_RAW_Stack.tif,,,,,,,6,1066,72.52158,77308.0,37,288,37.61957,258.0,311.0,80,74.5375,5963.0,44,110,17.62546,1,0,226.99178,229.38192,80,113.4625,9077.0,46,288,70.67951,3,0,1.3677,mNG_PilG_fliC-,Solid,1.0,9.62671,9.62671
1,mNG_PilG_fliC-_sol_Microchannel_BR6_0_event11_tirf_RAW_Stack.tif,,,,,,,6,2428,30.74918,74659.0,6,200,23.10752,267.43319,366.22756,37,12.91892,478.0,3,23,5.62918,3,0,307.78676,388.44622,37,17.43243,645.0,12,25,3.44432,4,0,0.4858,mNG_PilG_fliC-,Solid,1.0,6.59771,6.59771
1,mNG_PilG_fliC-_sol_Microchannel_BR6_0_event13_tirf_RAW_Stack.tif,,,,,,,6,962,52.19543,50212.0,32,97,12.48071,299.10037,183.26806,156,40.28205,6284.0,26,63,9.83791,0,0,343.0,199.0,156,63.76923000000001,9948.0,34,97,16.66747,2,0,0.99519,mNG_PilG_fliC-,Solid,1.0,13.8412,13.8412
1,mNG_PilG_fliC-_sol_Microchannel_BR6_0_event15_tirf_RAW_Stack.tif,,,,,,,6,567,66.68078,37808.0,33,110,13.23765,325.47869,219.45312,137,60.28467,8259.0,23,84,13.94524,2,0,312.0,188.0,137,74.10949000000002,10153.0,42,110,17.00851,2,0,1.01509,mNG_PilG_fliC-,Solid,1.0,12.18604,12.18604
1,mNG_PilG_fliC-_sol_Microchannel_BR6_0_event16_tirf_RAW_Stack.tif,,,,,,,6,700,28.51,19957.0,7,75,12.57111,234.0,274.0,80,42.3375,3387.0,19,72,13.96736,1,0,277.0,273.0,80,45.025,3602.0,11,75,17.15896,3,0,1.81893,mNG_PilG_fliC-,Solid,1.0,9.68466,9.68466
1,mNG_PilG_fliC-_sol_Microchannel_BR6_0_event17_tirf_RAW_Stack.tif,,,,,,,6,1014,43.5927,44203.0,27,80,9.16401,371.15321,394.67338,156,42.0,6552.0,24,66,10.87287,3,0,322.0,369.0,156,51.6859,8063.0,29,80,12.74656,2,0,1.11139,mNG_PilG_fliC-,Solid,1.0,13.453829999999998,13.453829999999998
1,mNG_PilG_fliC-_sol_Microchannel_BR6_0_event18_tirf_RAW_Stack.tif,,,,,,,6,1216,38.02878,46243.0,12,137,16.53668,291.0,310.0,156,38.58333,6019.0,14,77,18.15416,1,0,239.0,260.0,156,51.59615,8049.0,13,137,29.91381,2,0,1.26686,mNG_PilG_fliC-,Solid,1.0,13.12994,13.12994
1,mNG_PilG_fliC-_sol_Microchannel_BR6_0_event2_tirf_RAW_Stack.tif,,,,,,,6,997,54.6339,54470.0,31,143,17.002760000000002,304.0,254.0,137,60.94161,8349.0,30,113,22.31814,2,0,239.13171,243.21021,137,71.05839,9735.0,38,143,27.12953,2,0,1.31144,mNG_PilG_fliC-,Solid,1.0,12.5,12.5
1,mNG_PilG_fliC-_sol_Microchannel_BR6_0_event23_tirf_RAW_Stack.tif,,,,,,,6,1171,45.10162,52814.0,29,68,8.2808,196.63099,256.42207,156,34.35897,5360.0,20,55,7.42702,3,0,127.0,234.0,156,48.53846,7572.0,27,68,9.99509,2,0,0.89274,mNG_PilG_fliC-,Solid,1.0,13.7419,13.7419
1,mNG_PilG_fliC-_sol_Microchannel_BR6_0_event24_tirf_RAW_Stack.tif,,,,,,,6,932,62.10621999999999,57883.0,31,111,14.88872,270.44176,237.56922000000003,208,54.51923000000001,11340.0,29,80,14.48336,0,0,282.00081,287.55856,208,62.98558000000001,13101.0,25,111,24.37756,1,0,0.90653,mNG_PilG_fliC-,Solid,1.0,15.410620000000002,15.410620000000002
1,mNG_PilG_fliC-_sol_Microchannel_BR6_0_event25_tirf_RAW_Stack.tif,,,,,,,6,1208,50.10182,60523.0,28,142,18.0547,248.0,348.0,177,50.62147,8960.0,33,70,8.626610000000001,1,0,274.0,396.0,177,77.09605,13646.0,33,142,29.39633,1,0,1.43828,mNG_PilG_fliC-,Solid,1.0,14.03529,14.03529
1,mNG_PilG_fliC-_sol_Microchannel_BR6_0_event3_tirf_RAW_Stack.tif,,,,,,,6,849,56.96349,48362.0,31,112,13.91839,176.14591,289.63449,177,54.52542,9651.0,26,85,16.19732,1,0,141.90814,316.43462,177,60.62712,10731.0,29,112,19.89509,2,0,1.01859,mNG_PilG_fliC-,Solid,1.0,14.93303,14.93303
1,mNG_PilG_fliC-_sol_Microchannel_BR6_0_event4_tirf_RAW_Stack.tif,,,,,,,6,1614,38.08736,61473.0,9,135,17.10756,285.33089,230.52666,156,21.42308,3342.0,7,57,10.7907,0,0,230.23057000000003,255.58991,156,28.0641,4378.0,5,57,13.93009,5,0,0.59934,mNG_PilG_fliC-,Solid,1.0,13.683229999999998,13.683229999999998
